label	time	source	prediction	AH	AT_CA	AT_CH	AT_I1	AT_I2	AT_M	AT_O1	AT_O2	AT_S	CN	DC	DF	DG	ES	GL	HA	SA	SN	SS	TMA	TS
AH	92	Pixel	TS	0.3	0.0	0.0	0.0	0.0	0.0	0.0	0.0	0.0	0.0	0.0	0.0	0.0	0.0	0.0	0.0	0.0	0.0	0.0	0.0	0.7
AH	93	Pixel	AH	0.6	0.0	0.0	0.0	0.0	0.0	0.0	0.0	0.0	0.0	0.0	0.0	0.0	0.0	0.0	0.0	0.15	0.0	0.0	0.0	0.25
AH	94	Pixel	AH	0.85	0.0	0.0	0.0	0.0	0.0	0.0	0.0	0.0	0.0	0.0	0.0	0.0	0.0	0.0	0.0	0.1	0.0	0.0	0.0	0.05
AH	95	Pixel	TS	0.35	0.0	0.0	0.0	0.0	0.0	0.0	0.0	0.0	0.0	0.0	0.0	0.0	0.0	0.0	0.0	0.1	0.0	0.0	0.0	0.55
AH	96	Pixel	TS	0.25	0.0	0.0	0.0	0.0	0.0	0.0	0.0	0.0	0.0	0.0	0.0	0.0	0.0	0.0	0.0	0.0	0.0	0.0	0.0	0.75
AH	97	Pixel	TS	0.3	0.0	0.0	0.0	0.0	0.0	0.0	0.0	0.0	0.0	0.0	0.0	0.0	0.0	0.0	0.0	0.15	0.0	0.0	0.0	0.55
AH	98	Pixel	AH	0.5	0.0	0.0	0.0	0.0	0.0	0.0	0.0	0.0	0.0	0.0	0.05	0.0	0.05	0.0	0.0	0.2	0.0	0.0	0.0	0.2
AH	99	Pixel	AH	0.6	0.0	0.0	0.0	0.0	0.0	0.0	0.0	0.0	0.0	0.0	0.0	0.05	0.0	0.0	0.0	0.1	0.0	0.0	0.0	0.25
AH	100	Pixel	TS	0.2	0.0	0.0	0.0	0.0	0.0	0.0	0.0	0.0	0.0	0.0	0.0	0.0	0.0	0.0	0.0	0.0	0.0	0.0	0.0	0.8
AH	101	Pixel	AH	0.65	0.0	0.0	0.0	0.0	0.0	0.0	0.0	0.0	0.0	0.0	0.0	0.0	0.0	0.0	0.0	0.0	0.0	0.0	0.0	0.35
AH	102	Pixel	AH	0.85	0.0	0.0	0.0	0.0	0.0	0.0	0.0	0.0	0.0	0.0	0.0	0.0	0.0	0.0	0.0	0.0	0.0	0.0	0.0	0.15
AH	103	Pixel	AH	0.95	0.0	0.0	0.0	0.0	0.0	0.0	0.0	0.0	0.0	0.0	0.0	0.0	0.0	0.0	0.0	0.05	0.0	0.0	0.0	0.0
AH	104	Pixel	AH	0.9	0.0	0.0	0.0	0.0	0.0	0.0	0.0	0.0	0.0	0.0	0.0	0.0	0.0	0.0	0.0	0.1	0.0	0.0	0.0	0.0
AH	105	Pixel	AH	0.4	0.0	0.0	0.0	0.0	0.0	0.0	0.0	0.0	0.0	0.0	0.0	0.0	0.0	0.0	0.0	0.25	0.0	0.0	0.0	0.35
AH	106	Pixel	AH	0.55	0.0	0.0	0.0	0.0	0.0	0.0	0.0	0.0	0.0	0.0	0.0	0.0	0.0	0.0	0.0	0.2	0.0	0.0	0.0	0.25
AH	107	Pixel	AH	0.6	0.0	0.0	0.0	0.0	0.0	0.0	0.0	0.0	0.0	0.0	0.0	0.0	0.0	0.0	0.0	0.1	0.0	0.0	0.0	0.3
AT_CA	337	Pixel	AT_CA	0.0	0.35	0.0	0.0	0.05	0.0	0.25	0.0	0.0	0.1	0.0	0.05	0.0	0.05	0.0	0.0	0.0	0.15	0.0	0.0	0.0
AT_CA	338	Pixel	AT_CA	0.0	0.6	0.0	0.05	0.05	0.0	0.1	0.05	0.0	0.0	0.0	0.0	0.0	0.0	0.0	0.0	0.15	0.0	0.0	0.0	0.0
AT_CA	339	Pixel	AT_CA	0.0	0.3	0.0	0.15	0.1	0.2	0.0	0.0	0.05	0.0	0.0	0.05	0.05	0.0	0.0	0.0	0.1	0.0	0.0	0.0	0.0
AT_CA	340	Pixel	AT_CA	0.0	0.35	0.0	0.15	0.15	0.0	0.1	0.0	0.0	0.1	0.0	0.05	0.0	0.0	0.0	0.0	0.1	0.0	0.0	0.0	0.0
AT_CA	341	Pixel	AT_CA	0.0	0.55	0.0	0.0	0.1	0.0	0.2	0.0	0.0	0.1	0.0	0.0	0.0	0.0	0.0	0.0	0.0	0.05	0.0	0.0	0.0
AT_CA	342	Pixel	CN	0.0	0.1	0.0	0.0	0.0	0.0	0.0	0.0	0.0	0.35	0.0	0.05	0.0	0.25	0.05	0.0	0.0	0.2	0.0	0.0	0.0
AT_CA	343	Pixel	AT_CA	0.0	0.55	0.0	0.0	0.25	0.0	0.1	0.0	0.0	0.0	0.0	0.05	0.0	0.0	0.0	0.0	0.05	0.0	0.0	0.0	0.0
AT_CA	344	Pixel	CN	0.0	0.2	0.0	0.0	0.0	0.0	0.0	0.0	0.0	0.55	0.0	0.1	0.0	0.05	0.0	0.0	0.0	0.1	0.0	0.0	0.0
AT_CA	345	Pixel	AT_CA	0.0	0.5	0.0	0.0	0.1	0.0	0.3	0.0	0.0	0.1	0.0	0.0	0.0	0.0	0.0	0.0	0.0	0.0	0.0	0.0	0.0
AT_CA	346	Pixel	AT_O1	0.0	0.2	0.0	0.05	0.0	0.0	0.45	0.0	0.0	0.1	0.0	0.0	0.0	0.05	0.0	0.0	0.0	0.15	0.0	0.0	0.0
AT_CA	347	Pixel	AT_O1	0.0	0.2	0.05	0.05	0.25	0.0	0.3	0.0	0.0	0.0	0.0	0.05	0.0	0.0	0.0	0.0	0.0	0.1	0.0	0.0	0.0
AT_CH	292	Pixel	AT_O1	0.0	0.35	0.0	0.05	0.1	0.0	0.4	0.05	0.0	0.0	0.0	0.0	0.0	0.05	0.0	0.0	0.0	0.0	0.0	0.0	0.0
AT_CH	293	Pixel	AT_CH	0.0	0.1	0.25	0.05	0.1	0.1	0.05	0.2	0.1	0.0	0.05	0.0	0.0	0.0	0.0	0.0	0.0	0.0	0.0	0.0	0.0
AT_CH	294	Pixel	DC	0.0	0.0	0.05	0.15	0.0	0.2	0.0	0.0	0.05	0.0	0.25	0.0	0.2	0.0	0.0	0.0	0.0	0.0	0.0	0.1	0.0
AT_CH	295	Pixel	AT_O2	0.0	0.0	0.1	0.1	0.0	0.05	0.05	0.35	0.25	0.0	0.0	0.0	0.05	0.0	0.0	0.0	0.0	0.0	0.0	0.05	0.0
AT_CH	296	Pixel	AT_CH	0.0	0.0	0.65	0.0	0.05	0.1	0.0	0.05	0.1	0.0	0.05	0.0	0.0	0.0	0.0	0.0	0.0	0.0	0.0	0.0	0.0
AT_CH	297	Pixel	AT_O1	0.0	0.05	0.05	0.0	0.1	0.05	0.3	0.05	0.0	0.0	0.0	0.0	0.0	0.1	0.0	0.0	0.0	0.3	0.0	0.0	0.0
AT_CH	298	Pixel	AT_CH	0.0	0.1	0.4	0.2	0.1	0.15	0.0	0.0	0.05	0.0	0.0	0.0	0.0	0.0	0.0	0.0	0.0	0.0	0.0	0.0	0.0
AT_CH	299	Pixel	AT_I2	0.1	0.1	0.2	0.05	0.3	0.05	0.05	0.0	0.1	0.0	0.0	0.0	0.05	0.0	0.0	0.0	0.0	0.0	0.0	0.0	0.0
AT_CH	300	Pixel	AT_CH	0.05	0.0	0.45	0.0	0.05	0.05	0.0	0.0	0.35	0.0	0.0	0.0	0.05	0.0	0.0	0.0	0.0	0.0	0.0	0.0	0.0
AT_CH	301	Pixel	AT_M	0.05	0.0	0.15	0.2	0.05	0.25	0.05	0.0	0.0	0.0	0.0	0.0	0.15	0.0	0.0	0.0	0.1	0.0	0.0	0.0	0.0
AT_CH	302	Pixel	AT_CH	0.0	0.0	0.25	0.2	0.05	0.2	0.0	0.0	0.15	0.0	0.05	0.0	0.0	0.0	0.0	0.0	0.0	0.0	0.0	0.1	0.0
AT_CH	303	Pixel	AT_CA	0.0	0.4	0.0	0.15	0.2	0.05	0.1	0.0	0.0	0.0	0.0	0.0	0.0	0.0	0.0	0.0	0.1	0.0	0.0	0.0	0.0
AT_CH	304	Pixel	AT_O1	0.0	0.05	0.05	0.2	0.15	0.0	0.35	0.2	0.0	0.0	0.0	0.0	0.0	0.0	0.0	0.0	0.0	0.0	0.0	0.0	0.0
AT_CH	305	Pixel	AT_O1	0.0	0.05	0.0	0.35	0.0	0.0	0.4	0.15	0.0	0.0	0.0	0.0	0.0	0.0	0.0	0.0	0.0	0.05	0.0	0.0	0.0
AT_I1	268	Pixel	HA	0.0	0.0	0.05	0.05	0.0	0.2	0.0	0.05	0.05	0.0	0.0	0.0	0.0	0.0	0.0	0.6	0.0	0.0	0.0	0.0	0.0
AT_I1	269	Pixel	HA	0.0	0.0	0.05	0.0	0.0	0.25	0.0	0.1	0.05	0.0	0.0	0.0	0.0	0.0	0.0	0.55	0.0	0.0	0.0	0.0	0.0
AT_I1	270	Pixel	HA	0.0	0.0	0.0	0.0	0.0	0.0	0.0	0.0	0.0	0.0	0.05	0.0	0.0	0.0	0.15	0.7	0.0	0.0	0.0	0.1	0.0
AT_I1	271	Pixel	HA	0.0	0.0	0.0	0.1	0.0	0.05	0.0	0.15	0.0	0.0	0.0	0.0	0.05	0.0	0.0	0.65	0.0	0.0	0.0	0.0	0.0
AT_I1	272	Pixel	DC	0.0	0.0	0.05	0.15	0.0	0.1	0.0	0.0	0.15	0.0	0.25	0.0	0.0	0.0	0.0	0.1	0.0	0.0	0.1	0.1	0.0
AT_I1	273	Pixel	DC	0.0	0.0	0.05	0.05	0.0	0.1	0.0	0.0	0.0	0.0	0.3	0.0	0.0	0.0	0.0	0.2	0.0	0.0	0.0	0.3	0.0
AT_I1	274	Pixel	HA	0.0	0.0	0.0	0.0	0.0	0.0	0.0	0.0	0.0	0.0	0.05	0.0	0.0	0.0	0.0	0.85	0.0	0.0	0.05	0.05	0.0
AT_I1	275	Pixel	AT_CH	0.0	0.0	0.3	0.05	0.2	0.05	0.0	0.0	0.3	0.0	0.05	0.0	0.05	0.0	0.0	0.0	0.0	0.0	0.0	0.0	0.0
AT_I1	276	Pixel	AT_CH	0.0	0.05	0.45	0.1	0.0	0.1	0.0	0.1	0.15	0.0	0.0	0.0	0.0	0.0	0.0	0.05	0.0	0.0	0.0	0.0	0.0
AT_I1	277	Pixel	AT_M	0.0	0.0	0.15	0.05	0.0	0.7	0.0	0.0	0.05	0.0	0.05	0.0	0.0	0.0	0.0	0.0	0.0	0.0	0.0	0.0	0.0
AT_I1	278	Pixel	AT_M	0.0	0.1	0.05	0.05	0.05	0.25	0.05	0.25	0.1	0.0	0.0	0.0	0.0	0.0	0.0	0.1	0.0	0.0	0.0	0.0	0.0
AT_I1	279	Pixel	TMA	0.0	0.0	0.1	0.0	0.05	0.15	0.0	0.15	0.05	0.0	0.1	0.0	0.05	0.0	0.0	0.1	0.0	0.0	0.0	0.25	0.0
AT_I2	317	Pixel	AT_CH	0.15	0.0	0.35	0.0	0.2	0.0	0.0	0.0	0.3	0.0	0.0	0.0	0.0	0.0	0.0	0.0	0.0	0.0	0.0	0.0	0.0
AT_I2	318	Pixel	AT_CH	0.0	0.05	0.45	0.05	0.0	0.05	0.0	0.1	0.3	0.0	0.0	0.0	0.0	0.0	0.0	0.0	0.0	0.0	0.0	0.0	0.0
AT_I2	319	Pixel	AT_CH	0.0	0.05	0.65	0.05	0.05	0.0	0.0	0.0	0.2	0.0	0.0	0.0	0.0	0.0	0.0	0.0	0.0	0.0	0.0	0.0	0.0
AT_I2	320	Pixel	AT_CH	0.0	0.05	0.35	0.0	0.1	0.0	0.1	0.15	0.25	0.0	0.0	0.0	0.0	0.0	0.0	0.0	0.0	0.0	0.0	0.0	0.0
AT_I2	321	Pixel	AT_I2	0.0	0.05	0.0	0.0	0.45	0.0	0.05	0.05	0.3	0.0	0.0	0.0	0.0	0.05	0.0	0.0	0.05	0.0	0.0	0.0	0.0
AT_I2	322	Pixel	AT_S	0.0	0.1	0.15	0.05	0.15	0.0	0.15	0.0	0.25	0.0	0.0	0.05	0.0	0.0	0.0	0.0	0.1	0.0	0.0	0.0	0.0
AT_I2	323	Pixel	AT_I2	0.0	0.1	0.1	0.1	0.2	0.05	0.15	0.0	0.15	0.0	0.0	0.05	0.0	0.0	0.0	0.0	0.1	0.0	0.0	0.0	0.0
AT_I2	324	Pixel	AT_CH	0.05	0.05	0.2	0.1	0.15	0.0	0.15	0.0	0.2	0.0	0.0	0.05	0.0	0.0	0.0	0.0	0.05	0.0	0.0	0.0	0.0
AT_I2	325	Pixel	AT_CA	0.0	0.25	0.2	0.05	0.05	0.0	0.05	0.1	0.15	0.0	0.0	0.05	0.0	0.0	0.0	0.1	0.0	0.0	0.0	0.0	0.0
AT_I2	326	Pixel	AT_M	0.0	0.0	0.05	0.1	0.1	0.25	0.05	0.25	0.2	0.0	0.0	0.0	0.0	0.0	0.0	0.0	0.0	0.0	0.0	0.0	0.0
AT_I2	327	Pixel	AT_I2	0.0	0.2	0.05	0.05	0.45	0.0	0.05	0.05	0.15	0.0	0.0	0.0	0.0	0.0	0.0	0.0	0.0	0.0	0.0	0.0	0.0
AT_I2	328	Pixel	AT_S	0.0	0.0	0.1	0.05	0.35	0.0	0.0	0.0	0.45	0.0	0.05	0.0	0.0	0.0	0.0	0.0	0.0	0.0	0.0	0.0	0.0
AT_I2	329	Pixel	AT_I2	0.0	0.05	0.0	0.0	0.45	0.05	0.05	0.05	0.3	0.0	0.0	0.0	0.0	0.05	0.0	0.0	0.0	0.0	0.0	0.0	0.0
AT_I2	330	Pixel	AT_I2	0.0	0.05	0.05	0.05	0.45	0.1	0.05	0.0	0.1	0.0	0.05	0.0	0.0	0.0	0.0	0.0	0.1	0.0	0.0	0.0	0.0
AT_I2	331	Pixel	AT_I2	0.0	0.05	0.0	0.0	0.45	0.05	0.0	0.05	0.3	0.0	0.0	0.0	0.0	0.05	0.0	0.0	0.05	0.0	0.0	0.0	0.0
AT_I2	332	Pixel	AT_I2	0.0	0.15	0.05	0.0	0.45	0.0	0.05	0.0	0.3	0.0	0.0	0.0	0.0	0.0	0.0	0.0	0.0	0.0	0.0	0.0	0.0
AT_I2	333	Pixel	AT_CA	0.0	0.55	0.0	0.0	0.15	0.0	0.1	0.0	0.0	0.0	0.0	0.05	0.0	0.0	0.0	0.0	0.15	0.0	0.0	0.0	0.0
AT_I2	334	Pixel	AT_I2	0.0	0.05	0.05	0.05	0.55	0.0	0.1	0.0	0.15	0.0	0.0	0.0	0.0	0.0	0.0	0.0	0.05	0.0	0.0	0.0	0.0
AT_I2	335	Pixel	AT_I2	0.0	0.05	0.0	0.05	0.55	0.05	0.1	0.0	0.1	0.0	0.0	0.0	0.0	0.0	0.0	0.0	0.1	0.0	0.0	0.0	0.0
AT_I2	336	Pixel	AT_CA	0.0	0.4	0.0	0.0	0.2	0.0	0.2	0.0	0.0	0.1	0.0	0.0	0.0	0.0	0.0	0.0	0.05	0.05	0.0	0.0	0.0
AT_M	280	Pixel	AT_I1	0.0	0.0	0.0	0.3	0.0	0.1	0.0	0.3	0.0	0.0	0.0	0.0	0.05	0.0	0.0	0.15	0.0	0.0	0.0	0.1	0.0
AT_M	281	Pixel	AT_I1	0.0	0.0	0.05	0.4	0.0	0.3	0.0	0.1	0.05	0.0	0.05	0.0	0.0	0.0	0.0	0.05	0.0	0.0	0.0	0.0	0.0
AT_M	282	Pixel	HA	0.0	0.0	0.2	0.2	0.0	0.15	0.0	0.05	0.0	0.0	0.0	0.0	0.0	0.0	0.0	0.35	0.0	0.0	0.0	0.05	0.0
AT_M	283	Pixel	AT_I2	0.0	0.0	0.35	0.15	0.4	0.0	0.05	0.0	0.05	0.0	0.0	0.0	0.0	0.0	0.0	0.0	0.0	0.0	0.0	0.0	0.0
AT_M	284	Pixel	AT_I1	0.0	0.15	0.1	0.3	0.1	0.05	0.15	0.15	0.0	0.0	0.0	0.0	0.0	0.0	0.0	0.0	0.0	0.0	0.0	0.0	0.0
AT_M	285	Pixel	AT_I2	0.0	0.1	0.05	0.1	0.25	0.1	0.0	0.0	0.15	0.05	0.0	0.0	0.0	0.0	0.0	0.0	0.15	0.05	0.0	0.0	0.0
AT_M	286	Pixel	AT_O2	0.0	0.0	0.0	0.15	0.0	0.05	0.0	0.25	0.0	0.0	0.15	0.0	0.0	0.0	0.0	0.15	0.0	0.0	0.0	0.25	0.0
AT_M	287	Pixel	TMA	0.0	0.0	0.05	0.05	0.0	0.15	0.0	0.1	0.15	0.0	0.05	0.0	0.0	0.0	0.0	0.05	0.0	0.0	0.05	0.35	0.0
AT_M	288	Pixel	TMA	0.0	0.0	0.0	0.0	0.05	0.15	0.0	0.0	0.0	0.0	0.1	0.0	0.0	0.0	0.0	0.0	0.0	0.0	0.0	0.7	0.0
AT_M	289	Pixel	TMA	0.0	0.0	0.05	0.0	0.0	0.0	0.0	0.0	0.05	0.0	0.25	0.0	0.0	0.0	0.0	0.0	0.0	0.0	0.2	0.45	0.0
AT_M	290	Pixel	AT_M	0.0	0.0	0.0	0.0	0.0	0.45	0.0	0.05	0.05	0.0	0.1	0.0	0.0	0.0	0.0	0.05	0.0	0.0	0.25	0.05	0.0
AT_M	291	Pixel	AT_CH	0.0	0.0	0.35	0.1	0.05	0.15	0.0	0.2	0.15	0.0	0.0	0.0	0.0	0.0	0.0	0.0	0.0	0.0	0.0	0.0	0.0
AT_O1	348	Pixel	AT_I2	0.0	0.1	0.0	0.1	0.25	0.25	0.1	0.0	0.1	0.0	0.0	0.1	0.0	0.0	0.0	0.0	0.0	0.0	0.0	0.0	0.0
AT_O1	349	Pixel	AT_O1	0.0	0.35	0.0	0.15	0.0	0.0	0.4	0.1	0.0	0.0	0.0	0.0	0.0	0.0	0.0	0.0	0.0	0.0	0.0	0.0	0.0
AT_O1	350	Pixel	AT_O1	0.0	0.15	0.05	0.05	0.2	0.0	0.35	0.1	0.0	0.0	0.0	0.0	0.0	0.0	0.0	0.0	0.0	0.1	0.0	0.0	0.0
AT_O1	351	Pixel	AT_O1	0.0	0.2	0.0	0.0	0.0	0.0	0.25	0.0	0.0	0.2	0.0	0.15	0.0	0.05	0.0	0.0	0.0	0.15	0.0	0.0	0.0
AT_O1	352	Pixel	AT_CA	0.0	0.7	0.0	0.0	0.05	0.0	0.2	0.0	0.0	0.0	0.0	0.05	0.0	0.0	0.0	0.0	0.0	0.0	0.0	0.0	0.0
AT_O1	353	Pixel	AT_CA	0.0	0.4	0.0	0.0	0.15	0.0	0.1	0.0	0.0	0.0	0.0	0.15	0.0	0.0	0.0	0.0	0.2	0.0	0.0	0.0	0.0
AT_O1	354	Pixel	AT_O1	0.0	0.15	0.0	0.1	0.0	0.05	0.45	0.0	0.05	0.0	0.0	0.0	0.0	0.05	0.0	0.05	0.0	0.1	0.0	0.0	0.0
AT_O1	355	Pixel	AT_O1	0.0	0.1	0.0	0.15	0.05	0.0	0.5	0.2	0.0	0.0	0.0	0.0	0.0	0.0	0.0	0.0	0.0	0.0	0.0	0.0	0.0
AT_O1	356	Pixel	AT_O2	0.0	0.0	0.0	0.15	0.0	0.0	0.15	0.35	0.05	0.0	0.0	0.0	0.0	0.05	0.0	0.2	0.0	0.05	0.0	0.0	0.0
AT_O1	357	Pixel	AT_O1	0.0	0.2	0.0	0.1	0.15	0.0	0.45	0.1	0.0	0.0	0.0	0.0	0.0	0.0	0.0	0.0	0.0	0.0	0.0	0.0	0.0
AT_O1	358	Pixel	AT_O2	0.0	0.0	0.05	0.0	0.2	0.15	0.0	0.3	0.2	0.0	0.0	0.0	0.0	0.0	0.0	0.05	0.05	0.0	0.0	0.0	0.0
AT_O1	359	Pixel	AT_I1	0.0	0.2	0.0	0.35	0.15	0.1	0.05	0.1	0.0	0.0	0.0	0.0	0.0	0.0	0.0	0.0	0.0	0.05	0.0	0.0	0.0
AT_O1	360	Pixel	AT_CA	0.0	0.4	0.0	0.2	0.05	0.0	0.25	0.1	0.0	0.0	0.0	0.0	0.0	0.0	0.0	0.0	0.0	0.0	0.0	0.0	0.0
AT_O1	361	Pixel	AT_CA	0.0	0.35	0.0	0.2	0.15	0.1	0.1	0.05	0.05	0.0	0.0	0.0	0.0	0.0	0.0	0.0	0.0	0.0	0.0	0.0	0.0
AT_O1	362	Pixel	AT_CA	0.0	0.5	0.0	0.0	0.05	0.0	0.1	0.0	0.0	0.1	0.0	0.15	0.0	0.0	0.0	0.0	0.1	0.0	0.0	0.0	0.0
AT_O1	363	Pixel	AT_CA	0.0	0.3	0.0	0.0	0.0	0.0	0.3	0.0	0.0	0.1	0.0	0.05	0.0	0.1	0.0	0.0	0.0	0.15	0.0	0.0	0.0
AT_O1	364	Pixel	AT_CA	0.0	0.4	0.0	0.0	0.1	0.0	0.2	0.0	0.0	0.15	0.0	0.0	0.0	0.05	0.0	0.0	0.0	0.1	0.0	0.0	0.0
AT_O2	365	Pixel	SN	0.0	0.15	0.0	0.0	0.0	0.0	0.15	0.05	0.0	0.15	0.0	0.0	0.0	0.1	0.05	0.1	0.05	0.2	0.0	0.0	0.0
AT_O2	366	Pixel	AT_O1	0.0	0.15	0.0	0.05	0.0	0.0	0.35	0.1	0.0	0.15	0.0	0.0	0.0	0.05	0.0	0.0	0.0	0.15	0.0	0.0	0.0
AT_O2	367	Pixel	HA	0.0	0.0	0.0	0.05	0.0	0.05	0.1	0.2	0.05	0.0	0.0	0.0	0.0	0.0	0.05	0.45	0.0	0.05	0.0	0.0	0.0
AT_O2	368	Pixel	AT_O1	0.0	0.0	0.0	0.0	0.0	0.0	0.65	0.1	0.1	0.0	0.0	0.0	0.0	0.1	0.0	0.05	0.0	0.0	0.0	0.0	0.0
AT_O2	369	Pixel	AT_O1	0.0	0.0	0.0	0.15	0.0	0.05	0.45	0.2	0.0	0.0	0.0	0.0	0.0	0.1	0.0	0.0	0.0	0.05	0.0	0.0	0.0
AT_O2	370	Pixel	AT_O2	0.0	0.0	0.0	0.0	0.0	0.25	0.05	0.35	0.1	0.0	0.0	0.0	0.0	0.0	0.0	0.25	0.0	0.0	0.0	0.0	0.0
AT_O2	371	Pixel	AT_O1	0.0	0.1	0.0	0.1	0.05	0.0	0.4	0.25	0.0	0.0	0.0	0.0	0.0	0.0	0.0	0.1	0.0	0.0	0.0	0.0	0.0
AT_O2	372	Pixel	SN	0.0	0.05	0.0	0.1	0.1	0.0	0.2	0.05	0.0	0.05	0.0	0.0	0.0	0.2	0.0	0.0	0.0	0.25	0.0	0.0	0.0
AT_O2	373	Pixel	HA	0.0	0.0	0.0	0.1	0.0	0.0	0.05	0.4	0.0	0.0	0.0	0.0	0.0	0.0	0.0	0.45	0.0	0.0	0.0	0.0	0.0
AT_S	306	Pixel	AT_I2	0.0	0.05	0.15	0.05	0.3	0.0	0.0	0.15	0.3	0.0	0.0	0.0	0.0	0.0	0.0	0.0	0.0	0.0	0.0	0.0	0.0
AT_S	307	Pixel	AT_S	0.0	0.0	0.0	0.0	0.15	0.15	0.05	0.25	0.35	0.0	0.0	0.0	0.0	0.0	0.0	0.05	0.0	0.0	0.0	0.0	0.0
AT_S	308	Pixel	AT_I2	0.0	0.0	0.15	0.05	0.45	0.0	0.0	0.0	0.35	0.0	0.0	0.0	0.0	0.0	0.0	0.0	0.0	0.0	0.0	0.0	0.0
AT_S	309	Pixel	AT_O2	0.0	0.0	0.0	0.05	0.1	0.05	0.05	0.5	0.2	0.0	0.0	0.0	0.0	0.0	0.0	0.05	0.0	0.0	0.0	0.0	0.0
AT_S	310	Pixel	AT_I2	0.0	0.2	0.0	0.05	0.5	0.05	0.1	0.0	0.05	0.0	0.0	0.0	0.0	0.0	0.0	0.0	0.0	0.05	0.0	0.0	0.0
AT_S	311	Pixel	AT_S	0.0	0.0	0.05	0.05	0.1	0.1	0.15	0.0	0.3	0.0	0.15	0.0	0.1	0.0	0.0	0.0	0.0	0.0	0.0	0.0	0.0
AT_S	312	Pixel	AT_CH	0.0	0.05	0.4	0.15	0.05	0.0	0.05	0.05	0.2	0.0	0.0	0.0	0.0	0.0	0.0	0.0	0.0	0.05	0.0	0.0	0.0
AT_S	313	Pixel	AT_S	0.05	0.0	0.3	0.0	0.15	0.05	0.0	0.05	0.4	0.0	0.0	0.0	0.0	0.0	0.0	0.0	0.0	0.0	0.0	0.0	0.0
AT_S	314	Pixel	AT_CH	0.05	0.0	0.65	0.1	0.0	0.1	0.0	0.0	0.05	0.0	0.0	0.0	0.0	0.0	0.0	0.0	0.05	0.0	0.0	0.0	0.0
AT_S	315	Pixel	AT_CH	0.15	0.05	0.3	0.05	0.1	0.1	0.0	0.05	0.15	0.0	0.0	0.0	0.0	0.0	0.0	0.0	0.05	0.0	0.0	0.0	0.0
AT_S	316	Pixel	AT_CH	0.0	0.0	0.4	0.25	0.0	0.15	0.0	0.1	0.1	0.0	0.0	0.0	0.0	0.0	0.0	0.0	0.0	0.0	0.0	0.0	0.0
CN	187	Pixel	CN	0.0	0.0	0.0	0.0	0.0	0.0	0.0	0.0	0.0	0.5	0.0	0.3	0.0	0.0	0.0	0.0	0.0	0.2	0.0	0.0	0.0
CN	188	Pixel	CN	0.0	0.0	0.0	0.0	0.0	0.0	0.0	0.0	0.0	0.55	0.0	0.4	0.0	0.0	0.0	0.0	0.0	0.05	0.0	0.0	0.0
CN	189	Pixel	CN	0.0	0.0	0.0	0.0	0.0	0.0	0.0	0.0	0.0	0.4	0.0	0.3	0.0	0.0	0.0	0.0	0.05	0.25	0.0	0.0	0.0
CN	190	Pixel	CN	0.0	0.0	0.0	0.0	0.0	0.0	0.0	0.0	0.0	0.55	0.0	0.25	0.0	0.0	0.0	0.0	0.0	0.2	0.0	0.0	0.0
CN	191	Pixel	CN	0.0	0.0	0.0	0.0	0.0	0.0	0.0	0.0	0.0	0.45	0.0	0.1	0.0	0.0	0.0	0.0	0.0	0.45	0.0	0.0	0.0
CN	192	Pixel	CN	0.0	0.0	0.0	0.0	0.0	0.0	0.0	0.0	0.0	0.5	0.0	0.15	0.0	0.0	0.0	0.0	0.0	0.35	0.0	0.0	0.0
CN	193	Pixel	CN	0.0	0.0	0.0	0.0	0.0	0.0	0.0	0.0	0.0	0.55	0.0	0.0	0.0	0.05	0.0	0.0	0.0	0.4	0.0	0.0	0.0
CN	194	Pixel	CN	0.0	0.0	0.0	0.0	0.0	0.0	0.0	0.0	0.0	0.45	0.0	0.05	0.0	0.05	0.0	0.0	0.0	0.45	0.0	0.0	0.0
CN	195	Pixel	CN	0.0	0.0	0.0	0.0	0.0	0.0	0.0	0.0	0.0	0.6	0.0	0.35	0.0	0.0	0.0	0.0	0.0	0.05	0.0	0.0	0.0
CN	196	Pixel	CN	0.0	0.05	0.0	0.0	0.05	0.0	0.1	0.0	0.0	0.5	0.0	0.15	0.0	0.05	0.0	0.0	0.0	0.1	0.0	0.0	0.0
CN	197	Pixel	SN	0.0	0.1	0.0	0.0	0.0	0.0	0.0	0.0	0.0	0.3	0.0	0.0	0.0	0.15	0.05	0.0	0.0	0.4	0.0	0.0	0.0
CN	198	Pixel	CN	0.0	0.15	0.0	0.0	0.0	0.0	0.0	0.0	0.0	0.5	0.0	0.1	0.0	0.05	0.0	0.0	0.0	0.2	0.0	0.0	0.0
CN	199	Pixel	CN	0.0	0.0	0.0	0.0	0.0	0.0	0.0	0.0	0.0	0.35	0.0	0.05	0.0	0.25	0.0	0.0	0.0	0.35	0.0	0.0	0.0
CN	200	Pixel	CN	0.0	0.0	0.0	0.0	0.0	0.0	0.0	0.0	0.0	0.8	0.0	0.1	0.0	0.0	0.0	0.0	0.0	0.1	0.0	0.0	0.0
CN	201	Pixel	SN	0.0	0.0	0.0	0.0	0.0	0.0	0.0	0.0	0.0	0.45	0.0	0.0	0.0	0.0	0.0	0.0	0.0	0.55	0.0	0.0	0.0
CN	202	Pixel	CN	0.0	0.0	0.0	0.0	0.0	0.0	0.0	0.0	0.0	0.55	0.0	0.25	0.0	0.0	0.0	0.0	0.0	0.2	0.0	0.0	0.0
CN	203	Pixel	CN	0.0	0.0	0.0	0.0	0.0	0.0	0.0	0.0	0.0	0.35	0.0	0.0	0.0	0.25	0.05	0.0	0.0	0.35	0.0	0.0	0.0
CN	204	Pixel	SN	0.0	0.0	0.0	0.0	0.0	0.0	0.0	0.0	0.0	0.4	0.0	0.05	0.0	0.05	0.0	0.0	0.0	0.5	0.0	0.0	0.0
DC	41	Pixel	SS	0.0	0.0	0.0	0.0	0.0	0.0	0.0	0.0	0.0	0.0	0.2	0.0	0.25	0.0	0.0	0.0	0.0	0.0	0.3	0.25	0.0
DC	42	Pixel	DC	0.0	0.0	0.0	0.0	0.0	0.0	0.0	0.0	0.0	0.0	0.55	0.0	0.3	0.0	0.0	0.0	0.0	0.0	0.0	0.15	0.0
DC	43	Pixel	DC	0.0	0.0	0.1	0.0	0.0	0.05	0.0	0.0	0.0	0.0	0.55	0.0	0.1	0.0	0.0	0.0	0.0	0.0	0.0	0.2	0.0
DC	44	Pixel	DC	0.0	0.0	0.1	0.05	0.0	0.0	0.0	0.0	0.0	0.0	0.55	0.0	0.15	0.0	0.0	0.0	0.0	0.0	0.0	0.15	0.0
DC	45	Pixel	AT_M	0.0	0.0	0.1	0.15	0.0	0.4	0.0	0.2	0.1	0.0	0.0	0.0	0.05	0.0	0.0	0.0	0.0	0.0	0.0	0.0	0.0
DC	46	Pixel	DC	0.0	0.0	0.05	0.1	0.0	0.05	0.0	0.0	0.0	0.0	0.3	0.0	0.05	0.0	0.0	0.15	0.0	0.0	0.0	0.3	0.0
DC	47	Pixel	DC	0.0	0.0	0.05	0.0	0.0	0.0	0.0	0.0	0.15	0.0	0.45	0.0	0.2	0.0	0.0	0.0	0.0	0.0	0.0	0.15	0.0
DC	48	Pixel	AT_CH	0.0	0.0	0.2	0.05	0.0	0.2	0.0	0.0	0.05	0.0	0.2	0.0	0.2	0.0	0.0	0.0	0.0	0.0	0.0	0.1	0.0
DC	49	Pixel	DC	0.0	0.0	0.05	0.1	0.0	0.1	0.0	0.0	0.05	0.0	0.4	0.0	0.15	0.0	0.0	0.0	0.0	0.0	0.0	0.15	0.0
DC	50	Pixel	DC	0.0	0.0	0.0	0.0	0.0	0.0	0.0	0.0	0.0	0.0	0.6	0.0	0.2	0.0	0.0	0.0	0.0	0.0	0.05	0.15	0.0
DC	51	Pixel	DC	0.0	0.0	0.0	0.05	0.0	0.1	0.0	0.0	0.0	0.0	0.45	0.0	0.25	0.0	0.0	0.05	0.0	0.0	0.0	0.1	0.0
DC	52	Pixel	DC	0.0	0.0	0.05	0.0	0.0	0.1	0.05	0.0	0.0	0.0	0.45	0.0	0.25	0.0	0.0	0.05	0.0	0.0	0.0	0.05	0.0
DC	53	Pixel	DG	0.0	0.0	0.0	0.0	0.0	0.05	0.0	0.0	0.0	0.0	0.4	0.0	0.5	0.0	0.0	0.0	0.0	0.0	0.0	0.0	0.05
DC	54	Pixel	DC	0.0	0.0	0.05	0.0	0.0	0.15	0.0	0.0	0.0	0.0	0.55	0.0	0.15	0.0	0.0	0.0	0.0	0.0	0.0	0.1	0.0
DF	155	Pixel	DF	0.0	0.0	0.0	0.0	0.0	0.0	0.0	0.0	0.0	0.0	0.0	0.8	0.0	0.0	0.0	0.0	0.2	0.0	0.0	0.0	0.0
DF	156	Pixel	SA	0.15	0.0	0.0	0.0	0.0	0.0	0.0	0.0	0.0	0.0	0.0	0.25	0.0	0.0	0.0	0.0	0.6	0.0	0.0	0.0	0.0
DF	157	Pixel	SA	0.05	0.0	0.0	0.0	0.0	0.0	0.0	0.0	0.0	0.0	0.0	0.25	0.0	0.0	0.0	0.0	0.7	0.0	0.0	0.0	0.0
DF	158	Pixel	DF	0.0	0.0	0.0	0.0	0.0	0.0	0.0	0.0	0.0	0.05	0.0	0.75	0.0	0.0	0.0	0.0	0.2	0.0	0.0	0.0	0.0
DF	159	Pixel	DF	0.0	0.0	0.0	0.0	0.0	0.0	0.0	0.0	0.0	0.2	0.0	0.8	0.0	0.0	0.0	0.0	0.0	0.0	0.0	0.0	0.0
DF	160	Pixel	DF	0.05	0.0	0.0	0.0	0.0	0.0	0.0	0.0	0.0	0.0	0.0	0.75	0.0	0.0	0.0	0.0	0.15	0.0	0.0	0.0	0.05
DF	161	Pixel	DF	0.0	0.0	0.0	0.0	0.0	0.0	0.0	0.0	0.0	0.0	0.0	0.85	0.0	0.05	0.0	0.0	0.1	0.0	0.0	0.0	0.0
DF	162	Pixel	DF	0.0	0.0	0.0	0.0	0.0	0.0	0.0	0.05	0.0	0.0	0.0	0.95	0.0	0.0	0.0	0.0	0.0	0.0	0.0	0.0	0.0
DF	163	Pixel	DF	0.0	0.0	0.0	0.0	0.0	0.0	0.0	0.05	0.0	0.0	0.0	0.95	0.0	0.0	0.0	0.0	0.0	0.0	0.0	0.0	0.0
DF	164	Pixel	DF	0.0	0.0	0.0	0.0	0.0	0.0	0.0	0.0	0.0	0.0	0.0	0.95	0.0	0.05	0.0	0.0	0.0	0.0	0.0	0.0	0.0
DF	165	Pixel	DF	0.0	0.0	0.0	0.0	0.0	0.0	0.0	0.05	0.0	0.0	0.0	0.95	0.0	0.0	0.0	0.0	0.0	0.0	0.0	0.0	0.0
DF	166	Pixel	DF	0.0	0.0	0.0	0.0	0.0	0.0	0.0	0.0	0.0	0.0	0.0	1.0	0.0	0.0	0.0	0.0	0.0	0.0	0.0	0.0	0.0
DF	167	Pixel	DF	0.0	0.0	0.0	0.0	0.0	0.0	0.0	0.0	0.0	0.0	0.0	1.0	0.0	0.0	0.0	0.0	0.0	0.0	0.0	0.0	0.0
DF	168	Pixel	DF	0.0	0.0	0.0	0.0	0.0	0.0	0.0	0.0	0.0	0.0	0.0	1.0	0.0	0.0	0.0	0.0	0.0	0.0	0.0	0.0	0.0
DF	169	Pixel	DF	0.0	0.0	0.0	0.0	0.0	0.0	0.0	0.0	0.0	0.0	0.0	1.0	0.0	0.0	0.0	0.0	0.0	0.0	0.0	0.0	0.0
DF	170	Pixel	DF	0.0	0.0	0.0	0.0	0.0	0.0	0.0	0.0	0.0	0.0	0.0	1.0	0.0	0.0	0.0	0.0	0.0	0.0	0.0	0.0	0.0
DF	171	Pixel	DF	0.0	0.0	0.0	0.0	0.0	0.0	0.0	0.0	0.0	0.0	0.0	1.0	0.0	0.0	0.0	0.0	0.0	0.0	0.0	0.0	0.0
DF	172	Pixel	CN	0.0	0.0	0.0	0.0	0.0	0.0	0.0	0.0	0.0	0.65	0.0	0.35	0.0	0.0	0.0	0.0	0.0	0.0	0.0	0.0	0.0
DF	173	Pixel	DF	0.0	0.0	0.0	0.0	0.0	0.0	0.0	0.0	0.0	0.4	0.0	0.55	0.0	0.0	0.0	0.0	0.05	0.0	0.0	0.0	0.0
DF	174	Pixel	CN	0.0	0.0	0.0	0.0	0.0	0.0	0.0	0.0	0.0	0.5	0.0	0.3	0.0	0.0	0.0	0.0	0.0	0.2	0.0	0.0	0.0
DF	175	Pixel	CN	0.0	0.0	0.0	0.0	0.0	0.0	0.0	0.0	0.0	0.45	0.0	0.3	0.0	0.0	0.0	0.0	0.0	0.25	0.0	0.0	0.0
DF	176	Pixel	SN	0.0	0.0	0.0	0.0	0.0	0.0	0.0	0.0	0.0	0.35	0.0	0.1	0.0	0.05	0.0	0.0	0.0	0.5	0.0	0.0	0.0
DF	177	Pixel	DF	0.0	0.05	0.0	0.0	0.05	0.0	0.05	0.0	0.0	0.3	0.0	0.4	0.0	0.0	0.0	0.0	0.1	0.05	0.0	0.0	0.0
DF	178	Pixel	CN	0.0	0.0	0.0	0.0	0.0	0.0	0.0	0.0	0.0	0.55	0.0	0.3	0.0	0.0	0.0	0.0	0.0	0.15	0.0	0.0	0.0
DF	179	Pixel	CN	0.0	0.05	0.0	0.05	0.0	0.0	0.05	0.0	0.0	0.4	0.0	0.25	0.0	0.0	0.0	0.0	0.0	0.2	0.0	0.0	0.0
DF	180	Pixel	CN	0.0	0.0	0.0	0.0	0.0	0.0	0.05	0.0	0.0	0.5	0.0	0.2	0.0	0.0	0.0	0.0	0.05	0.2	0.0	0.0	0.0
DF	181	Pixel	DF	0.0	0.05	0.0	0.05	0.0	0.0	0.0	0.0	0.0	0.4	0.0	0.5	0.0	0.0	0.0	0.0	0.0	0.0	0.0	0.0	0.0
DF	182	Pixel	DF	0.0	0.0	0.0	0.0	0.0	0.0	0.05	0.0	0.0	0.3	0.0	0.45	0.0	0.0	0.0	0.0	0.05	0.15	0.0	0.0	0.0
DF	183	Pixel	CN	0.0	0.05	0.0	0.0	0.0	0.0	0.0	0.0	0.0	0.55	0.0	0.35	0.0	0.0	0.0	0.0	0.0	0.05	0.0	0.0	0.0
DF	184	Pixel	DF	0.0	0.05	0.0	0.05	0.0	0.0	0.0	0.0	0.0	0.2	0.0	0.6	0.0	0.0	0.0	0.0	0.0	0.1	0.0	0.0	0.0
DF	185	Pixel	DF	0.0	0.0	0.0	0.0	0.0	0.0	0.0	0.0	0.0	0.25	0.0	0.3	0.0	0.15	0.0	0.0	0.0	0.3	0.0	0.0	0.0
DF	186	Pixel	CN	0.0	0.0	0.0	0.0	0.0	0.0	0.0	0.0	0.0	0.35	0.0	0.25	0.0	0.05	0.0	0.0	0.0	0.35	0.0	0.0	0.0
DG	55	Pixel	DG	0.0	0.0	0.0	0.0	0.0	0.05	0.0	0.0	0.0	0.0	0.4	0.0	0.5	0.0	0.0	0.0	0.0	0.0	0.0	0.05	0.0
DG	56	Pixel	DC	0.0	0.0	0.0	0.0	0.0	0.0	0.0	0.0	0.0	0.0	0.45	0.0	0.35	0.0	0.0	0.0	0.0	0.0	0.0	0.15	0.05
DG	57	Pixel	DG	0.0	0.0	0.0	0.0	0.0	0.0	0.0	0.0	0.0	0.0	0.35	0.0	0.5	0.0	0.0	0.0	0.0	0.0	0.0	0.0	0.15
DG	58	Pixel	AT_S	0.15	0.0	0.0	0.0	0.05	0.0	0.0	0.0	0.6	0.0	0.0	0.0	0.2	0.0	0.0	0.0	0.0	0.0	0.0	0.0	0.0
DG	59	Pixel	DG	0.05	0.0	0.0	0.0	0.0	0.0	0.0	0.0	0.0	0.0	0.2	0.0	0.6	0.0	0.0	0.0	0.0	0.0	0.0	0.0	0.15
DG	60	Pixel	DG	0.0	0.0	0.0	0.0	0.0	0.0	0.0	0.0	0.0	0.0	0.15	0.0	0.75	0.0	0.0	0.0	0.0	0.0	0.0	0.05	0.05
DG	61	Pixel	DG	0.05	0.0	0.05	0.05	0.0	0.05	0.0	0.0	0.05	0.0	0.2	0.0	0.45	0.0	0.0	0.0	0.0	0.0	0.0	0.05	0.05
DG	62	Pixel	DG	0.0	0.0	0.1	0.0	0.0	0.1	0.0	0.0	0.15	0.0	0.15	0.0	0.35	0.0	0.0	0.0	0.0	0.0	0.0	0.1	0.05
DG	63	Pixel	AT_S	0.0	0.0	0.3	0.05	0.2	0.0	0.0	0.0	0.45	0.0	0.0	0.0	0.0	0.0	0.0	0.0	0.0	0.0	0.0	0.0	0.0
DG	64	Pixel	DG	0.0	0.0	0.0	0.0	0.0	0.05	0.0	0.0	0.0	0.0	0.35	0.0	0.5	0.0	0.0	0.0	0.0	0.0	0.0	0.05	0.05
DG	65	Pixel	TS	0.1	0.0	0.0	0.0	0.0	0.0	0.0	0.0	0.0	0.0	0.05	0.0	0.4	0.0	0.0	0.0	0.0	0.0	0.0	0.0	0.45
DG	66	Pixel	DG	0.05	0.0	0.0	0.0	0.0	0.0	0.0	0.0	0.0	0.0	0.15	0.0	0.65	0.0	0.0	0.0	0.0	0.0	0.0	0.1	0.05
DG	67	Pixel	DC	0.0	0.0	0.0	0.1	0.0	0.1	0.0	0.0	0.15	0.0	0.3	0.0	0.3	0.0	0.0	0.0	0.0	0.0	0.0	0.0	0.05
DG	68	Pixel	DG	0.0	0.0	0.0	0.0	0.0	0.0	0.0	0.0	0.0	0.0	0.4	0.0	0.45	0.0	0.0	0.0	0.0	0.0	0.0	0.15	0.0
DG	69	Pixel	AT_S	0.0	0.0	0.0	0.0	0.0	0.05	0.05	0.0	0.8	0.0	0.0	0.0	0.1	0.0	0.0	0.0	0.0	0.0	0.0	0.0	0.0
DG	70	Pixel	DG	0.05	0.0	0.0	0.0	0.0	0.0	0.0	0.0	0.0	0.0	0.1	0.0	0.75	0.0	0.0	0.0	0.0	0.0	0.0	0.0	0.1
DG	71	Pixel	DG	0.0	0.0	0.0	0.0	0.0	0.0	0.0	0.0	0.0	0.0	0.1	0.0	0.7	0.0	0.0	0.0	0.0	0.0	0.0	0.0	0.2
ES	217	Pixel	GL	0.0	0.0	0.0	0.0	0.0	0.0	0.0	0.0	0.0	0.05	0.0	0.0	0.0	0.2	0.65	0.0	0.0	0.1	0.0	0.0	0.0
ES	218	Pixel	ES	0.0	0.0	0.0	0.0	0.0	0.0	0.0	0.0	0.0	0.2	0.0	0.0	0.0	0.35	0.25	0.0	0.0	0.2	0.0	0.0	0.0
ES	219	Pixel	ES	0.0	0.0	0.0	0.0	0.0	0.0	0.0	0.0	0.0	0.0	0.0	0.0	0.0	0.55	0.4	0.0	0.0	0.05	0.0	0.0	0.0
ES	220	Pixel	GL	0.0	0.0	0.0	0.0	0.0	0.0	0.0	0.0	0.0	0.0	0.0	0.0	0.0	0.35	0.5	0.05	0.0	0.1	0.0	0.0	0.0
ES	221	Pixel	GL	0.0	0.0	0.0	0.0	0.0	0.0	0.0	0.0	0.0	0.0	0.0	0.0	0.0	0.35	0.6	0.0	0.0	0.05	0.0	0.0	0.0
ES	222	Pixel	ES	0.0	0.0	0.0	0.0	0.0	0.0	0.0	0.0	0.0	0.05	0.0	0.1	0.0	0.35	0.3	0.0	0.0	0.2	0.0	0.0	0.0
ES	223	Pixel	ES	0.0	0.0	0.0	0.0	0.0	0.0	0.0	0.0	0.0	0.1	0.0	0.0	0.0	0.5	0.3	0.0	0.0	0.1	0.0	0.0	0.0
ES	224	Pixel	ES	0.0	0.0	0.0	0.0	0.0	0.0	0.0	0.0	0.0	0.0	0.0	0.0	0.0	0.55	0.25	0.0	0.0	0.2	0.0	0.0	0.0
ES	225	Pixel	ES	0.0	0.0	0.0	0.0	0.0	0.0	0.0	0.0	0.0	0.2	0.0	0.0	0.0	0.45	0.05	0.0	0.0	0.3	0.0	0.0	0.0
ES	226	Pixel	ES	0.0	0.0	0.0	0.0	0.0	0.0	0.0	0.0	0.0	0.05	0.0	0.0	0.0	0.6	0.25	0.0	0.0	0.1	0.0	0.0	0.0
ES	227	Pixel	GL	0.0	0.0	0.0	0.0	0.0	0.0	0.0	0.0	0.0	0.05	0.0	0.0	0.0	0.35	0.5	0.0	0.0	0.1	0.0	0.0	0.0
ES	228	Pixel	GL	0.0	0.0	0.0	0.0	0.0	0.0	0.0	0.0	0.0	0.0	0.0	0.0	0.0	0.45	0.5	0.0	0.0	0.05	0.0	0.0	0.0
ES	229	Pixel	GL	0.0	0.0	0.0	0.0	0.0	0.0	0.0	0.0	0.0	0.05	0.0	0.0	0.0	0.3	0.55	0.05	0.0	0.05	0.0	0.0	0.0
ES	230	Pixel	GL	0.0	0.0	0.0	0.0	0.0	0.0	0.0	0.0	0.0	0.0	0.0	0.0	0.0	0.2	0.8	0.0	0.0	0.0	0.0	0.0	0.0
ES	231	Pixel	ES	0.0	0.0	0.0	0.0	0.0	0.0	0.0	0.0	0.0	0.0	0.0	0.0	0.0	0.7	0.25	0.05	0.0	0.0	0.0	0.0	0.0
ES	232	Pixel	GL	0.0	0.0	0.0	0.0	0.0	0.0	0.0	0.0	0.0	0.0	0.0	0.0	0.0	0.25	0.75	0.0	0.0	0.0	0.0	0.0	0.0
ES	233	Pixel	GL	0.0	0.0	0.0	0.0	0.0	0.0	0.0	0.0	0.0	0.0	0.0	0.0	0.0	0.45	0.55	0.0	0.0	0.0	0.0	0.0	0.0
ES	234	Pixel	GL	0.0	0.0	0.0	0.0	0.0	0.0	0.0	0.0	0.0	0.0	0.0	0.0	0.0	0.4	0.6	0.0	0.0	0.0	0.0	0.0	0.0
ES	235	Pixel	ES	0.0	0.0	0.0	0.0	0.0	0.0	0.0	0.0	0.0	0.05	0.0	0.0	0.0	0.5	0.4	0.0	0.0	0.05	0.0	0.0	0.0
GL	236	Pixel	ES	0.0	0.0	0.0	0.0	0.0	0.0	0.0	0.0	0.0	0.0	0.0	0.0	0.0	0.6	0.35	0.0	0.0	0.05	0.0	0.0	0.0
GL	237	Pixel	GL	0.0	0.0	0.0	0.0	0.0	0.0	0.0	0.0	0.0	0.0	0.0	0.0	0.0	0.35	0.65	0.0	0.0	0.0	0.0	0.0	0.0
GL	238	Pixel	GL	0.0	0.0	0.0	0.0	0.0	0.0	0.0	0.0	0.0	0.0	0.0	0.0	0.0	0.15	0.85	0.0	0.0	0.0	0.0	0.0	0.0
GL	239	Pixel	GL	0.0	0.0	0.0	0.0	0.0	0.0	0.0	0.0	0.0	0.0	0.0	0.0	0.0	0.35	0.65	0.0	0.0	0.0	0.0	0.0	0.0
GL	240	Pixel	GL	0.0	0.0	0.0	0.0	0.0	0.0	0.0	0.0	0.0	0.0	0.0	0.0	0.0	0.3	0.7	0.0	0.0	0.0	0.0	0.0	0.0
GL	241	Pixel	GL	0.0	0.0	0.0	0.0	0.0	0.0	0.0	0.0	0.0	0.0	0.0	0.0	0.0	0.15	0.8	0.05	0.0	0.0	0.0	0.0	0.0
GL	242	Pixel	GL	0.0	0.0	0.0	0.0	0.0	0.0	0.0	0.0	0.0	0.0	0.0	0.0	0.0	0.15	0.85	0.0	0.0	0.0	0.0	0.0	0.0
GL	243	Pixel	GL	0.0	0.0	0.0	0.0	0.0	0.0	0.0	0.0	0.0	0.0	0.0	0.0	0.0	0.05	0.8	0.15	0.0	0.0	0.0	0.0	0.0
GL	244	Pixel	GL	0.0	0.0	0.0	0.0	0.0	0.0	0.0	0.0	0.0	0.0	0.0	0.0	0.0	0.0	1.0	0.0	0.0	0.0	0.0	0.0	0.0
GL	245	Pixel	GL	0.0	0.0	0.0	0.0	0.0	0.0	0.0	0.0	0.0	0.0	0.0	0.0	0.0	0.15	0.8	0.05	0.0	0.0	0.0	0.0	0.0
GL	246	Pixel	GL	0.0	0.0	0.0	0.0	0.0	0.0	0.0	0.0	0.0	0.0	0.0	0.0	0.0	0.2	0.8	0.0	0.0	0.0	0.0	0.0	0.0
GL	247	Pixel	GL	0.0	0.0	0.0	0.0	0.0	0.0	0.0	0.0	0.0	0.0	0.0	0.0	0.0	0.1	0.9	0.0	0.0	0.0	0.0	0.0	0.0
GL	248	Pixel	GL	0.0	0.0	0.0	0.0	0.0	0.0	0.0	0.0	0.0	0.0	0.0	0.0	0.0	0.05	0.9	0.05	0.0	0.0	0.0	0.0	0.0
GL	249	Pixel	GL	0.0	0.0	0.0	0.0	0.0	0.0	0.0	0.0	0.0	0.0	0.0	0.0	0.0	0.15	0.85	0.0	0.0	0.0	0.0	0.0	0.0
GL	250	Pixel	HA	0.0	0.0	0.0	0.0	0.0	0.0	0.0	0.05	0.0	0.0	0.0	0.0	0.0	0.0	0.2	0.75	0.0	0.0	0.0	0.0	0.0
GL	251	Pixel	GL	0.0	0.0	0.0	0.0	0.0	0.0	0.0	0.0	0.0	0.0	0.0	0.0	0.0	0.05	0.95	0.0	0.0	0.0	0.0	0.0	0.0
GL	252	Pixel	GL	0.0	0.0	0.0	0.0	0.0	0.0	0.0	0.0	0.0	0.0	0.0	0.0	0.0	0.1	0.7	0.2	0.0	0.0	0.0	0.0	0.0
HA	253	Pixel	GL	0.0	0.0	0.0	0.0	0.0	0.0	0.0	0.0	0.0	0.0	0.0	0.0	0.0	0.05	0.95	0.0	0.0	0.0	0.0	0.0	0.0
HA	254	Pixel	HA	0.0	0.0	0.0	0.0	0.0	0.0	0.0	0.0	0.0	0.0	0.0	0.0	0.0	0.05	0.4	0.55	0.0	0.0	0.0	0.0	0.0
HA	255	Pixel	HA	0.0	0.0	0.0	0.0	0.0	0.05	0.0	0.0	0.0	0.0	0.05	0.0	0.0	0.0	0.3	0.6	0.0	0.0	0.0	0.0	0.0
HA	256	Pixel	HA	0.0	0.0	0.0	0.05	0.0	0.1	0.0	0.1	0.0	0.0	0.0	0.0	0.0	0.0	0.0	0.75	0.0	0.0	0.0	0.0	0.0
HA	257	Pixel	GL	0.0	0.0	0.0	0.0	0.0	0.0	0.0	0.0	0.0	0.0	0.0	0.0	0.0	0.05	0.55	0.4	0.0	0.0	0.0	0.0	0.0
HA	258	Pixel	HA	0.0	0.0	0.0	0.0	0.0	0.0	0.0	0.0	0.0	0.0	0.0	0.0	0.0	0.0	0.1	0.9	0.0	0.0	0.0	0.0	0.0
HA	259	Pixel	GL	0.0	0.0	0.0	0.0	0.0	0.0	0.0	0.0	0.0	0.0	0.0	0.0	0.0	0.05	0.6	0.35	0.0	0.0	0.0	0.0	0.0
HA	260	Pixel	HA	0.0	0.0	0.0	0.0	0.0	0.0	0.0	0.0	0.0	0.0	0.0	0.0	0.0	0.2	0.2	0.6	0.0	0.0	0.0	0.0	0.0
HA	261	Pixel	HA	0.0	0.0	0.0	0.0	0.0	0.0	0.0	0.05	0.0	0.0	0.0	0.0	0.0	0.0	0.0	0.95	0.0	0.0	0.0	0.0	0.0
HA	262	Pixel	HA	0.0	0.0	0.0	0.0	0.0	0.0	0.0	0.0	0.0	0.0	0.0	0.0	0.0	0.0	0.3	0.7	0.0	0.0	0.0	0.0	0.0
HA	263	Pixel	HA	0.0	0.0	0.0	0.0	0.0	0.0	0.0	0.05	0.0	0.0	0.0	0.0	0.0	0.0	0.1	0.85	0.0	0.0	0.0	0.0	0.0
HA	264	Pixel	GL	0.0	0.0	0.0	0.0	0.0	0.0	0.0	0.0	0.0	0.0	0.0	0.0	0.0	0.05	0.55	0.4	0.0	0.0	0.0	0.0	0.0
HA	265	Pixel	HA	0.0	0.0	0.0	0.0	0.0	0.0	0.0	0.0	0.0	0.0	0.0	0.0	0.0	0.0	0.3	0.7	0.0	0.0	0.0	0.0	0.0
HA	266	Pixel	GL	0.0	0.0	0.0	0.0	0.0	0.0	0.0	0.0	0.0	0.0	0.05	0.0	0.0	0.0	0.6	0.3	0.0	0.0	0.0	0.05	0.0
HA	267	Pixel	HA	0.0	0.0	0.0	0.0	0.0	0.05	0.0	0.1	0.0	0.0	0.0	0.0	0.0	0.0	0.0	0.85	0.0	0.0	0.0	0.0	0.0
SA	108	Pixel	AH	0.8	0.0	0.0	0.0	0.0	0.0	0.0	0.0	0.0	0.0	0.0	0.0	0.0	0.0	0.0	0.0	0.2	0.0	0.0	0.0	0.0
SA	109	Pixel	AH	0.5	0.0	0.0	0.0	0.0	0.0	0.0	0.0	0.0	0.0	0.0	0.0	0.0	0.0	0.0	0.0	0.45	0.0	0.0	0.0	0.05
SA	110	Pixel	AH	0.5	0.0	0.0	0.0	0.0	0.0	0.0	0.0	0.0	0.0	0.0	0.0	0.0	0.0	0.0	0.0	0.3	0.0	0.0	0.0	0.2
SA	111	Pixel	AH	0.5	0.0	0.0	0.0	0.0	0.0	0.0	0.0	0.0	0.0	0.0	0.0	0.0	0.0	0.0	0.0	0.45	0.0	0.0	0.0	0.05
SA	112	Pixel	SA	0.4	0.0	0.0	0.0	0.0	0.0	0.0	0.0	0.0	0.0	0.0	0.0	0.0	0.0	0.0	0.0	0.6	0.0	0.0	0.0	0.0
SA	113	Pixel	AH	0.5	0.0	0.0	0.0	0.0	0.0	0.0	0.0	0.0	0.0	0.0	0.05	0.0	0.0	0.0	0.0	0.45	0.0	0.0	0.0	0.0
SA	114	Pixel	AH	0.6	0.0	0.0	0.0	0.0	0.0	0.0	0.0	0.0	0.0	0.0	0.0	0.0	0.0	0.0	0.0	0.4	0.0	0.0	0.0	0.0
SA	115	Pixel	AH	0.5	0.0	0.0	0.0	0.0	0.0	0.0	0.0	0.0	0.0	0.0	0.15	0.0	0.0	0.0	0.0	0.35	0.0	0.0	0.0	0.0
SA	116	Pixel	AH	0.5	0.0	0.0	0.0	0.0	0.0	0.0	0.0	0.0	0.0	0.0	0.0	0.0	0.0	0.0	0.0	0.5	0.0	0.0	0.0	0.0
SA	117	Pixel	SA	0.4	0.0	0.0	0.0	0.0	0.0	0.0	0.0	0.0	0.0	0.0	0.0	0.0	0.0	0.0	0.0	0.5	0.0	0.0	0.0	0.1
SA	118	Pixel	DF	0.05	0.0	0.0	0.0	0.0	0.0	0.0	0.0	0.0	0.05	0.0	0.45	0.0	0.0	0.0	0.0	0.45	0.0	0.0	0.0	0.0
SA	119	Pixel	SA	0.1	0.05	0.0	0.05	0.05	0.0	0.0	0.0	0.05	0.0	0.0	0.15	0.0	0.0	0.0	0.0	0.55	0.0	0.0	0.0	0.0
SA	120	Pixel	DF	0.0	0.0	0.0	0.0	0.0	0.0	0.0	0.0	0.0	0.0	0.0	0.5	0.0	0.0	0.0	0.0	0.45	0.05	0.0	0.0	0.0
SA	121	Pixel	SA	0.05	0.0	0.1	0.0	0.2	0.0	0.0	0.0	0.15	0.0	0.0	0.1	0.0	0.0	0.0	0.0	0.4	0.0	0.0	0.0	0.0
SA	122	Pixel	SA	0.0	0.0	0.0	0.0	0.0	0.0	0.0	0.0	0.0	0.05	0.0	0.45	0.0	0.0	0.0	0.0	0.5	0.0	0.0	0.0	0.0
SA	123	Pixel	AT_S	0.2	0.1	0.05	0.0	0.1	0.0	0.0	0.0	0.35	0.0	0.05	0.05	0.0	0.0	0.0	0.0	0.0	0.0	0.0	0.0	0.1
SA	124	Pixel	AT_CH	0.1	0.05	0.25	0.1	0.1	0.1	0.0	0.0	0.25	0.0	0.0	0.0	0.0	0.0	0.0	0.0	0.05	0.0	0.0	0.0	0.0
SA	125	Pixel	AT_CH	0.2	0.0	0.25	0.05	0.0	0.15	0.0	0.0	0.25	0.0	0.0	0.0	0.05	0.0	0.0	0.0	0.05	0.0	0.0	0.0	0.0
SA	126	Pixel	SA	0.25	0.0	0.0	0.0	0.0	0.0	0.0	0.0	0.0	0.0	0.0	0.0	0.0	0.0	0.0	0.0	0.7	0.0	0.0	0.0	0.05
SA	127	Pixel	AH	0.45	0.0	0.05	0.0	0.05	0.0	0.0	0.0	0.05	0.0	0.0	0.0	0.0	0.0	0.0	0.0	0.4	0.0	0.0	0.0	0.0
SA	128	Pixel	SA	0.25	0.05	0.0	0.0	0.0	0.0	0.0	0.0	0.0	0.0	0.0	0.0	0.0	0.0	0.0	0.0	0.7	0.0	0.0	0.0	0.0
SA	129	Pixel	AH	0.5	0.0	0.0	0.0	0.0	0.0	0.0	0.0	0.0	0.0	0.0	0.0	0.0	0.0	0.0	0.0	0.45	0.0	0.0	0.0	0.05
SA	130	Pixel	SA	0.3	0.0	0.0	0.0	0.0	0.0	0.0	0.0	0.0	0.0	0.0	0.0	0.0	0.0	0.0	0.0	0.7	0.0	0.0	0.0	0.0
SA	131	Pixel	SA	0.3	0.0	0.0	0.0	0.0	0.0	0.0	0.0	0.0	0.0	0.0	0.05	0.0	0.0	0.0	0.0	0.6	0.0	0.0	0.0	0.05
SA	132	Pixel	AH	0.45	0.0	0.0	0.0	0.0	0.0	0.0	0.0	0.0	0.0	0.0	0.0	0.0	0.0	0.0	0.0	0.4	0.0	0.0	0.0	0.15
SA	133	Pixel	AH	0.6	0.0	0.0	0.0	0.0	0.0	0.0	0.0	0.0	0.0	0.0	0.05	0.0	0.0	0.0	0.0	0.3	0.0	0.0	0.0	0.05
SA	134	Pixel	SA	0.3	0.0	0.0	0.0	0.0	0.0	0.0	0.0	0.0	0.0	0.0	0.15	0.0	0.0	0.0	0.0	0.55	0.0	0.0	0.0	0.0
SA	135	Pixel	SA	0.05	0.0	0.0	0.0	0.0	0.0	0.0	0.0	0.0	0.0	0.0	0.3	0.0	0.0	0.0	0.0	0.65	0.0	0.0	0.0	0.0
SA	136	Pixel	SA	0.05	0.0	0.0	0.0	0.0	0.0	0.0	0.0	0.0	0.0	0.0	0.2	0.0	0.0	0.0	0.0	0.75	0.0	0.0	0.0	0.0
SA	137	Pixel	SA	0.1	0.0	0.0	0.0	0.0	0.0	0.0	0.0	0.0	0.0	0.0	0.1	0.0	0.0	0.0	0.0	0.8	0.0	0.0	0.0	0.0
SA	138	Pixel	AT_CA	0.0	0.35	0.0	0.05	0.25	0.0	0.05	0.0	0.0	0.05	0.0	0.05	0.0	0.0	0.0	0.0	0.2	0.0	0.0	0.0	0.0
SA	139	Pixel	DF	0.0	0.0	0.0	0.0	0.0	0.0	0.0	0.0	0.0	0.0	0.0	0.7	0.0	0.0	0.0	0.0	0.3	0.0	0.0	0.0	0.0
SA	140	Pixel	AT_I2	0.0	0.05	0.0	0.05	0.15	0.0	0.0	0.0	0.15	0.15	0.0	0.15	0.0	0.0	0.0	0.0	0.15	0.15	0.0	0.0	0.0
SA	141	Pixel	SA	0.0	0.15	0.0	0.05	0.0	0.0	0.0	0.0	0.0	0.0	0.0	0.25	0.0	0.0	0.0	0.0	0.55	0.0	0.0	0.0	0.0
SA	142	Pixel	SA	0.0	0.1	0.0	0.05	0.15	0.0	0.0	0.0	0.0	0.0	0.0	0.3	0.0	0.0	0.0	0.0	0.4	0.0	0.0	0.0	0.0
SA	143	Pixel	AT_CA	0.0	0.4	0.0	0.05	0.15	0.0	0.15	0.0	0.0	0.0	0.0	0.25	0.0	0.0	0.0	0.0	0.0	0.0	0.0	0.0	0.0
SA	144	Pixel	AT_CH	0.0	0.1	0.35	0.0	0.05	0.0	0.0	0.15	0.15	0.0	0.0	0.1	0.0	0.0	0.0	0.1	0.0	0.0	0.0	0.0	0.0
SA	145	Pixel	AT_CA	0.0	0.55	0.0	0.0	0.05	0.0	0.0	0.0	0.0	0.0	0.0	0.05	0.0	0.0	0.0	0.0	0.35	0.0	0.0	0.0	0.0
SA	146	Pixel	AT_S	0.15	0.0	0.2	0.05	0.0	0.1	0.0	0.0	0.25	0.0	0.0	0.0	0.05	0.0	0.0	0.0	0.2	0.0	0.0	0.0	0.0
SA	147	Pixel	AH	0.45	0.0	0.0	0.0	0.0	0.0	0.0	0.0	0.0	0.0	0.0	0.0	0.05	0.0	0.0	0.0	0.25	0.0	0.0	0.0	0.25
SA	148	Pixel	AH	0.6	0.0	0.0	0.0	0.0	0.0	0.0	0.0	0.0	0.0	0.0	0.0	0.0	0.0	0.0	0.0	0.35	0.0	0.0	0.0	0.05
SA	149	Pixel	AH	0.6	0.0	0.0	0.0	0.0	0.0	0.0	0.0	0.0	0.0	0.0	0.0	0.0	0.0	0.0	0.0	0.4	0.0	0.0	0.0	0.0
SA	150	Pixel	SA	0.45	0.0	0.0	0.0	0.0	0.0	0.0	0.0	0.0	0.0	0.0	0.0	0.0	0.0	0.0	0.0	0.55	0.0	0.0	0.0	0.0
SA	151	Pixel	SA	0.2	0.0	0.0	0.0	0.0	0.0	0.0	0.0	0.0	0.0	0.0	0.05	0.0	0.0	0.0	0.0	0.75	0.0	0.0	0.0	0.0
SA	152	Pixel	SA	0.1	0.0	0.05	0.0	0.0	0.0	0.0	0.0	0.0	0.0	0.0	0.2	0.0	0.0	0.0	0.0	0.65	0.0	0.0	0.0	0.0
SA	153	Pixel	SA	0.3	0.0	0.0	0.0	0.0	0.0	0.0	0.0	0.0	0.0	0.0	0.0	0.0	0.0	0.0	0.0	0.7	0.0	0.0	0.0	0.0
SA	154	Pixel	AH	0.4	0.0	0.0	0.0	0.0	0.0	0.0	0.0	0.0	0.0	0.0	0.3	0.0	0.0	0.0	0.0	0.2	0.0	0.0	0.0	0.1
SN	205	Pixel	CN	0.0	0.05	0.0	0.0	0.0	0.0	0.0	0.0	0.0	0.5	0.0	0.2	0.0	0.0	0.0	0.0	0.0	0.25	0.0	0.0	0.0
SN	206	Pixel	CN	0.0	0.0	0.0	0.0	0.0	0.0	0.0	0.0	0.0	0.6	0.0	0.0	0.0	0.2	0.0	0.0	0.0	0.2	0.0	0.0	0.0
SN	207	Pixel	ES	0.0	0.0	0.0	0.0	0.0	0.0	0.0	0.0	0.0	0.1	0.0	0.0	0.0	0.45	0.1	0.0	0.0	0.35	0.0	0.0	0.0
SN	208	Pixel	SN	0.0	0.0	0.0	0.0	0.0	0.0	0.0	0.0	0.0	0.35	0.0	0.0	0.0	0.05	0.0	0.0	0.0	0.6	0.0	0.0	0.0
SN	209	Pixel	ES	0.0	0.0	0.0	0.0	0.0	0.0	0.0	0.0	0.0	0.15	0.0	0.1	0.0	0.5	0.15	0.0	0.0	0.1	0.0	0.0	0.0
SN	210	Pixel	SN	0.0	0.1	0.0	0.0	0.1	0.0	0.15	0.0	0.0	0.25	0.0	0.05	0.0	0.05	0.0	0.0	0.0	0.3	0.0	0.0	0.0
SN	211	Pixel	AT_I2	0.0	0.1	0.0	0.05	0.3	0.0	0.3	0.0	0.05	0.15	0.0	0.0	0.0	0.0	0.0	0.0	0.0	0.05	0.0	0.0	0.0
SN	212	Pixel	ES	0.0	0.05	0.0	0.0	0.0	0.0	0.0	0.0	0.0	0.15	0.0	0.0	0.0	0.75	0.0	0.0	0.0	0.05	0.0	0.0	0.0
SN	213	Pixel	SN	0.0	0.05	0.0	0.0	0.0	0.0	0.1	0.0	0.0	0.15	0.0	0.0	0.0	0.15	0.0	0.0	0.0	0.55	0.0	0.0	0.0
SN	214	Pixel	SN	0.0	0.0	0.0	0.0	0.0	0.0	0.0	0.0	0.0	0.45	0.0	0.0	0.0	0.0	0.0	0.0	0.0	0.55	0.0	0.0	0.0
SN	215	Pixel	ES	0.0	0.05	0.0	0.0	0.0	0.0	0.0	0.0	0.0	0.25	0.0	0.0	0.0	0.3	0.15	0.0	0.0	0.25	0.0	0.0	0.0
SN	216	Pixel	CN	0.0	0.0	0.0	0.0	0.0	0.0	0.0	0.0	0.0	0.55	0.0	0.05	0.0	0.2	0.0	0.0	0.0	0.2	0.0	0.0	0.0
SS	0	Pixel	SS	0.0	0.0	0.0	0.0	0.0	0.0	0.0	0.0	0.0	0.0	0.0	0.0	0.0	0.05	0.0	0.0	0.0	0.0	0.95	0.0	0.0
SS	1	Pixel	SS	0.0	0.0	0.0	0.0	0.0	0.0	0.0	0.0	0.0	0.0	0.0	0.0	0.0	0.0	0.0	0.0	0.0	0.0	0.7	0.3	0.0
SS	2	Pixel	SS	0.0	0.0	0.0	0.0	0.0	0.0	0.0	0.0	0.0	0.0	0.0	0.0	0.0	0.0	0.0	0.0	0.0	0.0	1.0	0.0	0.0
SS	3	Pixel	SS	0.0	0.0	0.0	0.0	0.0	0.0	0.0	0.0	0.0	0.0	0.0	0.0	0.0	0.0	0.0	0.0	0.0	0.0	1.0	0.0	0.0
SS	4	Pixel	SS	0.0	0.0	0.0	0.0	0.0	0.0	0.0	0.0	0.0	0.0	0.0	0.0	0.0	0.0	0.0	0.0	0.0	0.0	1.0	0.0	0.0
SS	5	Pixel	SS	0.0	0.0	0.0	0.0	0.0	0.0	0.0	0.0	0.0	0.0	0.0	0.0	0.0	0.0	0.0	0.0	0.0	0.0	1.0	0.0	0.0
SS	6	Pixel	SS	0.0	0.0	0.0	0.0	0.0	0.0	0.0	0.0	0.0	0.0	0.0	0.0	0.0	0.0	0.0	0.0	0.0	0.0	1.0	0.0	0.0
SS	7	Pixel	SS	0.0	0.0	0.0	0.0	0.0	0.0	0.0	0.0	0.0	0.0	0.0	0.0	0.0	0.0	0.0	0.0	0.0	0.0	1.0	0.0	0.0
SS	8	Pixel	SS	0.0	0.0	0.0	0.0	0.0	0.0	0.0	0.0	0.0	0.0	0.0	0.0	0.0	0.0	0.0	0.0	0.0	0.0	1.0	0.0	0.0
SS	9	Pixel	SS	0.0	0.0	0.0	0.0	0.0	0.0	0.0	0.0	0.0	0.0	0.0	0.0	0.0	0.0	0.0	0.0	0.0	0.0	1.0	0.0	0.0
SS	10	Pixel	SS	0.0	0.0	0.0	0.0	0.0	0.0	0.0	0.0	0.0	0.0	0.0	0.0	0.0	0.0	0.0	0.0	0.0	0.0	0.6	0.4	0.0
SS	11	Pixel	SS	0.0	0.0	0.0	0.0	0.0	0.0	0.0	0.0	0.0	0.0	0.0	0.0	0.0	0.0	0.0	0.0	0.0	0.0	0.9	0.1	0.0
SS	12	Pixel	SS	0.0	0.0	0.0	0.0	0.0	0.0	0.0	0.0	0.0	0.0	0.0	0.0	0.0	0.0	0.0	0.0	0.0	0.0	1.0	0.0	0.0
SS	13	Pixel	SS	0.0	0.0	0.0	0.0	0.0	0.0	0.0	0.0	0.0	0.0	0.0	0.0	0.0	0.0	0.0	0.0	0.0	0.0	0.95	0.05	0.0
SS	14	Pixel	SS	0.0	0.0	0.0	0.0	0.0	0.0	0.0	0.0	0.0	0.0	0.0	0.0	0.0	0.0	0.0	0.0	0.0	0.0	0.95	0.05	0.0
SS	15	Pixel	SS	0.0	0.0	0.0	0.0	0.0	0.0	0.0	0.0	0.0	0.0	0.0	0.0	0.0	0.0	0.0	0.0	0.0	0.0	1.0	0.0	0.0
SS	16	Pixel	SS	0.0	0.0	0.0	0.0	0.0	0.0	0.0	0.0	0.0	0.0	0.0	0.0	0.0	0.0	0.0	0.0	0.0	0.0	1.0	0.0	0.0
SS	17	Pixel	SS	0.0	0.0	0.0	0.0	0.0	0.0	0.0	0.0	0.0	0.0	0.0	0.0	0.0	0.0	0.0	0.0	0.0	0.0	1.0	0.0	0.0
SS	18	Pixel	TMA	0.0	0.0	0.0	0.0	0.0	0.0	0.0	0.0	0.0	0.0	0.15	0.0	0.0	0.0	0.0	0.0	0.0	0.0	0.4	0.45	0.0
SS	19	Pixel	SS	0.0	0.0	0.0	0.0	0.0	0.0	0.0	0.0	0.0	0.0	0.05	0.0	0.0	0.0	0.0	0.0	0.0	0.0	0.55	0.4	0.0
TMA	20	Pixel	SS	0.0	0.0	0.0	0.0	0.0	0.0	0.0	0.0	0.0	0.0	0.05	0.0	0.0	0.0	0.0	0.0	0.0	0.0	0.8	0.15	0.0
TMA	21	Pixel	TMA	0.0	0.0	0.0	0.0	0.0	0.0	0.0	0.0	0.0	0.0	0.2	0.0	0.0	0.0	0.0	0.0	0.0	0.0	0.05	0.75	0.0
TMA	22	Pixel	SS	0.0	0.0	0.0	0.0	0.0	0.0	0.0	0.0	0.0	0.0	0.0	0.0	0.0	0.0	0.0	0.0	0.0	0.0	0.6	0.4	0.0
TMA	23	Pixel	SS	0.0	0.0	0.0	0.0	0.0	0.0	0.0	0.0	0.0	0.0	0.0	0.0	0.0	0.0	0.0	0.0	0.0	0.0	0.65	0.35	0.0
TMA	24	Pixel	SS	0.0	0.0	0.0	0.0	0.0	0.0	0.0	0.0	0.0	0.0	0.0	0.0	0.0	0.0	0.0	0.0	0.0	0.0	0.7	0.3	0.0
TMA	25	Pixel	TMA	0.0	0.0	0.0	0.0	0.0	0.0	0.0	0.0	0.0	0.0	0.25	0.0	0.05	0.0	0.0	0.0	0.0	0.0	0.15	0.55	0.0
TMA	26	Pixel	SS	0.0	0.0	0.0	0.0	0.0	0.0	0.0	0.0	0.0	0.0	0.0	0.0	0.0	0.0	0.0	0.0	0.0	0.0	0.6	0.4	0.0
TMA	27	Pixel	SS	0.0	0.0	0.0	0.0	0.0	0.0	0.0	0.0	0.0	0.0	0.05	0.0	0.0	0.0	0.0	0.0	0.0	0.0	0.55	0.4	0.0
TMA	28	Pixel	TMA	0.0	0.0	0.0	0.0	0.0	0.0	0.0	0.0	0.0	0.0	0.25	0.0	0.05	0.0	0.0	0.0	0.0	0.0	0.15	0.55	0.0
TMA	29	Pixel	TMA	0.0	0.0	0.0	0.0	0.0	0.0	0.0	0.0	0.0	0.0	0.1	0.0	0.0	0.0	0.0	0.0	0.0	0.0	0.15	0.75	0.0
TMA	30	Pixel	TMA	0.0	0.0	0.0	0.0	0.0	0.0	0.0	0.0	0.0	0.0	0.05	0.0	0.0	0.0	0.0	0.0	0.0	0.0	0.4	0.55	0.0
TMA	31	Pixel	TMA	0.0	0.0	0.0	0.0	0.0	0.0	0.0	0.0	0.0	0.0	0.0	0.0	0.0	0.0	0.0	0.0	0.0	0.0	0.1	0.9	0.0
TMA	32	Pixel	TMA	0.0	0.0	0.0	0.0	0.0	0.0	0.0	0.0	0.0	0.0	0.2	0.0	0.0	0.0	0.0	0.0	0.0	0.0	0.3	0.5	0.0
TMA	33	Pixel	TMA	0.0	0.0	0.0	0.0	0.0	0.0	0.0	0.0	0.0	0.0	0.25	0.0	0.05	0.0	0.0	0.0	0.0	0.0	0.2	0.5	0.0
TMA	34	Pixel	TMA	0.0	0.0	0.0	0.0	0.0	0.0	0.0	0.0	0.0	0.0	0.35	0.0	0.0	0.0	0.0	0.0	0.0	0.0	0.2	0.45	0.0
TMA	35	Pixel	TMA	0.0	0.0	0.0	0.0	0.0	0.0	0.0	0.0	0.0	0.0	0.15	0.0	0.0	0.0	0.0	0.0	0.0	0.0	0.3	0.55	0.0
TMA	36	Pixel	TMA	0.0	0.0	0.0	0.0	0.0	0.0	0.0	0.0	0.0	0.0	0.2	0.0	0.25	0.0	0.0	0.0	0.0	0.0	0.1	0.45	0.0
TMA	37	Pixel	TMA	0.0	0.0	0.0	0.0	0.0	0.0	0.0	0.0	0.0	0.0	0.1	0.0	0.0	0.0	0.0	0.0	0.0	0.0	0.25	0.65	0.0
TMA	38	Pixel	DG	0.0	0.0	0.0	0.0	0.0	0.0	0.0	0.0	0.0	0.0	0.25	0.0	0.45	0.0	0.0	0.0	0.0	0.0	0.0	0.3	0.0
TMA	39	Pixel	DC	0.0	0.0	0.05	0.05	0.0	0.15	0.0	0.0	0.05	0.0	0.25	0.0	0.2	0.0	0.0	0.0	0.0	0.0	0.0	0.25	0.0
TMA	40	Pixel	AT_S	0.05	0.0	0.25	0.05	0.05	0.05	0.0	0.0	0.45	0.0	0.0	0.0	0.05	0.0	0.0	0.0	0.0	0.0	0.0	0.05	0.0
TS	72	Pixel	DG	0.0	0.0	0.0	0.0	0.0	0.0	0.0	0.0	0.0	0.0	0.0	0.0	0.6	0.0	0.0	0.0	0.0	0.0	0.0	0.0	0.4
TS	73	Pixel	DG	0.0	0.0	0.0	0.0	0.0	0.0	0.0	0.0	0.0	0.0	0.05	0.0	0.55	0.0	0.0	0.0	0.0	0.0	0.0	0.0	0.4
TS	74	Pixel	TS	0.1	0.0	0.0	0.0	0.0	0.0	0.0	0.0	0.0	0.0	0.0	0.0	0.35	0.0	0.0	0.0	0.0	0.0	0.0	0.0	0.55
TS	75	Pixel	TS	0.05	0.0	0.0	0.0	0.0	0.0	0.0	0.0	0.0	0.0	0.0	0.0	0.15	0.0	0.0	0.0	0.0	0.0	0.0	0.0	0.8
TS	76	Pixel	TS	0.0	0.0	0.0	0.0	0.0	0.0	0.0	0.0	0.0	0.0	0.0	0.0	0.05	0.0	0.0	0.0	0.0	0.0	0.0	0.0	0.95
TS	77	Pixel	TS	0.0	0.0	0.0	0.0	0.0	0.0	0.0	0.0	0.0	0.0	0.05	0.0	0.1	0.0	0.0	0.0	0.0	0.0	0.0	0.0	0.85
TS	78	Pixel	TS	0.4	0.0	0.0	0.0	0.0	0.0	0.0	0.0	0.0	0.0	0.0	0.0	0.0	0.0	0.0	0.0	0.0	0.0	0.0	0.0	0.6
TS	79	Pixel	TS	0.0	0.0	0.0	0.1	0.0	0.0	0.0	0.0	0.05	0.0	0.0	0.05	0.05	0.05	0.0	0.05	0.0	0.05	0.2	0.0	0.4
TS	80	Pixel	TS	0.05	0.0	0.0	0.0	0.0	0.0	0.0	0.0	0.0	0.0	0.0	0.0	0.0	0.0	0.0	0.0	0.0	0.0	0.0	0.0	0.95
TS	81	Pixel	TS	0.05	0.0	0.0	0.0	0.0	0.0	0.0	0.0	0.0	0.0	0.0	0.0	0.0	0.0	0.0	0.0	0.0	0.0	0.0	0.0	0.95
TS	82	Pixel	TS	0.0	0.0	0.0	0.0	0.0	0.0	0.0	0.0	0.0	0.0	0.0	0.0	0.05	0.0	0.0	0.0	0.0	0.0	0.0	0.0	0.95
TS	83	Pixel	TS	0.0	0.0	0.0	0.0	0.0	0.0	0.0	0.0	0.0	0.0	0.0	0.0	0.0	0.0	0.0	0.0	0.0	0.0	0.0	0.0	1.0
TS	84	Pixel	TS	0.2	0.0	0.0	0.0	0.0	0.0	0.0	0.0	0.0	0.0	0.0	0.0	0.0	0.0	0.0	0.0	0.0	0.0	0.0	0.0	0.8
TS	85	Pixel	TS	0.25	0.0	0.0	0.0	0.0	0.0	0.0	0.0	0.0	0.0	0.0	0.0	0.0	0.0	0.0	0.0	0.0	0.0	0.0	0.0	0.75
TS	86	Pixel	TS	0.1	0.0	0.0	0.0	0.0	0.0	0.0	0.0	0.0	0.0	0.0	0.0	0.0	0.0	0.0	0.0	0.0	0.0	0.0	0.0	0.9
TS	87	Pixel	TS	0.1	0.0	0.0	0.0	0.0	0.0	0.0	0.0	0.0	0.0	0.0	0.0	0.0	0.0	0.0	0.0	0.0	0.0	0.0	0.0	0.9
TS	88	Pixel	TS	0.05	0.0	0.0	0.0	0.0	0.0	0.0	0.0	0.0	0.0	0.0	0.0	0.0	0.0	0.0	0.0	0.0	0.0	0.0	0.0	0.95
TS	89	Pixel	TS	0.05	0.0	0.0	0.0	0.0	0.0	0.0	0.0	0.0	0.0	0.0	0.0	0.0	0.0	0.0	0.0	0.0	0.0	0.0	0.0	0.95
TS	90	Pixel	TS	0.0	0.0	0.0	0.0	0.0	0.0	0.0	0.0	0.0	0.0	0.0	0.0	0.0	0.0	0.0	0.0	0.0	0.0	0.0	0.0	1.0
TS	91	Pixel	TS	0.25	0.0	0.0	0.0	0.0	0.0	0.0	0.0	0.0	0.0	0.0	0.0	0.0	0.0	0.0	0.0	0.0	0.0	0.0	0.0	0.75
