time	label	6859b8e6126b	c69294c41e47	e7b2d23d89ec	e9bdcc7d8fe6	ef3b3dd2a002	ef3b3dd2a003	ef3b3dd2a005	ef3b3dd2a006	ef3b3dd2a008	ef3b3dd2a009	ef3b3dd2a011	ef3b3dd2a012	ef3b3dd2a013	ef3b3dd2a014	ef3b3dd2a015	ef3b3dd2a016	ef3b3dd2a018	ef3b3dd2a019	ef3b3dd2a020	ef3b3dd2e001	ef3b3dd2e003	ef3b3dd2e004	ef3b3dd2e006	ef3b3dd2e007	ef3b3dd2e008	ef3b3dd2e009	f80332eda645	source
0	SS	-200.0	-200.0	-200.0	-200.0	-200.0	-200.0	-200.0	-200.0	-200.0	-200.0	-200.0	-200.0	-200.0	-200.0	-200.0	-200.0	-200.0	-200.0	-200.0	-89.0	-200.0	-90.0	-200.0	-200.0	-200.0	-200.0	-200.0	Pixel
1	SS	-200.0	-200.0	-104.0	-87.75	-200.0	-200.0	-200.0	-200.0	-102.0	-200.0	-103.0	-95.0	-200.0	-97.0	-101.0	-104.0	-89.75	-88.25	-200.0	-81.4	-200.0	-80.6	-200.0	-200.0	-200.0	-200.0	-200.0	Pixel
2	SS	-200.0	-200.0	-200.0	-81.8	-200.0	-200.0	-200.0	-200.0	-200.0	-200.0	-200.0	-104.0	-200.0	-94.5	-200.0	-104.0	-93.0	-89.0	-200.0	-77.75	-200.0	-90.0	-200.0	-200.0	-200.0	-200.0	-200.0	Pixel
3	SS	-200.0	-200.0	-200.0	-84.8	-200.0	-200.0	-200.0	-200.0	-200.0	-200.0	-200.0	-93.5	-200.0	-90.0	-200.0	-200.0	-91.66666666666667	-93.0	-200.0	-83.6	-102.0	-79.8	-200.0	-200.0	-200.0	-200.0	-200.0	Pixel
4	SS	-200.0	-200.0	-200.0	-82.66666666666667	-200.0	-200.0	-200.0	-200.0	-200.0	-200.0	-200.0	-98.0	-200.0	-94.5	-96.0	-103.0	-88.33333333333333	-86.0	-200.0	-86.0	-200.0	-84.75	-200.0	-200.0	-200.0	-200.0	-200.0	Pixel
5	SS	-200.0	-200.0	-97.0	-95.0	-200.0	-200.0	-200.0	-200.0	-200.0	-200.0	-200.0	-92.0	-200.0	-102.0	-200.0	-200.0	-84.25	-82.5	-200.0	-84.6	-200.0	-81.25	-200.0	-200.0	-200.0	-200.0	-200.0	Pixel
6	SS	-200.0	-200.0	-200.0	-91.0	-200.0	-200.0	-200.0	-200.0	-200.0	-200.0	-200.0	-90.0	-200.0	-94.5	-200.0	-200.0	-85.0	-87.0	-200.0	-83.0	-103.0	-84.0	-200.0	-200.0	-200.0	-200.0	-200.0	Pixel
7	SS	-200.0	-200.0	-200.0	-200.0	-200.0	-200.0	-200.0	-200.0	-200.0	-200.0	-200.0	-200.0	-200.0	-200.0	-200.0	-200.0	-86.33333333333333	-92.5	-200.0	-76.8	-200.0	-89.33333333333333	-200.0	-200.0	-200.0	-200.0	-200.0	Pixel
8	SS	-200.0	-200.0	-200.0	-200.0	-200.0	-200.0	-200.0	-200.0	-200.0	-200.0	-200.0	-88.0	-200.0	-200.0	-102.0	-200.0	-91.0	-91.0	-200.0	-78.5	-200.0	-89.0	-200.0	-200.0	-200.0	-200.0	-200.0	Pixel
9	SS	-200.0	-200.0	-200.0	-200.0	-200.0	-200.0	-200.0	-200.0	-200.0	-200.0	-200.0	-93.0	-200.0	-98.0	-200.0	-200.0	-91.5	-86.0	-200.0	-81.5	-200.0	-90.66666666666667	-200.0	-200.0	-200.0	-200.0	-200.0	Pixel
10	SS	-200.0	-200.0	-200.0	-103.0	-200.0	-200.0	-104.0	-200.0	-200.0	-103.0	-200.0	-200.0	-200.0	-91.0	-96.5	-200.0	-86.2	-81.33333333333333	-200.0	-89.0	-106.0	-200.0	-200.0	-200.0	-200.0	-200.0	-200.0	Pixel
11	SS	-101.0	-200.0	-200.0	-98.0	-105.0	-200.0	-100.0	-200.0	-200.0	-104.0	-200.0	-98.0	-200.0	-200.0	-200.0	-200.0	-88.0	-84.5	-200.0	-90.5	-200.0	-90.5	-200.0	-200.0	-200.0	-200.0	-200.0	Pixel
12	SS	-200.0	-200.0	-200.0	-93.0	-200.0	-200.0	-200.0	-200.0	-200.0	-200.0	-200.0	-200.0	-200.0	-98.0	-200.0	-200.0	-89.33333333333333	-87.33333333333333	-200.0	-87.0	-200.0	-91.33333333333333	-200.0	-200.0	-200.0	-200.0	-200.0	Pixel
13	SS	-200.0	-200.0	-200.0	-96.5	-200.0	-200.0	-200.0	-200.0	-200.0	-97.0	-100.0	-91.5	-200.0	-88.5	-200.0	-200.0	-86.0	-88.25	-200.0	-90.0	-200.0	-86.25	-200.0	-200.0	-200.0	-200.0	-200.0	Pixel
14	SS	-200.0	-200.0	-200.0	-84.6	-200.0	-200.0	-200.0	-200.0	-200.0	-100.0	-200.0	-88.0	-200.0	-89.5	-100.0	-200.0	-88.0	-90.0	-200.0	-86.2	-200.0	-90.0	-200.0	-200.0	-200.0	-200.0	-200.0	Pixel
15	SS	-200.0	-200.0	-98.0	-84.4	-200.0	-200.0	-200.0	-200.0	-100.0	-200.0	-200.0	-96.0	-200.0	-87.33333333333333	-105.0	-200.0	-84.4	-85.0	-200.0	-81.5	-200.0	-90.8	-200.0	-200.0	-200.0	-200.0	-200.0	Pixel
16	SS	-200.0	-200.0	-105.0	-200.0	-200.0	-200.0	-200.0	-200.0	-200.0	-101.0	-200.0	-89.0	-200.0	-92.2	-100.0	-200.0	-85.0	-91.5	-200.0	-81.5	-200.0	-88.6	-200.0	-200.0	-200.0	-200.0	-200.0	Pixel
17	SS	-200.0	-200.0	-200.0	-90.0	-200.0	-200.0	-200.0	-200.0	-200.0	-90.0	-200.0	-200.0	-200.0	-88.0	-200.0	-200.0	-85.25	-86.0	-200.0	-81.4	-200.0	-200.0	-200.0	-200.0	-200.0	-200.0	-200.0	Pixel
18	SS	-200.0	-200.0	-200.0	-87.5	-200.0	-200.0	-101.0	-200.0	-99.0	-95.0	-100.0	-86.0	-96.0	-86.0	-91.0	-200.0	-88.66666666666667	-75.0	-200.0	-79.0	-100.0	-86.5	-200.0	-200.0	-200.0	-200.0	-200.0	Pixel
19	SS	-200.0	-200.0	-98.0	-94.0	-200.0	-200.0	-200.0	-200.0	-101.0	-200.0	-100.0	-91.75	-101.0	-99.5	-93.66666666666667	-95.0	-82.75	-76.66666666666667	-200.0	-87.0	-200.0	-87.5	-200.0	-200.0	-200.0	-200.0	-200.0	Pixel
20	TMA	-200.0	-200.0	-200.0	-200.0	-200.0	-200.0	-200.0	-200.0	-101.0	-94.5	-98.0	-87.33333333333333	-100.0	-91.0	-101.0	-200.0	-85.0	-84.5	-200.0	-79.0	-200.0	-90.66666666666667	-200.0	-105.0	-200.0	-200.0	-200.0	Pixel
21	TMA	-200.0	-200.0	-200.0	-97.0	-101.0	-200.0	-96.0	-100.0	-96.0	-99.0	-99.0	-90.25	-200.0	-83.0	-95.5	-102.0	-84.5	-84.25	-200.0	-86.5	-101.0	-104.0	-200.0	-200.0	-200.0	-200.0	-200.0	Pixel
22	TMA	-200.0	-200.0	-101.5	-87.25	-200.0	-200.0	-100.25	-100.0	-102.0	-103.0	-200.0	-88.66666666666667	-200.0	-87.66666666666667	-96.66666666666667	-200.0	-78.75	-87.5	-200.0	-90.0	-200.0	-96.0	-200.0	-200.0	-200.0	-200.0	-200.0	Pixel
23	TMA	-200.0	-200.0	-100.0	-89.0	-98.0	-200.0	-93.0	-200.0	-200.0	-100.5	-100.0	-88.66666666666667	-200.0	-81.5	-101.0	-200.0	-79.66666666666667	-88.66666666666667	-200.0	-89.33333333333333	-200.0	-99.5	-200.0	-200.0	-200.0	-200.0	-200.0	Pixel
24	TMA	-200.0	-200.0	-98.5	-92.66666666666667	-200.0	-200.0	-96.0	-97.0	-200.0	-103.5	-101.0	-88.5	-97.0	-90.66666666666667	-90.8	-200.0	-79.5	-87.0	-200.0	-87.0	-200.0	-92.0	-200.0	-200.0	-200.0	-200.0	-200.0	Pixel
25	TMA	-200.0	-200.0	-91.33333333333333	-86.4	-96.0	-200.0	-90.33333333333333	-96.0	-101.0	-100.0	-95.66666666666667	-90.66666666666667	-104.0	-79.5	-93.5	-99.0	-80.4	-82.0	-200.0	-93.4	-99.0	-96.66666666666667	-200.0	-200.0	-200.0	-200.0	-200.0	Pixel
26	TMA	-200.0	-200.0	-88.33333333333333	-90.33333333333333	-94.0	-200.0	-200.0	-200.0	-96.0	-200.0	-200.0	-89.33333333333333	-200.0	-79.66666666666667	-90.0	-200.0	-80.0	-89.0	-200.0	-90.33333333333333	-93.5	-92.0	-200.0	-200.0	-200.0	-200.0	-200.0	Pixel
27	TMA	-200.0	-200.0	-84.5	-89.6	-97.0	-200.0	-96.0	-101.5	-200.0	-94.0	-200.0	-85.33333333333333	-200.0	-81.0	-91.5	-200.0	-76.0	-81.0	-200.0	-88.0	-98.0	-105.0	-200.0	-200.0	-200.0	-200.0	-200.0	Pixel
28	TMA	-101.0	-200.0	-81.0	-85.8	-100.0	-102.0	-200.0	-200.0	-99.0	-102.0	-98.0	-87.4	-200.0	-75.0	-87.0	-102.0	-80.33333333333333	-75.8	-200.0	-87.5	-200.0	-200.0	-200.0	-200.0	-200.0	-200.0	-200.0	Pixel
29	TMA	-200.0	-200.0	-81.0	-87.25	-86.0	-200.0	-92.0	-200.0	-100.0	-200.0	-200.0	-84.0	-200.0	-77.25	-93.5	-95.0	-76.0	-79.2	-200.0	-88.0	-99.5	-100.0	-200.0	-200.0	-200.0	-200.0	-200.0	Pixel
30	TMA	-200.0	-200.0	-200.0	-88.0	-96.25	-200.0	-94.0	-99.0	-100.0	-96.0	-200.0	-87.5	-200.0	-83.0	-98.0	-200.0	-72.0	-82.5	-200.0	-85.5	-200.0	-98.0	-200.0	-200.0	-200.0	-200.0	-200.0	Pixel
31	TMA	-200.0	-200.0	-97.0	-84.0	-92.0	-200.0	-98.0	-102.0	-200.0	-200.0	-200.0	-85.66666666666667	-102.0	-79.0	-85.66666666666667	-92.5	-68.33333333333333	-82.0	-104.0	-88.0	-200.0	-99.0	-200.0	-200.0	-200.0	-200.0	-200.0	Pixel
32	TMA	-200.0	-200.0	-92.5	-93.4	-90.5	-200.0	-96.0	-100.0	-200.0	-97.0	-200.0	-82.33333333333333	-93.0	-75.75	-85.33333333333333	-96.0	-70.5	-84.5	-104.0	-95.75	-95.0	-96.0	-200.0	-200.0	-200.0	-200.0	-200.0	Pixel
33	TMA	-200.0	-200.0	-90.0	-88.33333333333333	-95.33333333333333	-200.0	-90.0	-98.0	-101.0	-91.0	-97.0	-84.0	-101.0	-81.0	-92.0	-96.0	-78.5	-85.6	-200.0	-89.0	-98.5	-99.5	-200.0	-200.0	-200.0	-98.0	-200.0	Pixel
34	TMA	-103.0	-200.0	-99.33333333333333	-200.0	-94.0	-200.0	-89.0	-200.0	-200.0	-95.0	-97.0	-90.5	-99.5	-85.2	-89.33333333333333	-200.0	-75.4	-88.0	-200.0	-94.0	-102.0	-200.0	-200.0	-200.0	-200.0	-200.0	-200.0	Pixel
35	TMA	-200.0	-200.0	-200.0	-89.33333333333333	-90.0	-101.0	-95.5	-200.0	-200.0	-96.66666666666667	-96.0	-91.0	-200.0	-81.0	-88.5	-200.0	-82.0	-82.33333333333333	-200.0	-89.0	-101.0	-200.0	-200.0	-200.0	-200.0	-200.0	-200.0	Pixel
36	TMA	-98.0	-200.0	-200.0	-87.33333333333333	-97.0	-200.0	-96.5	-99.0	-200.0	-99.0	-200.0	-85.5	-96.0	-83.33333333333333	-87.6	-90.25	-76.25	-80.2	-200.0	-90.33333333333333	-102.0	-96.0	-200.0	-200.0	-200.0	-200.0	-200.0	Pixel
37	TMA	-200.0	-200.0	-96.0	-90.0	-99.0	-200.0	-97.0	-98.0	-200.0	-97.0	-200.0	-87.33333333333333	-95.0	-85.66666666666667	-88.33333333333333	-97.33333333333333	-71.75	-79.75	-200.0	-90.0	-96.0	-100.0	-200.0	-200.0	-200.0	-200.0	-200.0	Pixel
38	TMA	-99.0	-200.0	-96.0	-88.75	-95.5	-200.0	-100.0	-101.5	-97.0	-200.0	-98.0	-80.33333333333333	-97.33333333333333	-84.75	-85.66666666666667	-93.0	-70.0	-78.6	-200.0	-91.75	-95.5	-98.0	-200.0	-200.0	-200.0	-200.0	-103.5	Pixel
39	TMA	-101.0	-105.0	-94.0	-85.0	-95.0	-200.0	-100.0	-102.0	-96.0	-94.0	-99.33333333333333	-76.66666666666667	-99.25	-82.66666666666667	-87.66666666666667	-101.33333333333333	-67.5	-76.0	-105.0	-91.25	-97.0	-96.66666666666667	-200.0	-200.0	-200.0	-200.0	-101.5	Pixel
40	TMA	-200.0	-200.0	-96.0	-83.5	-93.5	-200.0	-94.0	-96.66666666666667	-95.5	-97.66666666666667	-98.0	-76.0	-97.5	-83.75	-87.0	-97.0	-67.2	-71.33333333333333	-103.0	-200.0	-91.0	-102.0	-200.0	-102.0	-200.0	-200.0	-102.5	Pixel
41	DC	-98.0	-200.0	-200.0	-81.75	-87.0	-200.0	-97.0	-97.0	-98.33333333333333	-94.0	-98.0	-75.8	-89.33333333333333	-87.33333333333333	-87.0	-200.0	-80.33333333333333	-70.2	-200.0	-89.0	-93.0	-98.0	-200.0	-200.0	-200.0	-200.0	-200.0	Pixel
42	DC	-92.5	-200.0	-94.0	-80.75	-89.5	-200.0	-90.5	-87.0	-90.0	-95.5	-93.0	-74.0	-200.0	-200.0	-90.0	-96.0	-75.75	-66.5	-200.0	-89.66666666666667	-90.0	-200.0	-200.0	-200.0	-200.0	-200.0	-200.0	Pixel
43	DC	-88.0	-200.0	-86.75	-84.25	-88.33333333333333	-97.0	-84.5	-85.0	-90.0	-92.0	-200.0	-76.5	-84.5	-96.33333333333333	-93.66666666666667	-92.0	-76.5	-69.0	-98.0	-93.66666666666667	-200.0	-99.0	-95.66666666666667	-200.0	-200.0	-200.0	-102.0	Pixel
44	DC	-82.5	-200.0	-91.0	-82.33333333333333	-82.0	-98.5	-83.66666666666667	-93.0	-92.5	-95.5	-90.66666666666667	-74.75	-91.0	-91.0	-85.0	-89.0	-79.0	-72.0	-97.0	-90.0	-92.0	-99.0	-94.0	-200.0	-200.0	-200.0	-101.0	Pixel
45	DC	-94.0	-100.0	-200.0	-85.0	-84.33333333333333	-98.0	-84.0	-82.5	-94.33333333333333	-88.0	-88.5	-74.75	-94.0	-91.0	-85.0	-96.0	-73.0	-71.0	-96.5	-93.66666666666667	-87.0	-200.0	-90.0	-100.0	-98.0	-200.0	-200.0	Pixel
46	DC	-200.0	-200.0	-93.0	-89.75	-92.33333333333333	-200.0	-89.75	-82.2	-90.0	-92.0	-200.0	-74.0	-88.0	-92.0	-200.0	-93.0	-69.0	-71.33333333333333	-99.33333333333333	-100.0	-92.5	-98.0	-95.0	-200.0	-200.0	-200.0	-103.0	Pixel
47	DC	-103.0	-200.0	-94.0	-97.5	-95.0	-200.0	-93.5	-83.5	-90.0	-99.66666666666667	-93.0	-70.5	-89.66666666666667	-89.25	-92.0	-98.0	-67.0	-72.75	-93.0	-95.5	-89.0	-97.0	-200.0	-200.0	-200.0	-200.0	-98.0	Pixel
48	DC	-100.0	-100.0	-91.0	-91.0	-96.0	-200.0	-91.0	-93.66666666666667	-95.0	-93.0	-91.0	-81.0	-89.5	-94.33333333333333	-92.0	-100.0	-69.33333333333333	-74.5	-96.5	-95.0	-91.0	-100.0	-95.0	-104.0	-200.0	-200.0	-100.5	Pixel
49	DC	-98.0	-102.0	-98.5	-94.0	-97.33333333333333	-105.0	-200.0	-93.0	-95.0	-92.0	-95.0	-85.5	-93.0	-96.33333333333333	-90.0	-100.0	-77.25	-70.66666666666667	-98.0	-88.0	-97.0	-200.0	-200.0	-200.0	-200.0	-200.0	-200.0	Pixel
50	DC	-200.0	-200.0	-200.0	-86.8	-91.0	-200.0	-200.0	-93.5	-200.0	-200.0	-99.0	-78.5	-101.0	-91.5	-91.0	-100.0	-76.0	-72.0	-200.0	-200.0	-93.5	-200.0	-200.0	-200.0	-200.0	-200.0	-200.0	Pixel
51	DC	-98.0	-200.0	-91.66666666666667	-82.0	-89.5	-100.0	-91.66666666666667	-92.0	-99.0	-100.0	-200.0	-78.0	-98.0	-95.66666666666667	-92.66666666666667	-102.66666666666667	-74.33333333333333	-67.2	-200.0	-96.66666666666667	-100.0	-200.0	-101.0	-200.0	-200.0	-200.0	-200.0	Pixel
52	DC	-200.0	-200.0	-91.5	-82.2	-89.5	-106.0	-86.0	-94.0	-101.0	-100.0	-102.0	-85.0	-92.0	-90.33333333333333	-96.0	-96.0	-76.4	-70.75	-200.0	-94.0	-97.25	-200.0	-200.0	-200.0	-200.0	-200.0	-97.0	Pixel
53	DC	-100.0	-200.0	-200.0	-85.25	-88.0	-200.0	-93.0	-200.0	-94.5	-88.0	-101.0	-77.0	-91.5	-93.66666666666667	-200.0	-101.5	-81.75	-63.25	-200.0	-96.66666666666667	-94.66666666666667	-200.0	-200.0	-200.0	-200.0	-200.0	-200.0	Pixel
54	DC	-93.0	-101.0	-92.0	-90.5	-90.0	-200.0	-89.5	-99.5	-92.0	-98.0	-95.0	-72.5	-89.0	-90.5	-97.0	-200.0	-75.5	-66.0	-200.0	-89.0	-92.5	-200.0	-200.0	-200.0	-200.0	-200.0	-200.0	Pixel
55	DG	-84.0	-200.0	-93.25	-84.33333333333333	-93.66666666666667	-200.0	-96.0	-99.5	-95.0	-103.0	-96.0	-83.66666666666667	-84.33333333333333	-93.25	-93.0	-97.33333333333333	-85.0	-74.0	-200.0	-95.0	-90.0	-200.0	-200.0	-200.0	-200.0	-200.0	-200.0	Pixel
56	DG	-200.0	-200.0	-102.0	-77.33333333333333	-98.0	-200.0	-93.5	-99.33333333333333	-96.5	-200.0	-200.0	-86.0	-86.5	-98.0	-100.0	-200.0	-80.5	-71.2	-200.0	-200.0	-89.33333333333333	-200.0	-200.0	-200.0	-200.0	-200.0	-200.0	Pixel
57	DG	-88.0	-200.0	-98.5	-78.6	-96.0	-200.0	-97.66666666666667	-200.0	-97.5	-97.66666666666667	-100.5	-86.0	-84.0	-94.0	-100.0	-200.0	-75.5	-80.0	-200.0	-97.0	-92.0	-200.0	-200.0	-200.0	-200.0	-200.0	-99.0	Pixel
58	DG	-200.0	-200.0	-98.0	-83.25	-96.5	-200.0	-96.0	-96.0	-92.0	-100.5	-101.0	-85.0	-84.66666666666667	-100.0	-200.0	-200.0	-85.33333333333333	-86.25	-100.0	-200.0	-89.5	-200.0	-200.0	-105.0	-200.0	-200.0	-98.33333333333333	Pixel
59	DG	-88.0	-200.0	-104.0	-80.75	-97.0	-200.0	-98.0	-94.5	-94.25	-98.0	-200.0	-86.0	-81.33333333333333	-98.0	-97.0	-200.0	-79.4	-86.0	-99.0	-97.66666666666667	-95.0	-200.0	-200.0	-102.0	-200.0	-200.0	-104.0	Pixel
60	DG	-200.0	-200.0	-200.0	-78.75	-91.2	-200.0	-98.0	-98.0	-94.0	-200.0	-96.0	-85.0	-78.4	-96.0	-200.0	-100.66666666666667	-82.33333333333333	-78.66666666666667	-200.0	-93.5	-90.0	-200.0	-200.0	-200.0	-200.0	-200.0	-97.0	Pixel
61	DG	-96.0	-200.0	-98.5	-79.5	-200.0	-200.0	-93.0	-96.0	-94.0	-96.0	-96.5	-87.0	-82.25	-99.5	-99.5	-200.0	-83.5	-77.75	-200.0	-98.0	-95.33333333333333	-200.0	-107.0	-200.0	-200.0	-200.0	-99.0	Pixel
62	DG	-96.0	-102.0	-103.5	-77.75	-95.33333333333333	-200.0	-200.0	-89.0	-87.33333333333333	-98.0	-95.0	-83.33333333333333	-80.0	-97.5	-96.5	-91.0	-79.2	-77.66666666666667	-200.0	-101.0	-100.0	-102.0	-200.0	-98.5	-200.0	-200.0	-100.0	Pixel
63	DG	-200.0	-104.0	-97.0	-78.25	-102.0	-105.0	-89.75	-97.66666666666667	-86.0	-96.5	-97.33333333333333	-89.66666666666667	-79.5	-95.5	-92.5	-200.0	-81.0	-80.25	-101.0	-102.0	-93.0	-200.0	-200.0	-99.33333333333333	-200.0	-200.0	-97.0	Pixel
64	DG	-91.5	-200.0	-99.5	-74.0	-89.5	-200.0	-86.0	-95.0	-91.0	-99.33333333333333	-94.66666666666667	-85.0	-77.25	-200.0	-100.66666666666667	-200.0	-84.0	-77.75	-200.0	-99.0	-90.0	-104.0	-200.0	-102.5	-200.0	-200.0	-200.0	Pixel
65	DG	-88.5	-101.0	-200.0	-85.0	-99.25	-200.0	-97.0	-96.5	-84.0	-94.0	-200.0	-87.66666666666667	-78.2	-200.0	-93.5	-97.25	-85.66666666666667	-77.5	-200.0	-94.4	-86.5	-200.0	-200.0	-96.0	-200.0	-200.0	-98.0	Pixel
66	DG	-91.5	-200.0	-97.0	-74.33333333333333	-90.5	-200.0	-93.0	-96.0	-90.33333333333333	-200.0	-96.0	-78.5	-78.0	-200.0	-89.0	-92.5	-79.66666666666667	-75.0	-200.0	-97.66666666666667	-200.0	-200.0	-200.0	-200.0	-105.0	-200.0	-95.5	Pixel
67	DG	-200.0	-200.0	-200.0	-84.0	-90.0	-200.0	-100.0	-100.0	-90.33333333333333	-100.0	-100.0	-85.4	-78.33333333333333	-99.0	-98.0	-96.0	-83.0	-74.33333333333333	-99.5	-98.66666666666667	-93.0	-200.0	-200.0	-200.0	-200.0	-200.0	-88.0	Pixel
68	DG	-91.0	-200.0	-200.0	-82.75	-96.5	-200.0	-200.0	-95.0	-89.75	-200.0	-101.5	-89.66666666666667	-81.4	-99.33333333333333	-97.0	-200.0	-80.5	-81.2	-200.0	-96.0	-93.0	-200.0	-200.0	-200.0	-200.0	-200.0	-200.0	Pixel
69	DG	-200.0	-200.0	-100.0	-84.0	-98.0	-200.0	-96.5	-99.0	-90.0	-200.0	-100.5	-90.0	-81.0	-99.0	-100.0	-200.0	-79.5	-78.0	-101.0	-200.0	-94.33333333333333	-200.0	-200.0	-200.0	-200.0	-200.0	-101.0	Pixel
70	DG	-91.5	-200.0	-104.0	-86.0	-96.0	-200.0	-101.66666666666667	-100.0	-97.66666666666667	-200.0	-102.5	-93.0	-83.0	-104.0	-200.0	-200.0	-88.33333333333333	-78.2	-100.0	-200.0	-95.66666666666667	-200.0	-200.0	-200.0	-200.0	-200.0	-102.0	Pixel
71	DG	-89.0	-200.0	-200.0	-83.5	-101.0	-200.0	-200.0	-98.0	-95.0	-200.0	-102.0	-92.66666666666667	-82.33333333333333	-200.0	-200.0	-102.0	-82.0	-82.25	-200.0	-200.0	-98.0	-200.0	-200.0	-200.0	-200.0	-200.0	-200.0	Pixel
72	TS	-90.5	-200.0	-200.0	-80.75	-95.33333333333333	-200.0	-95.25	-100.0	-93.0	-200.0	-200.0	-89.0	-87.0	-200.0	-200.0	-102.0	-87.2	-81.5	-200.0	-200.0	-95.5	-200.0	-200.0	-200.0	-200.0	-200.0	-97.33333333333333	Pixel
73	TS	-94.0	-200.0	-200.0	-78.2	-100.66666666666667	-200.0	-94.5	-99.0	-95.5	-200.0	-100.0	-92.0	-85.5	-200.0	-200.0	-200.0	-88.0	-84.33333333333333	-200.0	-103.0	-100.0	-200.0	-200.0	-200.0	-200.0	-200.0	-98.0	Pixel
74	TS	-88.5	-200.0	-102.0	-78.25	-94.5	-200.0	-92.5	-200.0	-95.0	-102.0	-102.0	-84.0	-200.0	-200.0	-200.0	-200.0	-92.2	-85.25	-200.0	-200.0	-93.0	-200.0	-200.0	-200.0	-200.0	-200.0	-97.66666666666667	Pixel
75	TS	-82.5	-200.0	-200.0	-78.8	-200.0	-200.0	-96.0	-200.0	-200.0	-200.0	-104.0	-90.0	-96.5	-103.0	-200.0	-200.0	-91.25	-87.0	-200.0	-99.5	-93.0	-104.0	-200.0	-101.0	-200.0	-200.0	-91.0	Pixel
76	TS	-93.0	-200.0	-105.0	-82.75	-200.0	-200.0	-100.6	-200.0	-200.0	-200.0	-200.0	-97.0	-200.0	-200.0	-200.0	-200.0	-89.0	-91.0	-200.0	-101.0	-96.0	-200.0	-200.0	-200.0	-200.0	-200.0	-97.2	Pixel
77	TS	-93.0	-200.0	-200.0	-82.25	-200.0	-200.0	-102.0	-200.0	-108.0	-200.0	-200.0	-100.5	-96.0	-200.0	-200.0	-200.0	-98.0	-95.0	-200.0	-200.0	-107.0	-200.0	-200.0	-200.0	-200.0	-200.0	-98.0	Pixel
78	TS	-90.0	-200.0	-200.0	-85.8	-200.0	-200.0	-200.0	-200.0	-101.0	-200.0	-200.0	-99.0	-100.0	-200.0	-200.0	-200.0	-200.0	-200.0	-200.0	-200.0	-102.0	-200.0	-200.0	-200.0	-200.0	-200.0	-100.0	Pixel
79	TS	-200.0	-200.0	-200.0	-83.0	-200.0	-200.0	-100.0	-200.0	-200.0	-200.0	-200.0	-200.0	-200.0	-200.0	-200.0	-200.0	-200.0	-96.5	-200.0	-200.0	-200.0	-200.0	-200.0	-200.0	-200.0	-200.0	-200.0	Pixel
80	TS	-85.0	-200.0	-200.0	-86.75	-106.0	-200.0	-200.0	-200.0	-200.0	-200.0	-104.0	-99.0	-200.0	-200.0	-200.0	-200.0	-200.0	-97.66666666666667	-200.0	-200.0	-200.0	-200.0	-200.0	-200.0	-200.0	-200.0	-95.33333333333333	Pixel
81	TS	-85.0	-200.0	-200.0	-88.66666666666667	-200.0	-200.0	-200.0	-200.0	-200.0	-200.0	-200.0	-200.0	-200.0	-200.0	-200.0	-200.0	-100.0	-200.0	-200.0	-200.0	-98.0	-200.0	-200.0	-200.0	-200.0	-200.0	-90.33333333333333	Pixel
82	TS	-82.5	-200.0	-200.0	-88.0	-200.0	-200.0	-200.0	-200.0	-103.0	-200.0	-100.0	-100.0	-200.0	-200.0	-200.0	-200.0	-102.0	-98.0	-200.0	-200.0	-200.0	-200.0	-200.0	-200.0	-200.0	-200.0	-100.0	Pixel
83	TS	-86.0	-200.0	-200.0	-90.5	-200.0	-200.0	-200.0	-200.0	-200.0	-200.0	-200.0	-200.0	-200.0	-200.0	-200.0	-200.0	-200.0	-98.0	-200.0	-200.0	-200.0	-200.0	-200.0	-200.0	-200.0	-200.0	-91.66666666666667	Pixel
84	TS	-78.5	-200.0	-200.0	-97.0	-200.0	-200.0	-200.0	-200.0	-200.0	-200.0	-200.0	-200.0	-200.0	-200.0	-200.0	-200.0	-200.0	-200.0	-200.0	-200.0	-96.0	-200.0	-200.0	-200.0	-200.0	-200.0	-95.0	Pixel
85	TS	-77.5	-200.0	-200.0	-93.0	-200.0	-200.0	-200.0	-200.0	-200.0	-200.0	-200.0	-200.0	-100.0	-200.0	-200.0	-200.0	-200.0	-200.0	-200.0	-200.0	-95.25	-200.0	-200.0	-200.0	-200.0	-200.0	-94.33333333333333	Pixel
86	TS	-78.0	-200.0	-200.0	-92.33333333333333	-200.0	-200.0	-200.0	-101.0	-200.0	-200.0	-200.0	-101.0	-200.0	-200.0	-200.0	-200.0	-100.0	-101.0	-200.0	-200.0	-91.0	-200.0	-200.0	-98.66666666666667	-200.0	-200.0	-89.2	Pixel
87	TS	-75.5	-200.0	-200.0	-92.5	-200.0	-200.0	-106.0	-200.0	-200.0	-200.0	-100.0	-200.0	-200.0	-200.0	-200.0	-200.0	-97.0	-100.0	-200.0	-200.0	-87.25	-200.0	-200.0	-88.42857142857143	-200.0	-200.0	-84.75	Pixel
88	TS	-73.0	-200.0	-200.0	-87.0	-200.0	-200.0	-200.0	-200.0	-200.0	-103.0	-200.0	-200.0	-200.0	-200.0	-200.0	-200.0	-100.0	-95.0	-200.0	-200.0	-87.66666666666667	-200.0	-200.0	-89.33333333333333	-200.0	-200.0	-83.25	Pixel
89	TS	-72.5	-200.0	-200.0	-86.5	-105.0	-200.0	-102.0	-200.0	-200.0	-200.0	-200.0	-102.0	-200.0	-200.0	-200.0	-200.0	-200.0	-91.5	-200.0	-200.0	-82.5	-200.0	-200.0	-87.66666666666667	-200.0	-200.0	-84.2	Pixel
90	TS	-74.0	-200.0	-200.0	-83.75	-98.33333333333333	-200.0	-200.0	-200.0	-200.0	-200.0	-200.0	-98.5	-200.0	-200.0	-200.0	-200.0	-99.5	-97.0	-200.0	-200.0	-85.25	-200.0	-200.0	-89.6	-200.0	-200.0	-81.66666666666667	Pixel
91	TS	-77.5	-200.0	-200.0	-83.0	-200.0	-200.0	-200.0	-200.0	-200.0	-200.0	-92.0	-200.0	-200.0	-200.0	-200.0	-200.0	-200.0	-92.0	-200.0	-200.0	-200.0	-200.0	-200.0	-88.6	-200.0	-200.0	-80.5	Pixel
92	AH	-77.0	-200.0	-200.0	-79.75	-200.0	-200.0	-200.0	-200.0	-200.0	-200.0	-90.5	-200.0	-200.0	-200.0	-200.0	-200.0	-200.0	-94.5	-200.0	-200.0	-88.5	-200.0	-200.0	-87.0	-200.0	-200.0	-83.0	Pixel
93	AH	-69.5	-200.0	-200.0	-86.25	-100.0	-200.0	-200.0	-200.0	-200.0	-200.0	-91.0	-200.0	-98.0	-200.0	-200.0	-200.0	-200.0	-200.0	-200.0	-200.0	-81.0	-200.0	-200.0	-86.8	-200.0	-200.0	-79.25	Pixel
94	AH	-76.0	-200.0	-200.0	-89.5	-200.0	-200.0	-200.0	-200.0	-99.0	-200.0	-95.0	-96.0	-200.0	-101.0	-102.0	-200.0	-200.0	-200.0	-200.0	-200.0	-85.25	-200.0	-200.0	-86.0	-200.0	-200.0	-78.75	Pixel
95	AH	-79.0	-200.0	-200.0	-92.66666666666667	-98.0	-200.0	-200.0	-100.0	-200.0	-200.0	-200.0	-200.0	-97.0	-200.0	-200.0	-200.0	-200.0	-200.0	-200.0	-200.0	-83.4	-200.0	-200.0	-91.33333333333333	-200.0	-200.0	-81.0	Pixel
96	AH	-76.5	-200.0	-200.0	-90.25	-200.0	-200.0	-105.0	-200.0	-99.0	-200.0	-200.0	-200.0	-96.0	-200.0	-102.0	-200.0	-101.5	-105.0	-200.0	-200.0	-84.4	-200.0	-200.0	-90.66666666666667	-200.0	-200.0	-83.0	Pixel
97	AH	-79.5	-200.0	-200.0	-89.0	-200.0	-200.0	-200.0	-200.0	-103.0	-100.0	-200.0	-100.5	-200.0	-200.0	-200.0	-200.0	-101.0	-200.0	-200.0	-200.0	-88.0	-200.0	-200.0	-87.8	-200.0	-200.0	-88.33333333333333	Pixel
98	AH	-77.0	-200.0	-200.0	-200.0	-200.0	-200.0	-200.0	-200.0	-96.0	-200.0	-200.0	-200.0	-200.0	-200.0	-200.0	-200.0	-200.0	-200.0	-200.0	-200.0	-83.75	-200.0	-200.0	-92.6	-200.0	-200.0	-88.0	Pixel
99	AH	-87.0	-200.0	-106.0	-93.6	-100.0	-200.0	-99.5	-200.0	-200.0	-99.0	-200.0	-99.66666666666667	-102.0	-100.0	-95.0	-200.0	-200.0	-97.0	-200.0	-200.0	-82.75	-200.0	-200.0	-96.75	-200.0	-200.0	-86.0	Pixel
100	AH	-80.0	-200.0	-200.0	-89.6	-200.0	-200.0	-101.0	-200.0	-200.0	-101.0	-200.0	-103.0	-200.0	-200.0	-200.0	-200.0	-200.0	-99.0	-200.0	-200.0	-78.4	-200.0	-200.0	-90.8	-200.0	-200.0	-85.5	Pixel
101	AH	-77.0	-200.0	-100.0	-84.4	-200.0	-200.0	-108.0	-103.0	-102.0	-200.0	-97.0	-98.66666666666667	-96.0	-200.0	-97.0	-200.0	-200.0	-101.0	-200.0	-200.0	-78.2	-200.0	-200.0	-87.5	-200.0	-200.0	-83.33333333333333	Pixel
102	AH	-80.0	-200.0	-102.0	-93.0	-97.0	-200.0	-100.5	-200.0	-200.0	-200.0	-94.0	-200.0	-200.0	-200.0	-96.0	-200.0	-200.0	-103.0	-200.0	-200.0	-81.66666666666667	-200.0	-200.0	-91.0	-200.0	-200.0	-80.75	Pixel
103	AH	-81.0	-200.0	-200.0	-90.5	-200.0	-200.0	-99.0	-200.0	-200.0	-200.0	-90.0	-200.0	-95.5	-101.0	-200.0	-200.0	-200.0	-200.0	-200.0	-200.0	-80.75	-200.0	-200.0	-83.5	-200.0	-200.0	-83.0	Pixel
104	AH	-86.0	-200.0	-200.0	-88.5	-200.0	-200.0	-200.0	-200.0	-200.0	-200.0	-93.0	-200.0	-200.0	-200.0	-102.0	-200.0	-200.0	-200.0	-200.0	-200.0	-80.75	-200.0	-200.0	-85.71428571428571	-200.0	-200.0	-82.0	Pixel
105	AH	-76.5	-200.0	-200.0	-89.0	-200.0	-200.0	-97.5	-200.0	-200.0	-101.5	-93.0	-200.0	-200.0	-200.0	-200.0	-200.0	-105.0	-200.0	-200.0	-200.0	-82.33333333333333	-200.0	-200.0	-84.0	-200.0	-200.0	-79.4	Pixel
106	AH	-81.0	-200.0	-200.0	-89.0	-103.0	-200.0	-200.0	-200.0	-95.0	-200.0	-91.0	-200.0	-101.0	-200.0	-200.0	-200.0	-200.0	-200.0	-200.0	-200.0	-83.0	-200.0	-200.0	-89.25	-200.0	-200.0	-77.25	Pixel
107	AH	-80.0	-200.0	-200.0	-90.2	-200.0	-200.0	-200.0	-200.0	-101.0	-200.0	-200.0	-200.0	-97.0	-200.0	-200.0	-104.0	-200.0	-200.0	-200.0	-200.0	-83.4	-200.0	-200.0	-89.0	-200.0	-200.0	-80.33333333333333	Pixel
108	SA	-78.0	-200.0	-200.0	-93.0	-107.0	-200.0	-200.0	-200.0	-105.0	-200.0	-93.0	-200.0	-100.0	-200.0	-102.0	-200.0	-200.0	-200.0	-200.0	-200.0	-87.25	-200.0	-200.0	-87.75	-200.0	-200.0	-85.75	Pixel
109	SA	-75.5	-101.0	-103.0	-94.33333333333333	-200.0	-200.0	-101.0	-200.0	-200.0	-101.0	-95.0	-200.0	-95.25	-102.0	-200.0	-200.0	-200.0	-99.33333333333333	-200.0	-200.0	-90.66666666666667	-200.0	-200.0	-87.83333333333333	-200.0	-200.0	-80.6	Pixel
110	SA	-78.5	-102.0	-200.0	-95.5	-99.0	-200.0	-97.0	-200.0	-102.0	-98.5	-93.33333333333333	-97.0	-97.0	-200.0	-200.0	-200.0	-200.0	-100.0	-200.0	-200.0	-86.8	-200.0	-200.0	-84.83333333333333	-200.0	-200.0	-82.25	Pixel
111	SA	-80.0	-200.0	-200.0	-87.0	-200.0	-200.0	-200.0	-200.0	-200.0	-96.0	-89.6	-200.0	-200.0	-102.0	-200.0	-200.0	-200.0	-200.0	-200.0	-200.0	-90.5	-200.0	-200.0	-84.8	-200.0	-200.0	-80.75	Pixel
112	SA	-93.0	-200.0	-96.0	-89.8	-100.0	-200.0	-200.0	-102.0	-96.0	-100.0	-93.5	-200.0	-102.0	-200.0	-200.0	-200.0	-200.0	-200.0	-200.0	-200.0	-91.4	-200.0	-200.0	-79.875	-200.0	-200.0	-81.0	Pixel
113	SA	-93.0	-200.0	-100.0	-200.0	-200.0	-200.0	-200.0	-200.0	-200.0	-97.0	-86.33333333333333	-200.0	-200.0	-102.0	-200.0	-200.0	-200.0	-200.0	-200.0	-200.0	-93.0	-200.0	-200.0	-79.83333333333333	-200.0	-200.0	-86.6	Pixel
114	SA	-95.0	-200.0	-100.0	-99.0	-200.0	-200.0	-200.0	-200.0	-103.0	-93.0	-90.0	-101.0	-200.0	-200.0	-200.0	-200.0	-200.0	-200.0	-200.0	-200.0	-88.0	-200.0	-200.0	-79.28571428571429	-200.0	-200.0	-84.0	Pixel
115	SA	-92.0	-93.0	-200.0	-98.0	-96.5	-200.0	-102.0	-200.0	-200.0	-90.0	-92.0	-99.5	-200.0	-200.0	-103.0	-200.0	-200.0	-200.0	-200.0	-200.0	-94.0	-200.0	-200.0	-75.0	-102.0	-200.0	-86.4	Pixel
116	SA	-91.5	-200.0	-97.33333333333333	-200.0	-200.0	-200.0	-96.0	-200.0	-200.0	-85.33333333333333	-95.5	-200.0	-101.0	-200.0	-200.0	-200.0	-200.0	-200.0	-200.0	-200.0	-92.0	-200.0	-200.0	-74.14285714285714	-200.0	-200.0	-86.5	Pixel
117	SA	-200.0	-200.0	-200.0	-101.0	-96.0	-200.0	-200.0	-200.0	-200.0	-86.33333333333333	-93.0	-200.0	-94.0	-100.0	-200.0	-200.0	-200.0	-200.0	-200.0	-200.0	-100.0	-200.0	-99.0	-70.6	-200.0	-200.0	-87.0	Pixel
118	SA	-200.0	-92.0	-96.0	-200.0	-200.0	-200.0	-200.0	-200.0	-200.0	-89.0	-90.5	-200.0	-94.0	-200.0	-200.0	-200.0	-200.0	-200.0	-101.0	-200.0	-94.0	-200.0	-200.0	-72.66666666666667	-200.0	-200.0	-89.0	Pixel
119	SA	-200.0	-88.0	-100.0	-104.0	-200.0	-200.0	-104.0	-105.0	-95.0	-91.25	-87.0	-90.0	-95.0	-101.0	-96.0	-200.0	-200.0	-200.0	-90.0	-200.0	-200.0	-200.0	-200.0	-67.57142857142857	-200.0	-200.0	-85.66666666666667	Pixel
120	SA	-93.0	-104.0	-100.0	-200.0	-100.0	-200.0	-200.0	-101.0	-91.33333333333333	-92.0	-88.66666666666667	-96.0	-200.0	-200.0	-98.0	-200.0	-200.0	-200.0	-89.0	-200.0	-200.0	-200.0	-102.0	-67.28571428571429	-200.0	-200.0	-87.8	Pixel
121	SA	-200.0	-93.66666666666667	-200.0	-200.0	-98.0	-200.0	-98.0	-102.0	-91.5	-82.2	-89.33333333333333	-91.0	-94.0	-94.0	-96.0	-200.0	-100.0	-200.0	-101.0	-200.0	-95.5	-200.0	-200.0	-74.0	-200.0	-200.0	-88.75	Pixel
122	SA	-200.0	-92.33333333333333	-101.0	-200.0	-98.5	-200.0	-200.0	-200.0	-97.5	-85.75	-84.0	-89.8	-93.5	-200.0	-200.0	-200.0	-96.0	-200.0	-200.0	-200.0	-200.0	-200.0	-200.0	-78.25	-200.0	-200.0	-88.33333333333333	Pixel
123	SA	-200.0	-89.0	-100.0	-104.0	-92.5	-200.0	-95.66666666666667	-98.0	-200.0	-86.66666666666667	-79.6	-87.0	-90.0	-200.0	-200.0	-104.0	-89.5	-99.0	-93.0	-200.0	-93.0	-200.0	-200.0	-80.625	-200.0	-200.0	-83.5	Pixel
124	SA	-200.0	-101.0	-90.4	-200.0	-96.0	-200.0	-91.0	-92.0	-90.0	-99.0	-74.25	-88.5	-95.5	-89.0	-200.0	-200.0	-91.0	-100.0	-200.0	-200.0	-96.5	-200.0	-96.0	-76.6	-200.0	-200.0	-85.5	Pixel
125	SA	-97.5	-200.0	-82.5	-200.0	-89.5	-200.0	-89.0	-94.5	-95.66666666666667	-103.0	-75.4	-87.75	-92.0	-83.5	-92.66666666666667	-96.66666666666667	-96.0	-99.0	-100.0	-200.0	-91.5	-200.0	-200.0	-84.57142857142857	-200.0	-200.0	-82.0	Pixel
126	SA	-90.0	-200.0	-200.0	-200.0	-93.0	-200.0	-200.0	-200.0	-98.5	-103.0	-79.75	-89.0	-200.0	-90.0	-98.5	-98.0	-102.0	-200.0	-200.0	-200.0	-87.0	-200.0	-200.0	-83.57142857142857	-200.0	-200.0	-83.66666666666667	Pixel
127	SA	-94.0	-100.33333333333333	-101.0	-96.0	-200.0	-200.0	-93.0	-102.0	-96.0	-98.0	-91.0	-91.33333333333333	-94.6	-93.25	-101.0	-200.0	-200.0	-100.0	-102.0	-200.0	-87.5	-200.0	-108.0	-85.0	-200.0	-200.0	-77.0	Pixel
128	SA	-90.0	-100.25	-96.0	-91.0	-100.0	-200.0	-200.0	-200.0	-94.0	-96.5	-89.66666666666667	-100.5	-91.0	-200.0	-100.0	-200.0	-103.0	-200.0	-97.0	-200.0	-93.0	-200.0	-200.0	-84.28571428571429	-200.0	-200.0	-77.25	Pixel
129	SA	-84.0	-102.0	-108.0	-90.0	-200.0	-200.0	-99.0	-200.0	-94.0	-98.8	-89.33333333333333	-96.0	-99.33333333333333	-200.0	-200.0	-200.0	-103.0	-200.0	-200.0	-200.0	-90.0	-200.0	-200.0	-83.28571428571429	-200.0	-200.0	-78.6	Pixel
130	SA	-79.5	-102.0	-200.0	-86.2	-98.0	-200.0	-200.0	-100.5	-101.0	-99.5	-91.66666666666667	-200.0	-94.0	-101.0	-105.0	-102.0	-200.0	-200.0	-200.0	-200.0	-93.8	-200.0	-200.0	-82.66666666666667	-200.0	-200.0	-73.66666666666667	Pixel
131	SA	-83.5	-103.0	-101.5	-96.66666666666667	-93.0	-200.0	-101.0	-103.0	-94.0	-99.5	-85.0	-200.0	-97.0	-200.0	-200.0	-200.0	-200.0	-200.0	-200.0	-200.0	-89.25	-200.0	-200.0	-81.71428571428571	-200.0	-200.0	-78.5	Pixel
132	SA	-86.0	-200.0	-200.0	-92.5	-102.0	-200.0	-200.0	-200.0	-100.0	-98.33333333333333	-89.66666666666667	-99.0	-99.0	-200.0	-200.0	-200.0	-200.0	-200.0	-200.0	-200.0	-91.66666666666667	-200.0	-200.0	-83.5	-200.0	-200.0	-85.66666666666667	Pixel
133	SA	-91.0	-105.0	-200.0	-97.0	-200.0	-200.0	-200.0	-200.0	-200.0	-95.66666666666667	-96.0	-200.0	-100.0	-200.0	-200.0	-200.0	-200.0	-200.0	-200.0	-200.0	-98.0	-200.0	-200.0	-83.125	-200.0	-200.0	-83.33333333333333	Pixel
134	SA	-96.0	-200.0	-200.0	-200.0	-200.0	-200.0	-200.0	-200.0	-95.66666666666667	-95.0	-93.5	-101.0	-200.0	-200.0	-200.0	-200.0	-200.0	-200.0	-200.0	-200.0	-89.5	-200.0	-200.0	-83.0	-200.0	-200.0	-89.5	Pixel
135	SA	-93.0	-200.0	-200.0	-200.0	-97.0	-200.0	-104.0	-102.0	-93.0	-91.0	-91.0	-96.0	-94.0	-200.0	-200.0	-200.0	-200.0	-200.0	-96.5	-200.0	-87.4	-200.0	-200.0	-76.14285714285714	-100.0	-200.0	-94.0	Pixel
136	SA	-91.0	-98.0	-91.66666666666667	-99.0	-94.0	-200.0	-200.0	-200.0	-98.5	-96.0	-93.0	-200.0	-102.33333333333333	-200.0	-104.0	-200.0	-200.0	-200.0	-97.5	-200.0	-92.66666666666667	-200.0	-103.0	-79.42857142857143	-200.0	-99.0	-91.0	Pixel
137	SA	-93.5	-93.66666666666667	-95.5	-104.0	-98.0	-200.0	-200.0	-103.0	-94.33333333333333	-92.33333333333333	-88.5	-93.75	-100.0	-101.0	-104.0	-200.0	-200.0	-200.0	-200.0	-200.0	-95.0	-200.0	-99.0	-78.16666666666667	-200.0	-98.33333333333333	-85.8	Pixel
138	SA	-200.0	-92.25	-94.5	-96.0	-99.5	-200.0	-98.0	-104.0	-91.6	-87.0	-88.75	-93.66666666666667	-98.0	-98.0	-104.0	-200.0	-104.0	-200.0	-100.5	-200.0	-94.33333333333333	-200.0	-99.0	-76.8	-96.0	-97.33333333333333	-93.33333333333333	Pixel
139	SA	-93.0	-89.0	-100.5	-200.0	-96.0	-200.0	-98.5	-200.0	-88.33333333333333	-85.75	-90.66666666666667	-93.0	-100.5	-94.0	-200.0	-200.0	-200.0	-200.0	-102.5	-200.0	-93.0	-200.0	-200.0	-67.42857142857143	-200.0	-96.5	-86.4	Pixel
140	SA	-200.0	-94.0	-100.0	-102.0	-100.0	-200.0	-200.0	-101.0	-89.5	-85.66666666666667	-90.25	-88.0	-95.0	-95.5	-100.5	-200.0	-200.0	-200.0	-93.0	-200.0	-92.5	-200.0	-200.0	-67.5	-102.0	-200.0	-84.66666666666667	Pixel
141	SA	-87.0	-93.75	-100.0	-100.0	-93.5	-200.0	-95.0	-200.0	-93.33333333333333	-79.2	-84.33333333333333	-94.5	-98.0	-89.66666666666667	-96.5	-200.0	-200.0	-200.0	-92.0	-200.0	-96.0	-200.0	-102.0	-70.42857142857143	-98.0	-94.0	-86.75	Pixel
142	SA	-103.0	-92.33333333333333	-95.0	-200.0	-98.0	-200.0	-93.5	-200.0	-88.5	-84.5	-80.0	-90.0	-92.25	-88.75	-200.0	-100.0	-94.0	-100.0	-98.75	-200.0	-94.0	-200.0	-200.0	-73.71428571428571	-96.0	-100.0	-81.75	Pixel
143	SA	-93.0	-88.0	-94.0	-98.5	-90.5	-104.0	-90.0	-100.0	-90.33333333333333	-90.66666666666667	-74.2	-87.0	-87.5	-91.0	-93.66666666666667	-96.0	-91.5	-200.0	-94.0	-200.0	-97.0	-200.0	-200.0	-75.83333333333333	-104.0	-103.0	-82.0	Pixel
144	SA	-200.0	-98.0	-92.0	-200.0	-94.4	-100.0	-92.0	-95.0	-94.66666666666667	-94.0	-80.33333333333333	-85.0	-91.0	-90.33333333333333	-96.33333333333333	-100.5	-89.25	-200.0	-200.0	-200.0	-96.0	-200.0	-103.0	-82.5	-200.0	-200.0	-87.75	Pixel
145	SA	-100.0	-100.0	-200.0	-98.0	-95.5	-200.0	-92.33333333333333	-98.0	-96.75	-94.5	-83.0	-91.5	-91.0	-95.0	-88.75	-105.0	-98.33333333333333	-97.0	-100.0	-200.0	-200.0	-200.0	-93.0	-82.0	-98.0	-104.0	-85.33333333333333	Pixel
146	SA	-89.5	-200.0	-100.0	-200.0	-97.0	-200.0	-94.5	-97.0	-96.5	-95.0	-87.25	-92.5	-90.66666666666667	-94.0	-87.0	-98.0	-101.0	-200.0	-103.0	-200.0	-90.0	-200.0	-200.0	-81.85714285714286	-200.0	-200.0	-85.4	Pixel
147	SA	-88.0	-100.0	-200.0	-96.0	-101.0	-200.0	-200.0	-100.0	-104.0	-200.0	-91.6	-92.33333333333333	-93.0	-96.0	-103.0	-200.0	-200.0	-102.0	-200.0	-200.0	-200.0	-200.0	-200.0	-83.85714285714286	-200.0	-200.0	-80.2	Pixel
148	SA	-99.0	-200.0	-200.0	-95.33333333333333	-200.0	-200.0	-98.0	-105.0	-93.0	-101.5	-89.0	-95.0	-200.0	-200.0	-200.0	-200.0	-200.0	-200.0	-200.0	-200.0	-91.33333333333333	-200.0	-200.0	-86.6	-200.0	-200.0	-74.0	Pixel
149	SA	-87.0	-98.5	-100.0	-96.0	-98.0	-200.0	-94.66666666666667	-200.0	-200.0	-200.0	-88.5	-97.0	-200.0	-101.0	-200.0	-200.0	-200.0	-200.0	-200.0	-200.0	-91.0	-200.0	-200.0	-86.0	-200.0	-200.0	-77.33333333333333	Pixel
150	SA	-93.0	-99.0	-101.0	-200.0	-102.0	-200.0	-98.0	-103.0	-200.0	-200.0	-82.5	-200.0	-200.0	-100.0	-106.0	-200.0	-200.0	-200.0	-200.0	-200.0	-99.0	-200.0	-200.0	-88.85714285714286	-200.0	-200.0	-77.4	Pixel
151	SA	-200.0	-200.0	-98.0	-94.5	-200.0	-200.0	-92.66666666666667	-99.0	-94.0	-99.75	-81.66666666666667	-90.0	-94.5	-200.0	-200.0	-102.66666666666667	-200.0	-200.0	-96.0	-200.0	-87.0	-200.0	-200.0	-85.25	-200.0	-200.0	-78.25	Pixel
152	SA	-200.0	-98.5	-101.0	-94.75	-93.0	-200.0	-88.0	-97.0	-200.0	-97.0	-78.25	-99.0	-96.5	-200.0	-200.0	-93.0	-200.0	-200.0	-200.0	-200.0	-93.25	-200.0	-200.0	-79.33333333333333	-200.0	-200.0	-76.25	Pixel
153	SA	-88.0	-95.0	-94.0	-98.0	-200.0	-200.0	-200.0	-98.0	-92.5	-97.0	-84.0	-89.66666666666667	-96.0	-94.0	-200.0	-200.0	-200.0	-200.0	-200.0	-200.0	-93.5	-200.0	-99.0	-71.5	-200.0	-200.0	-82.4	Pixel
154	SA	-200.0	-93.0	-200.0	-100.0	-200.0	-200.0	-200.0	-200.0	-200.0	-200.0	-86.33333333333333	-91.0	-200.0	-200.0	-200.0	-200.0	-200.0	-200.0	-200.0	-200.0	-97.0	-200.0	-104.0	-71.16666666666667	-200.0	-200.0	-81.2	Pixel
155	DF	-200.0	-89.5	-200.0	-200.0	-200.0	-200.0	-200.0	-200.0	-93.0	-200.0	-90.0	-96.0	-200.0	-200.0	-200.0	-200.0	-200.0	-200.0	-99.0	-200.0	-200.0	-200.0	-200.0	-70.125	-200.0	-200.0	-87.0	Pixel
156	DF	-88.0	-89.0	-100.0	-200.0	-200.0	-200.0	-200.0	-200.0	-93.5	-86.33333333333333	-90.5	-98.0	-97.0	-200.0	-105.0	-200.0	-200.0	-200.0	-96.0	-200.0	-90.0	-200.0	-200.0	-68.28571428571429	-200.0	-200.0	-88.25	Pixel
157	DF	-101.0	-96.0	-200.0	-200.0	-100.0	-200.0	-99.0	-200.0	-90.75	-87.66666666666667	-94.0	-100.0	-100.0	-200.0	-102.0	-200.0	-200.0	-200.0	-93.0	-200.0	-97.5	-200.0	-200.0	-73.14285714285714	-200.0	-200.0	-96.5	Pixel
158	DF	-200.0	-95.5	-200.0	-200.0	-98.5	-200.0	-98.0	-103.0	-96.0	-88.75	-104.0	-200.0	-200.0	-200.0	-200.0	-200.0	-200.0	-200.0	-95.5	-200.0	-200.0	-200.0	-200.0	-71.875	-200.0	-200.0	-97.33333333333333	Pixel
159	DF	-200.0	-200.0	-200.0	-200.0	-94.0	-200.0	-200.0	-200.0	-97.0	-92.0	-200.0	-200.0	-200.0	-200.0	-200.0	-200.0	-200.0	-200.0	-200.0	-200.0	-200.0	-200.0	-200.0	-80.0	-200.0	-94.0	-200.0	Pixel
160	DF	-101.0	-91.5	-200.0	-200.0	-200.0	-200.0	-200.0	-200.0	-200.0	-200.0	-200.0	-100.0	-200.0	-101.0	-200.0	-200.0	-200.0	-200.0	-200.0	-200.0	-200.0	-200.0	-200.0	-78.5	-200.0	-200.0	-93.5	Pixel
161	DF	-200.0	-86.4	-200.0	-200.0	-200.0	-200.0	-200.0	-200.0	-94.0	-104.0	-100.0	-200.0	-200.0	-200.0	-200.0	-200.0	-200.0	-200.0	-200.0	-200.0	-200.0	-200.0	-200.0	-75.0	-200.0	-200.0	-200.0	Pixel
162	DF	-200.0	-87.25	-200.0	-200.0	-200.0	-200.0	-200.0	-200.0	-200.0	-92.5	-99.0	-200.0	-200.0	-200.0	-200.0	-200.0	-200.0	-200.0	-95.0	-200.0	-200.0	-200.0	-200.0	-78.125	-200.0	-92.0	-93.0	Pixel
163	DF	-200.0	-84.5	-200.0	-200.0	-200.0	-200.0	-200.0	-200.0	-200.0	-100.0	-200.0	-200.0	-200.0	-200.0	-200.0	-200.0	-200.0	-200.0	-97.0	-200.0	-200.0	-200.0	-200.0	-81.0	-200.0	-200.0	-200.0	Pixel
164	DF	-200.0	-78.6	-200.0	-200.0	-200.0	-200.0	-200.0	-200.0	-200.0	-92.66666666666667	-200.0	-200.0	-200.0	-200.0	-200.0	-200.0	-200.0	-200.0	-200.0	-200.0	-104.0	-200.0	-200.0	-80.33333333333333	-200.0	-200.0	-200.0	Pixel
165	DF	-200.0	-76.25	-200.0	-200.0	-200.0	-200.0	-200.0	-200.0	-200.0	-93.5	-200.0	-200.0	-200.0	-200.0	-200.0	-200.0	-200.0	-200.0	-95.0	-200.0	-200.0	-200.0	-200.0	-78.4	-200.0	-200.0	-200.0	Pixel
166	DF	-200.0	-72.4	-200.0	-200.0	-200.0	-200.0	-200.0	-200.0	-102.0	-90.0	-200.0	-200.0	-200.0	-200.0	-200.0	-200.0	-200.0	-200.0	-96.0	-200.0	-103.0	-200.0	-200.0	-87.42857142857143	-200.0	-200.0	-200.0	Pixel
167	DF	-200.0	-76.6	-200.0	-200.0	-200.0	-200.0	-200.0	-200.0	-200.0	-200.0	-200.0	-200.0	-200.0	-200.0	-200.0	-200.0	-200.0	-200.0	-99.5	-200.0	-200.0	-200.0	-200.0	-80.8	-200.0	-89.0	-200.0	Pixel
168	DF	-200.0	-77.4	-200.0	-200.0	-200.0	-107.0	-200.0	-200.0	-200.0	-97.0	-200.0	-200.0	-200.0	-200.0	-200.0	-200.0	-200.0	-200.0	-94.66666666666667	-200.0	-200.0	-200.0	-200.0	-86.16666666666667	-200.0	-90.0	-200.0	Pixel
169	DF	-200.0	-82.2	-200.0	-200.0	-200.0	-101.0	-200.0	-200.0	-200.0	-200.0	-200.0	-200.0	-200.0	-200.0	-200.0	-200.0	-200.0	-200.0	-98.6	-200.0	-200.0	-200.0	-200.0	-92.66666666666667	-200.0	-89.25	-200.0	Pixel
170	DF	-200.0	-93.33333333333333	-200.0	-200.0	-200.0	-200.0	-200.0	-200.0	-200.0	-200.0	-200.0	-200.0	-200.0	-200.0	-200.0	-200.0	-200.0	-200.0	-96.0	-200.0	-200.0	-200.0	-200.0	-90.16666666666667	-200.0	-91.66666666666667	-200.0	Pixel
171	DF	-200.0	-88.75	-200.0	-200.0	-200.0	-200.0	-200.0	-200.0	-102.0	-98.5	-104.0	-200.0	-200.0	-200.0	-200.0	-200.0	-200.0	-200.0	-89.0	-200.0	-200.0	-200.0	-200.0	-90.14285714285714	-200.0	-88.6	-200.0	Pixel
172	DF	-200.0	-85.5	-200.0	-200.0	-200.0	-100.0	-200.0	-100.0	-99.0	-102.0	-102.0	-200.0	-200.0	-200.0	-200.0	-200.0	-200.0	-200.0	-86.6	-200.0	-200.0	-200.0	-200.0	-90.0	-91.0	-83.8	-200.0	Pixel
173	DF	-200.0	-87.6	-100.0	-200.0	-99.33333333333333	-104.0	-200.0	-104.0	-98.0	-97.0	-200.0	-98.0	-200.0	-200.0	-200.0	-200.0	-200.0	-200.0	-93.33333333333333	-200.0	-200.0	-200.0	-200.0	-83.57142857142857	-200.0	-77.5	-98.5	Pixel
174	DF	-200.0	-90.5	-99.0	-200.0	-94.0	-96.0	-200.0	-102.0	-94.75	-97.5	-200.0	-100.66666666666667	-200.0	-200.0	-200.0	-200.0	-200.0	-200.0	-86.5	-200.0	-106.0	-200.0	-200.0	-82.85714285714286	-97.5	-75.4	-100.5	Pixel
175	DF	-200.0	-89.0	-95.33333333333333	-200.0	-103.0	-98.5	-100.0	-104.0	-94.0	-95.5	-200.0	-96.0	-103.5	-99.0	-200.0	-200.0	-200.0	-200.0	-88.66666666666667	-200.0	-200.0	-200.0	-200.0	-83.125	-84.33333333333333	-73.0	-99.66666666666667	Pixel
176	DF	-200.0	-89.25	-94.66666666666667	-200.0	-200.0	-84.8	-100.5	-98.0	-92.0	-92.75	-100.66666666666667	-200.0	-200.0	-101.5	-200.0	-104.0	-200.0	-200.0	-80.66666666666667	-200.0	-104.0	-200.0	-200.0	-84.16666666666667	-79.5	-72.0	-96.33333333333333	Pixel
177	DF	-96.0	-90.5	-90.0	-200.0	-200.0	-97.0	-97.0	-97.5	-95.33333333333333	-92.0	-99.0	-90.0	-103.0	-98.0	-101.0	-200.0	-100.0	-200.0	-86.33333333333333	-200.0	-102.0	-200.0	-200.0	-84.4	-81.5	-73.25	-99.0	Pixel
178	DF	-200.0	-90.0	-98.0	-200.0	-101.0	-200.0	-99.0	-94.0	-94.0	-90.0	-200.0	-90.33333333333333	-102.0	-98.0	-200.0	-200.0	-200.0	-200.0	-89.0	-200.0	-200.0	-200.0	-200.0	-81.0	-83.5	-72.8	-101.0	Pixel
179	DF	-200.0	-90.8	-105.0	-105.0	-96.0	-200.0	-96.0	-101.0	-98.2	-85.0	-200.0	-97.0	-96.66666666666667	-94.5	-100.0	-200.0	-200.0	-200.0	-86.0	-200.0	-100.0	-200.0	-200.0	-82.83333333333333	-87.75	-85.4	-95.0	Pixel
180	DF	-200.0	-89.0	-200.0	-200.0	-200.0	-104.0	-97.5	-101.5	-91.0	-91.0	-200.0	-88.66666666666667	-96.0	-93.33333333333333	-100.5	-200.0	-100.0	-200.0	-89.0	-200.0	-99.0	-200.0	-200.0	-88.4	-89.75	-81.0	-101.0	Pixel
181	DF	-200.0	-97.0	-200.0	-200.0	-97.5	-200.0	-89.0	-100.5	-90.0	-78.0	-100.5	-91.5	-90.0	-91.5	-200.0	-200.0	-101.0	-200.0	-91.0	-200.0	-96.0	-200.0	-200.0	-82.0	-95.33333333333333	-88.66666666666667	-95.0	Pixel
182	DF	-96.0	-93.5	-200.0	-200.0	-86.0	-100.0	-99.5	-100.0	-90.0	-78.33333333333333	-200.0	-96.33333333333333	-95.0	-96.5	-99.0	-200.0	-102.0	-200.0	-96.0	-200.0	-102.0	-200.0	-200.0	-91.2	-100.0	-85.0	-94.0	Pixel
183	DF	-200.0	-96.0	-98.0	-200.0	-93.25	-200.0	-200.0	-94.0	-95.33333333333333	-77.8	-95.0	-95.25	-102.5	-99.5	-99.0	-200.0	-200.0	-200.0	-87.66666666666667	-200.0	-98.0	-200.0	-200.0	-89.4	-97.0	-85.0	-100.75	Pixel
184	DF	-200.0	-90.25	-98.0	-200.0	-98.0	-200.0	-200.0	-100.0	-96.0	-86.5	-99.0	-95.66666666666667	-200.0	-100.66666666666667	-96.0	-200.0	-102.0	-200.0	-87.0	-200.0	-200.0	-200.0	-200.0	-85.28571428571429	-90.75	-86.5	-100.33333333333333	Pixel
185	DF	-200.0	-92.0	-102.0	-200.0	-100.0	-99.33333333333333	-100.0	-200.0	-95.0	-83.0	-98.0	-95.75	-200.0	-95.5	-200.0	-102.0	-200.0	-200.0	-87.8	-200.0	-200.0	-200.0	-200.0	-80.5	-89.5	-86.4	-94.0	Pixel
186	DF	-200.0	-87.75	-101.0	-200.0	-96.0	-98.0	-200.0	-98.0	-88.0	-85.5	-100.0	-95.0	-200.0	-97.0	-200.0	-103.5	-200.0	-200.0	-90.33333333333333	-200.0	-103.0	-200.0	-200.0	-82.71428571428571	-91.0	-75.5	-100.0	Pixel
187	CN	-200.0	-86.5	-100.0	-200.0	-93.0	-97.0	-200.0	-97.5	-92.75	-91.33333333333333	-102.0	-90.75	-104.0	-97.0	-102.0	-200.0	-200.0	-200.0	-83.5	-200.0	-200.0	-200.0	-200.0	-83.25	-90.0	-73.2	-97.75	Pixel
188	CN	-200.0	-90.66666666666667	-94.0	-200.0	-98.0	-83.75	-200.0	-200.0	-91.66666666666667	-101.5	-200.0	-96.5	-97.66666666666667	-96.0	-96.0	-200.0	-200.0	-200.0	-79.33333333333333	-200.0	-103.0	-200.0	-200.0	-83.42857142857143	-78.0	-68.0	-95.0	Pixel
189	CN	-103.0	-84.4	-96.0	-200.0	-96.0	-80.0	-107.0	-96.0	-86.4	-92.0	-200.0	-94.5	-200.0	-95.5	-200.0	-200.0	-200.0	-200.0	-77.5	-200.0	-97.0	-200.0	-200.0	-82.4	-81.2	-72.2	-101.5	Pixel
190	CN	-200.0	-88.66666666666667	-92.5	-200.0	-93.5	-81.33333333333333	-200.0	-95.33333333333333	-85.5	-94.5	-99.0	-89.5	-92.0	-200.0	-200.0	-95.0	-200.0	-104.5	-75.8	-200.0	-200.0	-200.0	-200.0	-89.71428571428571	-82.75	-72.0	-102.0	Pixel
191	CN	-200.0	-200.0	-99.75	-200.0	-90.0	-83.5	-104.0	-93.0	-86.0	-96.0	-100.0	-94.25	-200.0	-200.0	-100.5	-96.0	-200.0	-200.0	-76.66666666666667	-200.0	-200.0	-200.0	-200.0	-92.25	-81.4	-75.2	-104.0	Pixel
192	CN	-200.0	-89.4	-97.0	-100.0	-96.5	-85.25	-200.0	-95.0	-84.6	-200.0	-96.5	-94.0	-104.0	-200.0	-100.0	-200.0	-200.0	-200.0	-80.66666666666667	-200.0	-200.0	-200.0	-200.0	-91.83333333333333	-80.4	-73.8	-101.0	Pixel
193	CN	-200.0	-91.75	-200.0	-104.0	-200.0	-92.25	-200.0	-87.0	-90.0	-93.33333333333333	-200.0	-96.25	-200.0	-99.0	-101.0	-101.0	-200.0	-200.0	-75.0	-200.0	-200.0	-200.0	-200.0	-90.71428571428571	-82.0	-74.6	-200.0	Pixel
194	CN	-200.0	-100.0	-105.0	-200.0	-101.0	-93.33333333333333	-101.0	-94.0	-86.0	-94.0	-200.0	-97.5	-101.0	-100.5	-100.0	-200.0	-200.0	-200.0	-82.6	-200.0	-200.0	-200.0	-200.0	-89.33333333333333	-88.0	-77.25	-200.0	Pixel
195	CN	-200.0	-95.5	-200.0	-200.0	-100.0	-102.0	-200.0	-96.0	-93.33333333333333	-92.25	-200.0	-95.0	-99.0	-104.0	-200.0	-200.0	-102.0	-200.0	-84.0	-200.0	-200.0	-200.0	-200.0	-88.5	-94.0	-75.5	-104.0	Pixel
196	CN	-200.0	-200.0	-101.0	-200.0	-98.66666666666667	-99.0	-99.0	-86.0	-84.5	-91.0	-95.5	-93.66666666666667	-93.66666666666667	-104.0	-200.0	-200.0	-103.0	-200.0	-77.33333333333333	-200.0	-103.0	-200.0	-200.0	-86.0	-88.5	-76.33333333333333	-99.0	Pixel
197	CN	-200.0	-100.66666666666667	-92.0	-102.0	-95.0	-93.0	-200.0	-95.5	-83.75	-104.0	-97.0	-91.0	-96.33333333333333	-98.33333333333333	-98.5	-96.0	-200.0	-200.0	-72.0	-200.0	-100.0	-200.0	-102.0	-87.8	-86.66666666666667	-78.33333333333333	-200.0	Pixel
198	CN	-200.0	-93.5	-102.0	-200.0	-93.33333333333333	-87.5	-100.75	-91.0	-83.66666666666667	-90.66666666666667	-96.5	-87.0	-98.5	-97.0	-100.0	-97.0	-200.0	-200.0	-76.25	-200.0	-200.0	-200.0	-102.0	-90.66666666666667	-87.8	-80.25	-99.0	Pixel
199	CN	-200.0	-93.0	-200.0	-200.0	-96.0	-90.8	-96.5	-96.6	-85.0	-96.0	-99.5	-92.66666666666667	-97.0	-99.0	-103.0	-100.0	-200.0	-200.0	-75.0	-200.0	-200.0	-200.0	-101.0	-90.66666666666667	-81.33333333333333	-79.6	-200.0	Pixel
200	CN	-200.0	-90.25	-97.0	-200.0	-98.0	-83.0	-200.0	-100.0	-85.25	-97.0	-100.0	-89.5	-99.33333333333333	-200.0	-200.0	-103.0	-200.0	-200.0	-77.5	-200.0	-200.0	-200.0	-200.0	-88.6	-78.6	-79.66666666666667	-200.0	Pixel
201	CN	-200.0	-94.0	-96.0	-200.0	-101.0	-85.5	-200.0	-96.0	-86.5	-95.0	-101.0	-93.33333333333333	-200.0	-98.0	-98.0	-103.0	-200.0	-200.0	-80.75	-200.0	-99.0	-200.0	-200.0	-92.33333333333333	-83.75	-81.75	-200.0	Pixel
202	CN	-200.0	-200.0	-100.0	-200.0	-101.0	-85.5	-200.0	-90.0	-86.66666666666667	-91.0	-96.0	-89.66666666666667	-200.0	-103.0	-200.0	-200.0	-200.0	-200.0	-76.66666666666667	-200.0	-200.0	-200.0	-200.0	-91.66666666666667	-81.2	-79.25	-104.0	Pixel
203	CN	-200.0	-92.0	-97.5	-103.0	-90.25	-83.0	-200.0	-91.33333333333333	-76.33333333333333	-96.0	-89.5	-89.0	-95.5	-95.33333333333333	-200.0	-100.0	-200.0	-200.0	-71.33333333333333	-200.0	-100.0	-200.0	-100.0	-91.6	-73.0	-84.0	-200.0	Pixel
204	CN	-200.0	-93.25	-104.0	-200.0	-102.0	-92.33333333333333	-98.0	-88.33333333333333	-78.33333333333333	-86.0	-90.25	-88.0	-200.0	-87.0	-200.0	-97.0	-200.0	-200.0	-72.0	-200.0	-97.5	-200.0	-200.0	-92.4	-76.66666666666667	-77.66666666666667	-96.25	Pixel
205	SN	-200.0	-87.66666666666667	-102.0	-200.0	-97.0	-91.5	-200.0	-98.0	-80.0	-89.0	-97.0	-87.0	-93.5	-100.0	-100.0	-100.0	-200.0	-200.0	-74.66666666666667	-200.0	-101.0	-200.0	-200.0	-92.0	-82.66666666666667	-75.2	-100.0	Pixel
206	SN	-200.0	-103.0	-200.0	-200.0	-95.0	-90.0	-97.0	-85.0	-91.0	-91.75	-100.0	-95.33333333333333	-104.0	-95.0	-200.0	-200.0	-200.0	-200.0	-73.5	-200.0	-101.5	-200.0	-103.0	-94.25	-82.75	-88.75	-200.0	Pixel
207	SN	-200.0	-100.0	-200.0	-200.0	-93.33333333333333	-82.5	-98.33333333333333	-89.0	-200.0	-93.33333333333333	-98.0	-90.0	-200.0	-95.5	-200.0	-95.0	-200.0	-200.0	-82.5	-200.0	-96.0	-200.0	-200.0	-97.5	-80.0	-84.8	-200.0	Pixel
208	SN	-200.0	-95.2	-200.0	-200.0	-97.0	-91.0	-92.0	-88.5	-95.0	-96.0	-98.0	-86.0	-98.0	-200.0	-104.5	-100.0	-200.0	-105.0	-79.66666666666667	-200.0	-99.0	-200.0	-200.0	-100.33333333333333	-80.33333333333333	-82.5	-200.0	Pixel
209	SN	-200.0	-90.0	-98.0	-200.0	-98.0	-85.0	-94.0	-92.25	-93.0	-97.0	-98.0	-83.0	-200.0	-200.0	-200.0	-98.0	-200.0	-200.0	-77.25	-200.0	-200.0	-200.0	-105.0	-93.0	-80.0	-77.5	-200.0	Pixel
210	SN	-200.0	-97.0	-97.0	-97.0	-97.8	-97.0	-99.66666666666667	-88.5	-93.5	-96.5	-98.66666666666667	-78.75	-200.0	-95.0	-98.0	-200.0	-100.0	-200.0	-75.0	-200.0	-100.0	-200.0	-105.0	-94.75	-80.75	-79.0	-102.0	Pixel
211	SN	-200.0	-97.0	-96.5	-100.0	-94.5	-94.0	-96.0	-86.5	-95.0	-91.0	-95.66666666666667	-79.5	-95.0	-91.66666666666667	-99.66666666666667	-200.0	-104.0	-101.0	-76.0	-200.0	-98.6	-200.0	-100.0	-95.33333333333333	-74.25	-83.75	-100.0	Pixel
212	SN	-200.0	-100.0	-102.0	-200.0	-89.5	-81.0	-95.5	-86.66666666666667	-92.6	-94.66666666666667	-93.0	-85.33333333333333	-99.0	-91.0	-94.5	-98.5	-200.0	-200.0	-80.0	-200.0	-99.66666666666667	-200.0	-99.0	-200.0	-73.4	-84.66666666666667	-103.0	Pixel
213	SN	-200.0	-86.0	-90.5	-104.0	-85.0	-86.0	-101.0	-89.5	-96.33333333333333	-92.0	-96.33333333333333	-80.5	-200.0	-96.66666666666667	-95.0	-101.0	-200.0	-102.0	-88.5	-200.0	-104.0	-200.0	-102.5	-101.0	-75.25	-88.0	-200.0	Pixel
214	SN	-200.0	-99.33333333333333	-91.5	-200.0	-87.0	-83.0	-200.0	-86.0	-93.5	-87.0	-98.0	-79.0	-200.0	-99.0	-98.0	-200.0	-200.0	-200.0	-78.75	-200.0	-94.0	-200.0	-200.0	-102.0	-72.33333333333333	-85.66666666666667	-200.0	Pixel
215	SN	-200.0	-96.0	-98.0	-101.0	-86.0	-82.0	-200.0	-86.0	-200.0	-92.0	-92.0	-200.0	-93.0	-90.0	-100.0	-94.0	-200.0	-200.0	-78.66666666666667	-200.0	-98.5	-200.0	-98.0	-96.5	-73.0	-85.33333333333333	-200.0	Pixel
216	SN	-200.0	-92.0	-93.33333333333333	-200.0	-92.0	-83.0	-94.0	-83.5	-96.66666666666667	-92.5	-97.0	-91.0	-94.5	-93.0	-98.33333333333333	-200.0	-200.0	-200.0	-81.75	-200.0	-96.66666666666667	-200.0	-97.0	-94.0	-73.5	-86.8	-200.0	Pixel
217	ES	-200.0	-92.0	-95.0	-91.0	-92.0	-82.0	-99.0	-87.0	-200.0	-200.0	-200.0	-94.0	-97.66666666666667	-93.0	-200.0	-97.0	-200.0	-200.0	-86.75	-200.0	-92.33333333333333	-200.0	-93.25	-100.66666666666667	-77.33333333333333	-85.33333333333333	-101.0	Pixel
218	ES	-200.0	-200.0	-98.5	-200.0	-100.0	-80.25	-97.5	-92.0	-102.5	-103.0	-100.0	-94.5	-200.0	-200.0	-101.0	-93.75	-200.0	-200.0	-88.66666666666667	-200.0	-200.0	-200.0	-100.33333333333333	-103.0	-83.66666666666667	-92.75	-200.0	Pixel
219	ES	-200.0	-200.0	-97.0	-200.0	-95.66666666666667	-81.0	-92.0	-88.0	-200.0	-200.0	-200.0	-97.0	-98.0	-99.5	-200.0	-94.33333333333333	-200.0	-200.0	-88.0	-200.0	-200.0	-200.0	-200.0	-200.0	-85.4	-100.0	-200.0	Pixel
220	ES	-200.0	-200.0	-98.0	-200.0	-98.75	-77.4	-98.66666666666667	-100.0	-103.0	-99.0	-200.0	-98.0	-98.0	-200.0	-200.0	-93.25	-200.0	-200.0	-90.0	-200.0	-200.0	-200.0	-101.0	-200.0	-75.66666666666667	-101.0	-200.0	Pixel
221	ES	-200.0	-106.0	-98.0	-200.0	-200.0	-78.0	-93.5	-94.0	-105.0	-200.0	-200.0	-200.0	-200.0	-102.0	-200.0	-96.66666666666667	-200.0	-200.0	-95.0	-200.0	-200.0	-200.0	-93.0	-200.0	-77.33333333333333	-88.33333333333333	-200.0	Pixel
222	ES	-200.0	-93.33333333333333	-96.5	-200.0	-96.0	-76.66666666666667	-95.0	-99.5	-97.0	-104.0	-200.0	-97.25	-200.0	-99.0	-200.0	-92.0	-200.0	-200.0	-88.0	-200.0	-200.0	-200.0	-97.0	-100.5	-75.66666666666667	-77.0	-103.0	Pixel
223	ES	-200.0	-100.0	-200.0	-200.0	-95.66666666666667	-79.75	-103.5	-92.8	-98.0	-98.5	-100.0	-103.0	-200.0	-104.0	-200.0	-95.0	-200.0	-200.0	-84.33333333333333	-200.0	-200.0	-200.0	-97.5	-200.0	-75.6	-79.66666666666667	-101.0	Pixel
224	ES	-200.0	-101.5	-99.5	-200.0	-91.25	-84.75	-98.66666666666667	-95.0	-96.0	-99.66666666666667	-96.33333333333333	-94.0	-200.0	-200.0	-102.33333333333333	-99.0	-200.0	-200.0	-89.25	-200.0	-96.5	-200.0	-97.66666666666667	-200.0	-80.0	-90.2	-200.0	Pixel
225	ES	-200.0	-101.0	-97.5	-200.0	-96.0	-87.25	-91.75	-96.0	-99.0	-96.66666666666667	-102.0	-95.33333333333333	-102.0	-102.0	-200.0	-96.33333333333333	-200.0	-200.0	-89.25	-200.0	-200.0	-200.0	-102.0	-90.0	-86.0	-90.33333333333333	-200.0	Pixel
226	ES	-200.0	-101.0	-96.33333333333333	-102.0	-200.0	-89.25	-86.5	-200.0	-103.0	-92.0	-200.0	-92.0	-102.0	-93.0	-104.0	-93.66666666666667	-200.0	-200.0	-88.25	-200.0	-102.0	-200.0	-96.0	-200.0	-82.66666666666667	-93.0	-200.0	Pixel
227	ES	-200.0	-200.0	-200.0	-200.0	-93.5	-85.5	-200.0	-200.0	-101.0	-200.0	-100.0	-200.0	-200.0	-200.0	-100.0	-87.0	-200.0	-200.0	-96.0	-200.0	-96.0	-200.0	-96.5	-200.0	-83.0	-89.0	-200.0	Pixel
228	ES	-200.0	-104.0	-96.5	-200.0	-92.0	-87.33333333333333	-90.0	-94.0	-200.0	-200.0	-105.0	-94.0	-200.0	-99.0	-98.5	-89.0	-200.0	-200.0	-86.5	-200.0	-200.0	-200.0	-94.0	-200.0	-87.66666666666667	-93.5	-104.0	Pixel
229	ES	-200.0	-200.0	-100.0	-200.0	-93.0	-79.0	-93.0	-95.0	-200.0	-102.0	-102.66666666666667	-97.0	-101.5	-200.0	-98.0	-93.0	-200.0	-200.0	-90.33333333333333	-200.0	-200.0	-200.0	-95.5	-101.0	-80.75	-97.0	-200.0	Pixel
230	ES	-200.0	-100.0	-93.0	-200.0	-98.0	-79.5	-97.0	-94.0	-200.0	-100.0	-200.0	-200.0	-200.0	-99.0	-200.0	-92.0	-200.0	-200.0	-87.0	-200.0	-200.0	-200.0	-92.0	-99.0	-82.33333333333333	-200.0	-200.0	Pixel
231	ES	-200.0	-200.0	-98.0	-200.0	-95.0	-79.5	-96.0	-95.0	-105.0	-200.0	-200.0	-95.0	-99.0	-99.0	-98.0	-89.75	-200.0	-200.0	-89.33333333333333	-200.0	-101.0	-200.0	-93.5	-200.0	-85.25	-97.0	-200.0	Pixel
232	ES	-200.0	-200.0	-97.0	-200.0	-98.0	-76.66666666666667	-92.0	-98.0	-200.0	-96.0	-200.0	-200.0	-99.0	-96.0	-105.0	-95.75	-200.0	-200.0	-92.25	-200.0	-200.0	-200.0	-101.0	-200.0	-77.2	-92.0	-200.0	Pixel
233	ES	-200.0	-100.0	-101.0	-200.0	-98.0	-77.4	-95.0	-107.0	-200.0	-200.0	-200.0	-200.0	-200.0	-200.0	-200.0	-98.0	-200.0	-200.0	-83.6	-200.0	-200.0	-200.0	-100.0	-200.0	-75.4	-85.5	-200.0	Pixel
234	ES	-200.0	-102.0	-103.0	-200.0	-97.0	-74.75	-97.0	-100.5	-200.0	-102.0	-102.0	-98.5	-200.0	-200.0	-200.0	-99.0	-200.0	-200.0	-89.0	-200.0	-200.0	-200.0	-93.0	-200.0	-84.2	-85.75	-200.0	Pixel
235	ES	-200.0	-98.0	-99.0	-200.0	-94.0	-77.5	-95.0	-97.0	-200.0	-200.0	-200.0	-200.0	-200.0	-200.0	-200.0	-200.0	-200.0	-200.0	-90.33333333333333	-200.0	-101.0	-200.0	-94.75	-102.0	-83.5	-85.0	-200.0	Pixel
236	GL	-200.0	-97.66666666666667	-103.33333333333333	-200.0	-93.5	-79.5	-93.33333333333333	-98.5	-200.0	-200.0	-104.0	-200.0	-200.0	-99.0	-104.0	-94.5	-200.0	-200.0	-92.25	-200.0	-106.0	-200.0	-97.33333333333333	-102.5	-86.25	-85.4	-200.0	Pixel
237	GL	-200.0	-95.75	-200.0	-200.0	-200.0	-80.0	-99.0	-200.0	-200.0	-200.0	-200.0	-97.0	-200.0	-102.0	-200.0	-82.6	-200.0	-200.0	-88.5	-200.0	-200.0	-200.0	-95.5	-200.0	-84.2	-89.6	-200.0	Pixel
238	GL	-200.0	-103.0	-103.5	-200.0	-98.5	-81.0	-200.0	-102.0	-200.0	-200.0	-200.0	-200.0	-200.0	-200.0	-200.0	-90.0	-200.0	-200.0	-99.5	-200.0	-200.0	-200.0	-94.66666666666667	-200.0	-91.6	-102.0	-200.0	Pixel
239	GL	-200.0	-200.0	-200.0	-200.0	-96.0	-82.33333333333333	-97.0	-200.0	-200.0	-200.0	-200.0	-98.0	-200.0	-200.0	-200.0	-89.4	-200.0	-200.0	-100.0	-200.0	-200.0	-200.0	-87.25	-200.0	-99.0	-97.0	-200.0	Pixel
240	GL	-200.0	-108.0	-200.0	-200.0	-96.25	-84.0	-96.0	-200.0	-200.0	-200.0	-200.0	-102.5	-200.0	-200.0	-200.0	-84.5	-200.0	-200.0	-200.0	-200.0	-200.0	-200.0	-91.5	-200.0	-97.0	-200.0	-200.0	Pixel
241	GL	-200.0	-200.0	-200.0	-200.0	-97.0	-88.0	-94.5	-100.0	-200.0	-200.0	-107.0	-103.0	-200.0	-98.0	-200.0	-84.66666666666667	-200.0	-200.0	-200.0	-200.0	-200.0	-200.0	-94.0	-200.0	-98.0	-101.0	-200.0	Pixel
242	GL	-200.0	-200.0	-100.0	-200.0	-90.5	-91.5	-200.0	-200.0	-200.0	-200.0	-200.0	-98.5	-200.0	-200.0	-200.0	-90.5	-200.0	-200.0	-102.0	-200.0	-200.0	-200.0	-90.0	-200.0	-97.0	-102.0	-200.0	Pixel
243	GL	-200.0	-200.0	-200.0	-200.0	-95.0	-90.75	-96.0	-200.0	-200.0	-105.0	-200.0	-101.0	-200.0	-100.66666666666667	-200.0	-86.75	-200.0	-200.0	-200.0	-200.0	-200.0	-200.0	-93.75	-200.0	-99.0	-200.0	-200.0	Pixel
244	GL	-200.0	-200.0	-100.0	-200.0	-89.0	-98.0	-95.0	-200.0	-200.0	-200.0	-200.0	-99.0	-100.0	-97.66666666666667	-200.0	-86.0	-200.0	-200.0	-96.25	-200.0	-200.0	-200.0	-94.5	-200.0	-99.0	-200.0	-200.0	Pixel
245	GL	-200.0	-200.0	-200.0	-200.0	-90.0	-88.0	-100.0	-200.0	-200.0	-200.0	-103.0	-99.0	-200.0	-103.0	-200.0	-87.6	-200.0	-200.0	-200.0	-200.0	-200.0	-200.0	-95.0	-200.0	-91.5	-95.0	-200.0	Pixel
246	GL	-200.0	-95.5	-94.0	-200.0	-89.5	-90.0	-104.0	-105.0	-200.0	-200.0	-200.0	-95.5	-200.0	-200.0	-200.0	-87.5	-200.0	-200.0	-92.75	-200.0	-104.0	-200.0	-91.0	-200.0	-91.33333333333333	-200.0	-200.0	Pixel
247	GL	-200.0	-98.0	-98.0	-200.0	-89.0	-91.0	-200.0	-200.0	-200.0	-200.0	-200.0	-97.0	-200.0	-200.0	-200.0	-87.75	-200.0	-200.0	-96.0	-200.0	-200.0	-200.0	-90.0	-200.0	-85.0	-200.0	-200.0	Pixel
248	GL	-200.0	-200.0	-99.0	-200.0	-88.25	-96.0	-95.66666666666667	-200.0	-200.0	-200.0	-200.0	-200.0	-200.0	-97.0	-200.0	-85.5	-200.0	-200.0	-102.0	-200.0	-102.0	-200.0	-92.5	-200.0	-91.0	-200.0	-200.0	Pixel
249	GL	-200.0	-103.66666666666667	-103.0	-200.0	-82.33333333333333	-94.0	-96.0	-200.0	-102.0	-104.0	-200.0	-98.0	-102.0	-94.66666666666667	-200.0	-90.2	-200.0	-200.0	-100.5	-200.0	-200.0	-200.0	-85.25	-200.0	-94.0	-200.0	-200.0	Pixel
250	GL	-200.0	-200.0	-96.5	-200.0	-86.2	-93.4	-100.0	-200.0	-200.0	-101.0	-104.0	-96.0	-100.0	-91.75	-103.0	-91.0	-200.0	-200.0	-94.0	-200.0	-105.0	-200.0	-77.6	-200.0	-99.0	-200.0	-105.0	Pixel
251	GL	-200.0	-103.0	-95.0	-200.0	-85.0	-86.0	-95.5	-200.0	-200.0	-200.0	-200.0	-91.0	-95.0	-84.5	-200.0	-79.6	-200.0	-200.0	-93.5	-200.0	-101.0	-200.0	-83.2	-200.0	-90.0	-200.0	-200.0	Pixel
252	GL	-200.0	-200.0	-89.0	-200.0	-81.5	-85.4	-97.0	-200.0	-105.0	-101.5	-200.0	-86.66666666666667	-200.0	-96.0	-200.0	-73.75	-200.0	-200.0	-88.0	-200.0	-98.0	-200.0	-85.8	-200.0	-89.66666666666667	-200.0	-200.0	Pixel
253	HA	-200.0	-200.0	-96.0	-200.0	-76.5	-87.0	-89.5	-200.0	-200.0	-200.0	-200.0	-88.0	-98.5	-91.0	-200.0	-68.66666666666667	-200.0	-200.0	-100.0	-200.0	-98.0	-200.0	-81.5	-200.0	-89.0	-101.0	-200.0	Pixel
254	HA	-200.0	-200.0	-90.0	-200.0	-76.5	-98.0	-94.0	-100.0	-200.0	-100.0	-103.0	-88.0	-200.0	-93.5	-105.0	-62.5	-200.0	-200.0	-101.0	-200.0	-94.0	-200.0	-82.8	-200.0	-93.0	-200.0	-200.0	Pixel
255	HA	-200.0	-200.0	-87.0	-200.0	-75.0	-200.0	-200.0	-95.0	-104.0	-200.0	-200.0	-98.0	-97.0	-91.0	-200.0	-74.75	-100.0	-200.0	-200.0	-200.0	-100.0	-200.0	-81.0	-200.0	-200.0	-200.0	-200.0	Pixel
256	HA	-200.0	-200.0	-98.0	-200.0	-80.5	-200.0	-94.66666666666667	-92.5	-103.0	-104.0	-200.0	-94.0	-98.0	-90.0	-102.0	-74.0	-103.0	-200.0	-200.0	-200.0	-96.0	-200.0	-77.0	-200.0	-96.0	-200.0	-200.0	Pixel
257	HA	-200.0	-200.0	-95.0	-200.0	-87.0	-98.0	-95.75	-97.5	-103.0	-93.0	-200.0	-97.0	-200.0	-90.0	-200.0	-72.25	-200.0	-200.0	-200.0	-200.0	-200.0	-200.0	-76.6	-200.0	-100.0	-200.0	-200.0	Pixel
258	HA	-200.0	-200.0	-200.0	-200.0	-81.25	-101.0	-90.5	-105.0	-106.0	-93.25	-99.0	-94.0	-96.0	-93.5	-200.0	-73.75	-200.0	-200.0	-200.0	-200.0	-200.0	-200.0	-75.6	-200.0	-200.0	-200.0	-200.0	Pixel
259	HA	-200.0	-200.0	-92.0	-200.0	-84.0	-94.0	-200.0	-99.0	-200.0	-97.0	-93.0	-98.0	-200.0	-200.0	-200.0	-74.2	-200.0	-200.0	-200.0	-200.0	-200.0	-200.0	-71.66666666666667	-200.0	-98.0	-200.0	-200.0	Pixel
260	HA	-200.0	-200.0	-200.0	-200.0	-77.8	-97.0	-88.0	-91.0	-100.0	-98.0	-101.5	-200.0	-200.0	-98.0	-200.0	-83.66666666666667	-200.0	-200.0	-104.0	-200.0	-101.0	-200.0	-72.5	-200.0	-96.0	-200.0	-107.0	Pixel
261	HA	-200.0	-200.0	-92.0	-200.0	-73.66666666666667	-98.0	-86.0	-89.0	-101.0	-87.33333333333333	-96.0	-95.5	-101.0	-200.0	-102.0	-83.4	-102.66666666666667	-200.0	-200.0	-200.0	-101.0	-200.0	-74.25	-200.0	-97.5	-200.0	-200.0	Pixel
262	HA	-200.0	-200.0	-89.0	-200.0	-77.25	-200.0	-89.0	-94.66666666666667	-100.5	-200.0	-96.75	-92.75	-200.0	-96.5	-200.0	-86.0	-200.0	-200.0	-200.0	-200.0	-200.0	-200.0	-71.8	-200.0	-200.0	-200.0	-200.0	Pixel
263	HA	-200.0	-200.0	-93.0	-200.0	-81.33333333333333	-94.0	-100.66666666666667	-200.0	-97.0	-104.0	-94.5	-92.0	-200.0	-101.0	-200.0	-84.75	-200.0	-200.0	-101.5	-200.0	-101.0	-200.0	-67.6	-200.0	-200.0	-200.0	-200.0	Pixel
264	HA	-200.0	-200.0	-100.0	-200.0	-85.0	-99.0	-200.0	-104.0	-200.0	-95.5	-200.0	-200.0	-106.0	-200.0	-200.0	-87.0	-200.0	-200.0	-200.0	-200.0	-100.0	-200.0	-71.0	-200.0	-103.0	-200.0	-200.0	Pixel
265	HA	-200.0	-200.0	-94.0	-99.0	-83.33333333333333	-200.0	-91.0	-94.5	-94.5	-91.0	-98.0	-200.0	-200.0	-200.0	-200.0	-81.0	-200.0	-200.0	-200.0	-200.0	-200.0	-200.0	-76.5	-200.0	-200.0	-200.0	-200.0	Pixel
266	HA	-200.0	-200.0	-96.0	-200.0	-83.75	-103.0	-89.66666666666667	-87.0	-200.0	-200.0	-200.0	-86.0	-200.0	-94.0	-98.0	-85.0	-99.0	-200.0	-200.0	-200.0	-200.0	-200.0	-77.25	-200.0	-200.0	-200.0	-200.0	Pixel
267	HA	-200.0	-200.0	-94.0	-200.0	-83.75	-200.0	-90.66666666666667	-88.0	-200.0	-94.33333333333333	-200.0	-96.33333333333333	-98.25	-89.0	-200.0	-83.25	-97.0	-100.0	-200.0	-200.0	-101.0	-200.0	-84.6	-200.0	-200.0	-200.0	-103.0	Pixel
268	AT_I1	-200.0	-200.0	-98.33333333333333	-200.0	-83.66666666666667	-200.0	-92.0	-94.0	-93.0	-90.0	-96.0	-95.0	-200.0	-96.0	-103.0	-83.25	-101.0	-104.0	-100.0	-200.0	-99.5	-200.0	-83.0	-200.0	-200.0	-200.0	-200.0	Pixel
269	AT_I1	-200.0	-200.0	-91.0	-200.0	-88.75	-200.0	-92.5	-91.66666666666667	-100.0	-91.0	-200.0	-88.0	-99.0	-85.0	-200.0	-78.25	-94.0	-97.0	-99.0	-200.0	-97.5	-200.0	-79.5	-200.0	-200.0	-200.0	-200.0	Pixel
270	AT_I1	-200.0	-200.0	-86.0	-102.0	-92.33333333333333	-200.0	-88.0	-94.0	-200.0	-200.0	-200.0	-86.0	-94.66666666666667	-84.2	-200.0	-85.25	-96.0	-200.0	-200.0	-97.0	-95.66666666666667	-200.0	-92.25	-200.0	-100.0	-200.0	-200.0	Pixel
271	AT_I1	-200.0	-200.0	-88.2	-100.0	-92.0	-200.0	-87.0	-97.0	-101.5	-93.33333333333333	-100.0	-89.66666666666667	-98.0	-82.0	-200.0	-90.4	-95.0	-200.0	-100.0	-103.0	-97.0	-200.0	-91.0	-200.0	-200.0	-200.0	-200.0	Pixel
272	AT_I1	-200.0	-101.0	-91.66666666666667	-98.0	-90.0	-200.0	-91.33333333333333	-200.0	-92.5	-94.5	-95.0	-87.33333333333333	-200.0	-84.33333333333333	-91.5	-91.0	-91.0	-94.33333333333333	-200.0	-200.0	-200.0	-200.0	-87.0	-200.0	-200.0	-200.0	-200.0	Pixel
273	AT_I1	-200.0	-200.0	-88.66666666666667	-200.0	-95.5	-200.0	-87.66666666666667	-200.0	-103.0	-98.0	-98.66666666666667	-84.33333333333333	-98.0	-86.4	-88.0	-88.33333333333333	-96.0	-94.0	-200.0	-97.5	-92.0	-200.0	-91.0	-200.0	-200.0	-200.0	-200.0	Pixel
274	AT_I1	-200.0	-200.0	-85.0	-99.0	-200.0	-200.0	-91.0	-94.0	-200.0	-91.0	-88.0	-80.0	-200.0	-83.33333333333333	-84.5	-89.75	-200.0	-200.0	-200.0	-99.0	-91.66666666666667	-200.0	-94.0	-200.0	-200.0	-200.0	-200.0	Pixel
275	AT_I1	-200.0	-102.0	-84.33333333333333	-95.0	-200.0	-98.0	-91.0	-89.0	-94.0	-98.0	-86.5	-82.2	-93.5	-79.0	-81.0	-89.0	-94.33333333333333	-88.33333333333333	-94.5	-101.0	-85.66666666666667	-200.0	-200.0	-97.0	-96.0	-200.0	-200.0	Pixel
276	AT_I1	-200.0	-100.0	-80.8	-97.0	-87.0	-200.0	-89.0	-93.0	-93.0	-95.0	-84.66666666666667	-79.33333333333333	-88.33333333333333	-79.33333333333333	-79.0	-96.0	-89.5	-90.0	-93.5	-200.0	-94.25	-200.0	-98.0	-200.0	-200.0	-200.0	-96.0	Pixel
277	AT_I1	-102.0	-102.0	-77.25	-93.75	-90.33333333333333	-200.0	-88.66666666666667	-95.0	-200.0	-86.0	-90.0	-84.0	-93.0	-79.0	-84.33333333333333	-200.0	-92.5	-93.0	-93.5	-200.0	-90.5	-200.0	-88.0	-200.0	-200.0	-200.0	-200.0	Pixel
278	AT_I1	-100.0	-100.0	-86.5	-100.0	-91.5	-200.0	-89.5	-92.5	-85.66666666666667	-86.33333333333333	-87.0	-81.66666666666667	-87.66666666666667	-80.66666666666667	-86.5	-93.25	-93.66666666666667	-200.0	-87.25	-200.0	-92.0	-200.0	-94.5	-200.0	-101.0	-200.0	-200.0	Pixel
279	AT_I1	-200.0	-102.0	-79.0	-96.0	-83.5	-200.0	-90.5	-92.66666666666667	-97.5	-91.25	-91.33333333333333	-82.25	-89.0	-81.0	-84.0	-96.0	-96.5	-92.33333333333333	-200.0	-97.0	-92.0	-200.0	-94.66666666666667	-200.0	-96.5	-200.0	-200.0	Pixel
280	AT_M	-200.0	-200.0	-89.25	-200.0	-90.5	-200.0	-89.66666666666667	-94.0	-92.0	-89.0	-95.0	-88.33333333333333	-97.0	-87.75	-79.8	-91.66666666666667	-95.33333333333333	-95.5	-98.0	-103.0	-95.0	-200.0	-94.5	-200.0	-98.0	-200.0	-200.0	Pixel
281	AT_M	-200.0	-200.0	-89.25	-200.0	-91.0	-200.0	-91.0	-200.0	-99.0	-100.0	-99.5	-84.0	-200.0	-83.33333333333333	-85.66666666666667	-96.0	-99.0	-95.0	-99.0	-200.0	-94.5	-200.0	-88.25	-102.0	-102.5	-200.0	-200.0	Pixel
282	AT_M	-200.0	-200.0	-92.0	-200.0	-200.0	-102.0	-89.0	-89.0	-103.0	-92.0	-200.0	-84.0	-94.0	-83.0	-79.0	-91.33333333333333	-92.0	-95.0	-96.0	-101.0	-200.0	-200.0	-91.0	-98.0	-200.0	-200.0	-200.0	Pixel
283	AT_M	-200.0	-104.0	-89.5	-103.0	-200.0	-200.0	-90.0	-93.0	-96.0	-97.5	-200.0	-80.33333333333333	-97.0	-81.66666666666667	-75.2	-92.0	-85.66666666666667	-96.0	-100.0	-200.0	-91.0	-200.0	-93.0	-103.0	-102.5	-200.0	-102.0	Pixel
284	AT_M	-200.0	-101.0	-85.33333333333333	-99.0	-94.0	-200.0	-90.5	-96.5	-95.0	-92.0	-92.0	-80.5	-97.0	-80.0	-71.75	-93.66666666666667	-200.0	-98.0	-94.0	-96.0	-90.0	-200.0	-94.0	-103.0	-101.66666666666667	-100.0	-200.0	Pixel
285	AT_M	-200.0	-95.0	-89.75	-101.5	-91.0	-200.0	-87.5	-99.0	-93.0	-200.0	-101.0	-89.25	-96.0	-71.25	-77.25	-96.5	-92.5	-200.0	-102.0	-200.0	-85.66666666666667	-200.0	-200.0	-93.0	-100.0	-200.0	-200.0	Pixel
286	AT_M	-200.0	-200.0	-86.5	-97.0	-94.0	-200.0	-89.5	-200.0	-98.0	-87.5	-95.5	-86.33333333333333	-200.0	-75.0	-68.5	-101.5	-82.0	-95.0	-200.0	-200.0	-83.66666666666667	-200.0	-100.0	-200.0	-97.0	-200.0	-200.0	Pixel
287	AT_M	-200.0	-200.0	-200.0	-200.0	-93.5	-103.0	-90.0	-200.0	-200.0	-92.0	-96.0	-82.8	-200.0	-65.0	-74.0	-100.0	-87.5	-92.0	-100.25	-200.0	-86.66666666666667	-102.0	-200.0	-97.0	-96.0	-200.0	-200.0	Pixel
288	AT_M	-200.0	-100.0	-91.0	-200.0	-200.0	-200.0	-88.25	-93.0	-99.0	-94.0	-93.0	-81.5	-200.0	-69.5	-79.25	-200.0	-83.0	-84.0	-200.0	-99.5	-88.5	-200.0	-200.0	-200.0	-98.0	-200.0	-200.0	Pixel
289	AT_M	-200.0	-101.0	-200.0	-100.0	-90.0	-200.0	-92.0	-92.0	-95.0	-92.33333333333333	-82.5	-83.5	-94.0	-79.6	-82.5	-200.0	-81.5	-97.0	-200.0	-101.0	-89.0	-99.5	-101.0	-200.0	-200.0	-200.0	-200.0	Pixel
290	AT_M	-200.0	-97.0	-89.0	-200.0	-89.5	-200.0	-200.0	-94.0	-200.0	-84.33333333333333	-81.25	-80.33333333333333	-88.0	-77.5	-82.4	-200.0	-90.0	-92.33333333333333	-200.0	-200.0	-84.5	-200.0	-101.0	-200.0	-200.0	-200.0	-200.0	Pixel
291	AT_M	-200.0	-93.0	-92.5	-101.0	-90.33333333333333	-100.0	-83.0	-83.5	-91.0	-83.33333333333333	-86.0	-81.5	-84.0	-89.25	-85.0	-92.0	-90.0	-92.33333333333333	-96.0	-200.0	-84.0	-103.0	-98.0	-200.0	-200.0	-200.0	-95.0	Pixel
292	AT_CH	-200.0	-95.0	-93.5	-96.33333333333333	-91.5	-200.0	-82.66666666666667	-84.25	-90.25	-86.5	-85.25	-83.25	-86.0	-85.33333333333333	-84.75	-91.66666666666667	-91.0	-97.0	-97.0	-200.0	-89.25	-200.0	-99.33333333333333	-200.0	-98.0	-94.5	-97.0	Pixel
293	AT_CH	-200.0	-101.0	-95.0	-93.25	-95.0	-200.0	-87.6	-88.0	-92.5	-82.0	-86.33333333333333	-71.0	-89.0	-89.5	-88.0	-94.5	-93.75	-94.0	-95.0	-200.0	-84.75	-200.0	-96.0	-200.0	-200.0	-94.75	-97.5	Pixel
294	AT_CH	-97.5	-200.0	-97.0	-97.0	-91.0	-200.0	-89.33333333333333	-93.66666666666667	-92.0	-90.5	-89.75	-69.0	-84.0	-80.8	-89.0	-96.0	-89.0	-85.0	-92.0	-200.0	-84.66666666666667	-101.0	-200.0	-200.0	-98.0	-200.0	-200.0	Pixel
295	AT_CH	-200.0	-200.0	-90.0	-101.0	-200.0	-102.0	-90.66666666666667	-89.0	-100.5	-93.5	-91.33333333333333	-69.75	-86.0	-84.6	-82.75	-90.0	-90.5	-96.0	-100.0	-200.0	-85.25	-102.5	-200.0	-200.0	-200.0	-101.5	-99.0	Pixel
296	AT_CH	-200.0	-200.0	-93.33333333333333	-101.5	-84.75	-101.0	-105.0	-90.0	-91.0	-94.0	-95.0	-75.33333333333333	-91.0	-74.75	-87.0	-91.0	-93.0	-100.0	-200.0	-200.0	-86.33333333333333	-102.0	-83.0	-97.0	-200.0	-200.0	-102.0	Pixel
297	AT_CH	-200.0	-98.0	-91.0	-89.0	-90.0	-101.0	-85.5	-87.8	-90.25	-84.0	-92.5	-80.66666666666667	-89.75	-81.66666666666667	-86.33333333333333	-88.0	-95.0	-95.0	-90.5	-200.0	-86.8	-200.0	-200.0	-200.0	-89.0	-94.5	-98.5	Pixel
298	AT_CH	-200.0	-99.33333333333333	-91.33333333333333	-95.5	-95.0	-200.0	-84.75	-85.0	-88.25	-91.33333333333333	-85.0	-68.0	-98.0	-87.5	-89.5	-92.33333333333333	-96.0	-91.33333333333333	-95.75	-102.0	-81.8	-200.0	-103.0	-89.0	-200.0	-97.75	-101.5	Pixel
299	AT_CH	-200.0	-100.5	-90.0	-97.5	-89.5	-200.0	-91.0	-92.0	-100.0	-96.0	-89.0	-67.5	-93.75	-82.5	-92.75	-94.0	-94.33333333333333	-86.4	-200.0	-200.0	-80.66666666666667	-200.0	-200.0	-96.8	-200.0	-99.33333333333333	-97.5	Pixel
300	AT_CH	-200.0	-200.0	-91.0	-97.0	-88.0	-100.0	-86.0	-96.0	-91.6	-91.66666666666667	-88.0	-65.0	-90.0	-87.5	-89.0	-92.0	-89.0	-88.66666666666667	-105.0	-200.0	-83.0	-200.0	-200.0	-99.2	-200.0	-102.0	-98.0	Pixel
301	AT_CH	-101.0	-99.75	-90.0	-94.66666666666667	-86.66666666666667	-200.0	-86.0	-85.0	-90.0	-88.5	-85.0	-68.4	-91.0	-81.0	-84.0	-92.0	-89.66666666666667	-83.75	-100.0	-99.0	-88.0	-200.0	-96.5	-92.5	-200.0	-97.0	-96.0	Pixel
302	AT_CH	-200.0	-103.0	-92.0	-91.0	-91.66666666666667	-102.0	-200.0	-87.5	-88.0	-96.0	-91.5	-66.5	-85.0	-80.75	-80.0	-93.0	-89.0	-92.0	-101.0	-96.0	-85.75	-104.0	-95.33333333333333	-97.6	-200.0	-200.0	-97.0	Pixel
303	AT_CH	-200.0	-94.0	-86.5	-95.5	-91.0	-200.0	-91.66666666666667	-90.0	-97.0	-91.0	-87.5	-76.5	-200.0	-76.0	-79.0	-94.0	-93.0	-200.0	-200.0	-200.0	-86.0	-200.0	-90.25	-92.25	-97.5	-101.0	-100.5	Pixel
304	AT_CH	-200.0	-200.0	-89.0	-95.0	-87.2	-97.75	-83.33333333333333	-90.75	-92.5	-95.66666666666667	-95.75	-79.0	-80.8	-79.5	-86.2	-98.5	-92.0	-90.5	-97.0	-200.0	-84.33333333333333	-200.0	-89.0	-97.4	-97.0	-100.0	-105.0	Pixel
305	AT_CH	-200.0	-200.0	-90.8	-101.0	-87.33333333333333	-96.0	-79.0	-89.5	-97.33333333333333	-88.0	-89.66666666666667	-84.33333333333333	-83.33333333333333	-84.0	-82.8	-94.33333333333333	-91.6	-101.5	-94.33333333333333	-103.0	-84.5	-200.0	-89.5	-95.0	-97.0	-99.0	-106.0	Pixel
306	AT_S	-200.0	-104.0	-89.66666666666667	-98.5	-84.0	-99.0	-79.0	-89.66666666666667	-98.5	-94.0	-93.33333333333333	-73.75	-82.25	-94.5	-81.66666666666667	-91.5	-85.33333333333333	-92.66666666666667	-95.0	-200.0	-81.5	-200.0	-84.33333333333333	-99.5	-94.0	-200.0	-97.5	Pixel
307	AT_S	-100.0	-200.0	-91.5	-95.66666666666667	-91.5	-101.0	-92.0	-92.0	-92.0	-88.5	-90.0	-74.0	-79.0	-89.75	-83.25	-95.5	-90.0	-86.25	-105.0	-200.0	-86.0	-200.0	-89.0	-99.0	-99.0	-200.0	-100.0	Pixel
308	AT_S	-200.0	-101.0	-96.0	-85.5	-90.5	-104.0	-88.66666666666667	-94.0	-89.75	-93.0	-94.0	-75.5	-82.33333333333333	-88.0	-91.0	-92.75	-88.0	-85.66666666666667	-105.0	-200.0	-84.4	-200.0	-98.0	-94.33333333333333	-99.0	-200.0	-92.0	Pixel
309	AT_S	-200.0	-200.0	-88.0	-90.0	-88.33333333333333	-103.0	-86.0	-92.0	-91.0	-94.0	-90.33333333333333	-200.0	-79.5	-92.0	-88.66666666666667	-93.0	-100.0	-87.66666666666667	-102.0	-200.0	-78.2	-200.0	-100.0	-92.0	-99.5	-200.0	-90.25	Pixel
310	AT_S	-102.0	-107.0	-92.0	-84.5	-87.0	-99.5	-87.0	-96.0	-87.25	-89.5	-89.2	-82.75	-82.33333333333333	-92.0	-90.0	-90.25	-95.5	-96.5	-95.0	-200.0	-81.66666666666667	-200.0	-200.0	-93.25	-103.0	-102.0	-94.0	Pixel
311	AT_S	-101.5	-200.0	-90.0	-94.0	-87.0	-95.0	-88.66666666666667	-86.66666666666667	-78.66666666666667	-92.66666666666667	-85.66666666666667	-82.66666666666667	-79.75	-91.5	-89.5	-85.5	-94.0	-94.0	-94.0	-103.0	-79.25	-200.0	-200.0	-91.8	-95.0	-200.0	-92.66666666666667	Pixel
312	AT_S	-200.0	-99.0	-84.66666666666667	-94.0	-88.0	-99.5	-90.25	-94.0	-88.0	-90.5	-84.66666666666667	-73.0	-83.66666666666667	-83.5	-84.33333333333333	-86.2	-89.5	-96.0	-96.0	-200.0	-82.66666666666667	-200.0	-93.0	-95.5	-200.0	-101.0	-100.0	Pixel
313	AT_S	-200.0	-101.0	-88.0	-93.33333333333333	-84.0	-98.0	-88.33333333333333	-90.5	-85.0	-88.0	-84.66666666666667	-75.25	-77.75	-83.0	-91.66666666666667	-200.0	-84.33333333333333	-94.0	-200.0	-200.0	-86.33333333333333	-200.0	-90.0	-94.0	-200.0	-200.0	-99.33333333333333	Pixel
314	AT_S	-97.0	-99.0	-90.75	-90.0	-89.8	-200.0	-89.0	-91.25	-93.75	-97.0	-90.33333333333333	-75.2	-79.25	-88.6	-83.66666666666667	-91.0	-85.0	-96.0	-200.0	-200.0	-79.0	-200.0	-89.33333333333333	-95.25	-200.0	-200.0	-96.0	Pixel
315	AT_S	-101.0	-99.5	-92.33333333333333	-90.0	-86.5	-96.0	-87.66666666666667	-94.5	-90.25	-90.75	-88.33333333333333	-68.5	-87.5	-81.0	-86.0	-97.0	-87.4	-85.0	-200.0	-200.0	-84.75	-103.0	-93.25	-93.0	-200.0	-200.0	-97.0	Pixel
316	AT_S	-200.0	-200.0	-99.33333333333333	-90.75	-90.75	-101.0	-200.0	-92.0	-90.0	-94.0	-84.5	-79.5	-79.75	-94.33333333333333	-87.0	-93.0	-95.0	-88.25	-96.0	-99.0	-88.0	-200.0	-96.0	-89.25	-200.0	-200.0	-93.25	Pixel
317	AT_I2	-103.0	-99.0	-95.75	-93.33333333333333	-94.0	-102.0	-89.0	-92.66666666666667	-85.8	-100.0	-90.4	-89.0	-79.0	-92.5	-88.6	-94.5	-95.5	-93.0	-95.0	-200.0	-83.75	-200.0	-200.0	-90.83333333333333	-200.0	-200.0	-95.5	Pixel
318	AT_I2	-200.0	-96.5	-102.0	-92.5	-94.33333333333333	-103.0	-90.4	-92.66666666666667	-84.66666666666667	-94.25	-82.66666666666667	-80.33333333333333	-84.5	-87.5	-90.0	-95.75	-92.33333333333333	-91.5	-200.0	-200.0	-85.66666666666667	-200.0	-97.0	-91.8	-200.0	-200.0	-200.0	Pixel
319	AT_I2	-200.0	-91.0	-99.0	-91.5	-102.0	-200.0	-89.0	-86.0	-84.75	-89.0	-83.0	-82.0	-85.0	-95.0	-90.5	-96.0	-101.5	-87.0	-89.66666666666667	-200.0	-77.75	-200.0	-96.0	-86.33333333333333	-200.0	-200.0	-93.33333333333333	Pixel
320	AT_I2	-200.0	-93.0	-100.0	-200.0	-93.66666666666667	-99.66666666666667	-92.75	-91.0	-77.2	-89.0	-81.33333333333333	-90.5	-87.33333333333333	-93.0	-90.5	-97.0	-100.0	-97.0	-96.0	-200.0	-80.25	-200.0	-99.33333333333333	-89.8	-200.0	-200.0	-93.66666666666667	Pixel
321	AT_I2	-97.0	-91.4	-94.0	-97.33333333333333	-91.33333333333333	-103.0	-90.0	-87.5	-79.5	-89.0	-78.5	-83.33333333333333	-82.66666666666667	-94.0	-88.75	-97.5	-102.0	-94.0	-98.5	-200.0	-79.25	-200.0	-95.0	-86.0	-85.0	-200.0	-95.0	Pixel
322	AT_I2	-101.0	-90.33333333333333	-95.0	-100.0	-86.66666666666667	-101.0	-84.0	-89.5	-78.8	-92.5	-73.66666666666667	-89.0	-89.0	-100.0	-95.0	-97.5	-101.0	-96.0	-91.0	-200.0	-90.66666666666667	-200.0	-98.0	-81.0	-200.0	-200.0	-93.0	Pixel
323	AT_I2	-96.5	-86.2	-91.25	-97.0	-88.0	-97.66666666666667	-85.5	-86.5	-83.33333333333333	-87.2	-76.0	-92.33333333333333	-86.5	-92.0	-96.25	-92.0	-94.0	-99.0	-88.0	-200.0	-93.25	-200.0	-95.0	-80.6	-200.0	-200.0	-90.0	Pixel
324	AT_I2	-98.0	-92.33333333333333	-87.5	-97.0	-94.0	-100.0	-91.0	-90.25	-80.66666666666667	-200.0	-75.2	-84.0	-84.0	-91.0	-92.5	-87.0	-102.0	-100.0	-92.5	-200.0	-90.5	-200.0	-96.25	-74.0	-200.0	-200.0	-88.5	Pixel
325	AT_I2	-200.0	-88.5	-90.75	-102.0	-84.33333333333333	-94.5	-87.33333333333333	-84.0	-75.33333333333333	-85.0	-82.33333333333333	-83.66666666666667	-86.0	-88.5	-89.5	-90.66666666666667	-95.0	-200.0	-85.5	-200.0	-83.5	-200.0	-90.66666666666667	-90.0	-200.0	-200.0	-92.75	Pixel
326	AT_I2	-99.0	-92.0	-88.33333333333333	-95.66666666666667	-90.75	-99.5	-82.5	-82.0	-78.0	-80.0	-76.75	-80.33333333333333	-86.66666666666667	-88.66666666666667	-91.33333333333333	-88.5	-90.66666666666667	-97.0	-85.5	-102.0	-84.0	-200.0	-91.0	-92.75	-85.0	-200.0	-90.66666666666667	Pixel
327	AT_I2	-200.0	-99.0	-85.0	-96.33333333333333	-90.0	-97.0	-87.0	-89.66666666666667	-79.2	-81.5	-76.5	-81.33333333333333	-86.0	-90.5	-87.66666666666667	-90.33333333333333	-83.33333333333333	-98.0	-91.33333333333333	-200.0	-86.0	-200.0	-91.25	-95.14285714285714	-83.33333333333333	-200.0	-94.33333333333333	Pixel
328	AT_I2	-200.0	-97.0	-87.33333333333333	-89.0	-88.66666666666667	-98.0	-84.0	-89.33333333333333	-87.5	-83.66666666666667	-91.0	-78.66666666666667	-82.0	-92.0	-87.5	-90.0	-81.75	-94.0	-200.0	-103.0	-86.5	-200.0	-200.0	-90.8	-89.0	-200.0	-97.0	Pixel
329	AT_I2	-94.0	-98.5	-93.66666666666667	-94.5	-90.33333333333333	-101.0	-88.0	-87.0	-82.2	-85.0	-89.0	-77.66666666666667	-81.0	-89.0	-89.0	-91.0	-87.0	-90.5	-96.0	-200.0	-91.66666666666667	-200.0	-101.0	-98.0	-95.66666666666667	-200.0	-99.0	Pixel
330	AT_I2	-94.5	-97.0	-98.5	-90.5	-92.0	-200.0	-91.0	-93.33333333333333	-85.6	-93.66666666666667	-79.0	-73.33333333333333	-84.66666666666667	-94.0	-83.0	-94.0	-83.0	-89.0	-97.5	-200.0	-88.0	-200.0	-200.0	-89.4	-97.0	-200.0	-96.33333333333333	Pixel
331	AT_I2	-94.0	-97.0	-94.5	-95.0	-90.33333333333333	-101.0	-91.0	-88.25	-85.66666666666667	-86.66666666666667	-79.0	-79.75	-80.33333333333333	-93.8	-93.0	-98.0	-84.25	-94.25	-97.0	-200.0	-86.5	-200.0	-97.0	-90.14285714285714	-90.0	-200.0	-95.33333333333333	Pixel
332	AT_I2	-200.0	-93.66666666666667	-97.0	-101.0	-95.0	-95.0	-88.33333333333333	-86.5	-79.5	-87.0	-78.0	-88.0	-88.5	-90.0	-95.0	-98.0	-94.0	-97.0	-96.0	-200.0	-87.0	-200.0	-98.5	-89.4	-87.5	-200.0	-86.5	Pixel
333	AT_I2	-101.0	-93.66666666666667	-102.0	-90.5	-87.66666666666667	-200.0	-86.66666666666667	-84.0	-81.5	-83.66666666666667	-82.0	-85.75	-83.5	-93.75	-97.0	-91.25	-98.75	-100.0	-97.25	-200.0	-87.5	-200.0	-97.0	-94.14285714285714	-89.0	-98.0	-79.2	Pixel
334	AT_I2	-97.0	-90.75	-90.0	-95.0	-89.0	-200.0	-85.0	-91.6	-78.66666666666667	-82.0	-79.2	-79.66666666666667	-86.5	-90.75	-88.0	-100.0	-94.5	-92.5	-96.25	-200.0	-87.25	-200.0	-200.0	-91.83333333333333	-98.5	-200.0	-79.6	Pixel
335	AT_I2	-95.0	-98.0	-83.5	-94.0	-84.75	-200.0	-81.5	-89.33333333333333	-83.66666666666667	-83.75	-83.0	-82.0	-89.0	-89.66666666666667	-85.0	-93.5	-91.33333333333333	-100.66666666666667	-92.5	-200.0	-87.0	-200.0	-200.0	-90.83333333333333	-91.75	-200.0	-83.2	Pixel
336	AT_I2	-102.0	-92.0	-87.66666666666667	-95.5	-84.4	-100.5	-90.5	-91.0	-74.33333333333333	-86.0	-77.75	-75.5	-89.0	-89.5	-95.0	-200.0	-92.5	-98.0	-96.0	-200.0	-94.0	-200.0	-91.66666666666667	-91.75	-85.2	-89.33333333333333	-87.5	Pixel
337	AT_CA	-200.0	-92.25	-91.66666666666667	-96.75	-85.0	-100.5	-81.0	-82.33333333333333	-83.5	-77.5	-80.0	-80.33333333333333	-83.0	-89.5	-92.0	-89.0	-91.5	-200.0	-90.0	-200.0	-90.25	-200.0	-89.0	-86.42857142857143	-85.25	-87.0	-92.5	Pixel
338	AT_CA	-200.0	-92.25	-200.0	-99.0	-84.75	-200.0	-79.66666666666667	-96.0	-81.5	-79.0	-72.33333333333333	-83.0	-86.66666666666667	-93.0	-93.5	-97.33333333333333	-97.5	-96.0	-93.0	-200.0	-87.5	-200.0	-92.0	-85.57142857142857	-87.0	-88.0	-88.0	Pixel
339	AT_CA	-92.0	-95.0	-90.66666666666667	-97.5	-89.0	-200.0	-86.66666666666667	-88.0	-82.5	-75.5	-77.66666666666667	-84.5	-86.0	-94.66666666666667	-90.75	-96.0	-97.66666666666667	-97.0	-86.5	-102.0	-90.0	-200.0	-92.0	-88.83333333333333	-94.5	-87.25	-95.0	Pixel
340	AT_CA	-200.0	-89.5	-88.4	-99.0	-90.33333333333333	-200.0	-89.25	-200.0	-76.66666666666667	-77.75	-83.0	-80.75	-89.8	-87.33333333333333	-88.5	-91.0	-95.0	-93.0	-85.8	-200.0	-92.33333333333333	-200.0	-200.0	-87.16666666666667	-90.0	-89.66666666666667	-89.6	Pixel
341	AT_CA	-200.0	-87.66666666666667	-94.0	-100.0	-90.25	-200.0	-89.0	-90.25	-83.0	-80.25	-88.0	-89.0	-98.0	-94.5	-95.5	-100.0	-200.0	-96.0	-77.5	-200.0	-99.0	-200.0	-99.0	-91.75	-90.0	-90.5	-103.0	Pixel
342	AT_CA	-200.0	-94.0	-96.0	-200.0	-87.5	-104.0	-91.0	-94.33333333333333	-84.0	-82.75	-89.0	-90.5	-90.0	-100.0	-200.0	-98.5	-200.0	-200.0	-81.0	-200.0	-100.5	-200.0	-91.0	-85.0	-93.25	-94.0	-99.0	Pixel
343	AT_CA	-200.0	-96.33333333333333	-91.0	-200.0	-82.5	-200.0	-91.0	-83.0	-78.25	-77.25	-87.5	-86.0	-93.66666666666667	-200.0	-98.5	-200.0	-102.0	-101.0	-83.0	-200.0	-97.0	-200.0	-96.5	-89.33333333333333	-92.5	-90.0	-99.0	Pixel
344	AT_CA	-200.0	-94.5	-96.33333333333333	-200.0	-86.0	-100.5	-90.5	-91.33333333333333	-77.5	-79.33333333333333	-91.66666666666667	-92.0	-97.0	-102.0	-98.5	-92.0	-200.0	-200.0	-75.5	-200.0	-200.0	-200.0	-93.25	-88.85714285714286	-87.66666666666667	-90.0	-98.33333333333333	Pixel
345	AT_CA	-200.0	-94.0	-84.6	-100.0	-79.25	-200.0	-90.33333333333333	-90.66666666666667	-73.5	-76.6	-92.0	-87.0	-91.66666666666667	-86.0	-96.66666666666667	-91.33333333333333	-200.0	-103.0	-80.0	-200.0	-95.0	-200.0	-94.25	-85.8	-84.66666666666667	-82.0	-100.33333333333333	Pixel
346	AT_CA	-200.0	-95.33333333333333	-83.0	-96.0	-74.0	-98.5	-86.33333333333333	-89.5	-77.5	-80.25	-84.33333333333333	-90.25	-92.33333333333333	-84.5	-95.33333333333333	-91.33333333333333	-200.0	-96.0	-82.5	-200.0	-91.0	-200.0	-85.5	-87.5	-86.2	-89.25	-96.5	Pixel
347	AT_CA	-200.0	-96.0	-86.75	-90.33333333333333	-79.66666666666667	-95.5	-87.66666666666667	-83.0	-83.5	-84.0	-85.0	-85.5	-88.0	-87.66666666666667	-95.0	-94.5	-97.33333333333333	-96.0	-93.66666666666667	-100.0	-96.0	-200.0	-200.0	-90.25	-90.5	-90.66666666666667	-103.0	Pixel
348	AT_O1	-97.0	-96.33333333333333	-81.25	-93.0	-81.0	-95.0	-81.0	-77.75	-82.33333333333333	-86.25	-83.33333333333333	-81.0	-91.0	-83.0	-90.5	-97.5	-96.0	-200.0	-96.0	-101.0	-91.33333333333333	-105.0	-200.0	-91.16666666666667	-88.0	-90.0	-86.5	Pixel
349	AT_O1	-94.0	-96.5	-83.25	-95.0	-75.0	-100.5	-85.66666666666667	-77.0	-87.66666666666667	-84.66666666666667	-84.0	-86.0	-80.0	-88.33333333333333	-93.0	-92.0	-95.5	-95.66666666666667	-88.33333333333333	-200.0	-91.33333333333333	-200.0	-84.75	-94.33333333333333	-85.0	-95.66666666666667	-94.33333333333333	Pixel
350	AT_O1	-200.0	-92.0	-82.5	-95.5	-75.0	-98.5	-86.5	-78.5	-200.0	-84.75	-89.75	-82.33333333333333	-88.5	-84.0	-95.0	-88.0	-101.5	-100.0	-96.0	-200.0	-93.0	-200.0	-87.0	-98.25	-78.0	-84.5	-101.0	Pixel
351	AT_O1	-100.0	-96.0	-92.5	-105.0	-80.33333333333333	-94.33333333333333	-90.0	-85.0	-85.0	-81.0	-85.0	-90.6	-89.0	-86.0	-92.0	-97.5	-200.0	-200.0	-88.25	-200.0	-88.5	-200.0	-93.33333333333333	-86.66666666666667	-82.75	-85.5	-92.75	Pixel
352	AT_O1	-95.0	-95.5	-84.66666666666667	-88.8	-83.25	-97.0	-89.5	-84.66666666666667	-80.0	-76.0	-85.33333333333333	-78.0	-85.66666666666667	-86.5	-103.0	-98.5	-95.5	-200.0	-91.5	-200.0	-87.33333333333333	-200.0	-93.66666666666667	-93.4	-88.66666666666667	-90.25	-86.25	Pixel
353	AT_O1	-98.0	-102.0	-88.25	-96.0	-83.0	-200.0	-84.33333333333333	-76.0	-92.5	-82.66666666666667	-88.0	-80.66666666666667	-86.5	-85.33333333333333	-89.5	-92.0	-95.0	-200.0	-95.0	-200.0	-89.5	-200.0	-88.66666666666667	-97.4	-87.0	-93.33333333333333	-92.25	Pixel
354	AT_O1	-200.0	-200.0	-87.66666666666667	-200.0	-82.25	-93.0	-88.0	-83.0	-91.33333333333333	-90.0	-85.75	-85.33333333333333	-90.25	-94.0	-92.0	-91.0	-98.0	-101.5	-90.0	-200.0	-88.66666666666667	-200.0	-103.0	-98.5	-84.75	-88.0	-200.0	Pixel
355	AT_O1	-200.0	-200.0	-88.0	-96.5	-81.2	-90.5	-87.6	-87.0	-96.0	-89.0	-93.0	-86.75	-88.66666666666667	-92.0	-94.0	-94.5	-103.0	-100.0	-84.0	-200.0	-98.66666666666667	-200.0	-93.25	-98.5	-78.5	-91.66666666666667	-98.0	Pixel
356	AT_O1	-200.0	-200.0	-86.25	-100.0	-79.0	-96.0	-88.0	-77.8	-96.0	-87.0	-91.33333333333333	-83.5	-91.66666666666667	-94.5	-90.5	-97.0	-101.0	-95.0	-83.5	-200.0	-94.0	-200.0	-88.75	-200.0	-78.0	-99.0	-200.0	Pixel
357	AT_O1	-200.0	-101.0	-87.66666666666667	-96.33333333333333	-72.8	-103.0	-86.33333333333333	-80.33333333333333	-93.8	-84.0	-89.0	-79.66666666666667	-86.0	-86.0	-92.0	-89.66666666666667	-97.0	-93.0	-80.0	-200.0	-93.33333333333333	-200.0	-88.0	-95.5	-89.0	-98.0	-98.5	Pixel
358	AT_O1	-102.0	-200.0	-81.25	-92.75	-72.25	-96.0	-78.0	-85.4	-90.5	-81.66666666666667	-88.33333333333333	-84.66666666666667	-88.5	-84.66666666666667	-82.75	-90.75	-97.0	-99.0	-200.0	-200.0	-91.25	-200.0	-85.0	-95.8	-90.75	-200.0	-84.0	Pixel
359	AT_O1	-100.0	-200.0	-77.0	-96.66666666666667	-79.33333333333333	-92.0	-78.0	-80.6	-90.33333333333333	-82.5	-79.0	-86.5	-88.0	-82.25	-87.5	-84.66666666666667	-102.0	-96.0	-90.0	-100.33333333333333	-87.75	-200.0	-81.33333333333333	-92.0	-93.66666666666667	-91.33333333333333	-82.0	Pixel
360	AT_O1	-96.0	-93.0	-78.66666666666667	-91.66666666666667	-86.33333333333333	-100.0	-83.5	-83.5	-87.0	-81.0	-81.5	-76.0	-80.75	-84.66666666666667	-87.66666666666667	-91.0	-99.33333333333333	-97.0	-90.25	-200.0	-91.0	-200.0	-82.0	-93.33333333333333	-95.0	-92.0	-91.0	Pixel
361	AT_O1	-98.0	-93.4	-86.5	-95.0	-83.5	-100.0	-84.0	-79.4	-87.5	-79.66666666666667	-79.25	-76.4	-88.25	-85.0	-81.0	-93.0	-95.0	-94.0	-85.0	-103.0	-86.0	-200.0	-88.0	-90.0	-86.5	-87.0	-80.4	Pixel
362	AT_O1	-92.0	-91.5	-91.75	-92.66666666666667	-83.33333333333333	-102.0	-90.0	-77.0	-83.0	-74.33333333333333	-85.33333333333333	-80.66666666666667	-90.0	-90.66666666666667	-200.0	-92.0	-98.0	-200.0	-87.25	-200.0	-87.33333333333333	-200.0	-102.0	-89.0	-91.25	-94.0	-78.8	Pixel
363	AT_O1	-200.0	-91.5	-96.0	-90.0	-81.5	-88.0	-82.33333333333333	-77.25	-82.66666666666667	-77.66666666666667	-79.5	-84.0	-89.0	-90.25	-94.33333333333333	-91.5	-102.0	-200.0	-85.0	-200.0	-84.75	-200.0	-88.33333333333333	-87.8	-84.0	-93.0	-89.0	Pixel
364	AT_O1	-200.0	-95.5	-86.4	-93.0	-77.0	-200.0	-80.0	-78.33333333333333	-80.25	-79.0	-85.33333333333333	-87.0	-95.0	-89.0	-92.0	-86.5	-200.0	-200.0	-84.5	-200.0	-89.0	-200.0	-94.0	-88.16666666666667	-79.0	-86.33333333333333	-86.0	Pixel
365	AT_O2	-200.0	-200.0	-88.5	-96.5	-77.0	-94.33333333333333	-79.5	-80.75	-81.75	-85.75	-88.0	-85.75	-90.66666666666667	-93.5	-200.0	-86.0	-200.0	-200.0	-87.0	-200.0	-96.0	-200.0	-85.25	-93.0	-79.0	-84.33333333333333	-95.0	Pixel
366	AT_O2	-200.0	-102.0	-90.0	-102.0	-73.33333333333333	-94.0	-88.75	-74.33333333333333	-90.25	-87.5	-90.5	-80.5	-94.0	-93.66666666666667	-90.6	-91.33333333333333	-200.0	-97.0	-84.25	-200.0	-200.0	-200.0	-88.0	-99.0	-83.0	-91.0	-100.0	Pixel
367	AT_O2	-200.0	-200.0	-85.33333333333333	-200.0	-72.0	-94.0	-84.0	-76.25	-93.5	-84.5	-90.0	-87.75	-90.5	-92.5	-90.66666666666667	-87.0	-200.0	-103.0	-81.25	-200.0	-93.0	-200.0	-83.0	-99.0	-88.5	-200.0	-200.0	Pixel
368	AT_O2	-200.0	-200.0	-87.0	-101.5	-70.0	-95.33333333333333	-77.66666666666667	-85.0	-200.0	-88.0	-89.8	-91.0	-86.75	-93.0	-88.0	-84.5	-98.0	-200.0	-82.33333333333333	-200.0	-89.0	-200.0	-88.33333333333333	-98.5	-90.0	-93.0	-90.0	Pixel
369	AT_O2	-99.0	-103.0	-85.0	-96.0	-67.0	-100.5	-79.5	-90.75	-96.0	-86.66666666666667	-89.66666666666667	-85.0	-91.5	-83.5	-101.0	-92.0	-98.0	-98.0	-87.5	-200.0	-93.5	-200.0	-86.8	-200.0	-85.0	-94.0	-94.5	Pixel
370	AT_O2	-101.0	-200.0	-79.25	-200.0	-65.66666666666667	-90.0	-79.5	-95.33333333333333	-90.66666666666667	-88.66666666666667	-200.0	-90.0	-92.66666666666667	-84.5	-88.0	-85.0	-99.0	-100.0	-91.5	-200.0	-90.0	-200.0	-82.75	-200.0	-89.0	-200.0	-200.0	Pixel
371	AT_O2	-200.0	-104.0	-78.25	-99.0	-70.5	-200.0	-80.0	-92.0	-106.0	-88.0	-98.0	-85.5	-95.0	-89.0	-90.0	-88.6	-200.0	-99.0	-91.33333333333333	-200.0	-93.8	-200.0	-83.0	-200.0	-91.5	-100.0	-93.0	Pixel
372	AT_O2	-200.0	-100.0	-77.0	-93.66666666666667	-69.25	-200.0	-200.0	-85.0	-91.4	-84.0	-87.5	-81.5	-91.0	-84.66666666666667	-85.0	-83.25	-97.0	-200.0	-95.75	-200.0	-89.0	-200.0	-84.8	-200.0	-91.0	-95.0	-200.0	Pixel
373	AT_O2	-200.0	-200.0	-75.25	-89.0	-65.4	-98.5	-75.33333333333333	-90.5	-200.0	-86.5	-88.33333333333333	-82.75	-87.0	-81.0	-83.0	-82.0	-200.0	-95.0	-92.66666666666667	-101.0	-88.5	-200.0	-77.0	-200.0	-89.25	-200.0	-92.0	Pixel
