1222860384701650,E9BDCC7D8FE6,-98
1222860443347802,ef3b3dd2a019,-90
1222860459142855,ef3b3dd2a018,-84
1222860461502074,ef3b3dd2e001,-93
1222860496857130,ef3b3dd2a015,-104
1222860654088135,ef3b3dd2a019,-88
1222860662112407,ef3b3dd2a018,-84
1222860666804230,ef3b3dd2e001,-89
1222860693081056,ef3b3dd2e004,-86
1222860800150389,E9BDCC7D8FE6,-92
1222860836171747,ef3b3dd2a012,-89
1222860860973572,ef3b3dd2a019,-86
1222860862913937,ef3b3dd2a018,-82
1222860867892427,ef3b3dd2e001,-85
1222861006182441,ef3b3dd2a014,-93
1222861007293743,E9BDCC7D8FE6,-94
1222861082911407,ef3b3dd2e001,-85
1222861116779171,ef3b3dd2a015,-98
1222861117613494,ef3b3dd2e004,-82
1222861270283457,ef3b3dd2a019,-88
1222861286141896,ef3b3dd2e001,-82
1222861320515337,ef3b3dd2a015,-97
1222861321360441,ef3b3dd2e004,-96
1222861362975133,E7B2D23D89EC,-101
1222861482324259,ef3b3dd2a019,-91
1222861487692749,ef3b3dd2e001,-83
1222861685360269,ef3b3dd2a018,-94
1222861699838187,ef3b3dd2e001,-87
1222861726965534,ef3b3dd2e004,-84
1222861862294349,ef3b3dd2a013,-107
1222861878187944,ef3b3dd2a012,-90
1222861891345550,ef3b3dd2a018,-91
1222861903023624,ef3b3dd2e001,-79
1222861922689355,ef3b3dd2e003,-102
1222861941131909,ef3b3dd2e004,-88
1222862077919839,ef3b3dd2a012,-99
1222862102014998,ef3b3dd2a018,-98
1222862114032551,ef3b3dd2e001,-83
1222862231169542,ef3b3dd2a014,-86
1222862280714651,ef3b3dd2a012,-100
1222862324818197,ef3b3dd2e001,-83
1222862442181647,ef3b3dd2a014,-98
1222862531978635,ef3b3dd2e001,-78
1222862640651250,ef3b3dd2a014,-95
1222862746536833,ef3b3dd2e001,-82
1222862748948656,ef3b3dd2e003,-100
1222862759785897,ef3b3dd2e004,-93
1222862890706275,ef3b3dd2a012,-97
1222862908463516,ef3b3dd2a019,-93
1222862921962371,ef3b3dd2a018,-89
1222862956371594,ef3b3dd2e001,-83
1222862961961334,ef3b3dd2e003,-98
1222862974610762,ef3b3dd2e004,-100
1222863021176235,E7B2D23D89EC,-104
1222863097248014,ef3b3dd2a012,-94
1222863110724161,ef3b3dd2a019,-99
1222863126379788,ef3b3dd2a018,-96
1222863187470523,ef3b3dd2e004,-86
1222863316317359,ef3b3dd2a019,-94
1222863338482986,ef3b3dd2a018,-100
1222863368660958,ef3b3dd2e001,-89
1222863397507992,ef3b3dd2e004,-84
1222863584077229,ef3b3dd2e001,-80
1222863708387658,ef3b3dd2a012,-92
1222863722707347,ef3b3dd2a019,-93
1222863746147714,ef3b3dd2a018,-90
1222863791558916,ef3b3dd2e001,-76
1222863872906997,ef3b3dd2a014,-96
1222863951934036,ef3b3dd2a018,-98
1222863983993936,ef3b3dd2a015,-96
1222863999811958,ef3b3dd2e001,-82
1222864032200815,E7B2D23D89EC,-98
1222864033895659,ef3b3dd2e004,-89
1222864078906705,ef3b3dd2a014,-90
1222864128736450,ef3b3dd2a019,-99
1222864215979167,ef3b3dd2e001,-84
1222864240774274,ef3b3dd2e004,-91
1222864281930580,E9BDCC7D8FE6,-100
1222864320126261,ef3b3dd2a012,-95
1222864333554804,ef3b3dd2a019,-97
1222864422656479,ef3b3dd2e001,-100
1222864445549971,ef3b3dd2e004,-81
1222864566593004,ef3b3dd2a018,-94
1222864623082176,ef3b3dd2e001,-87
1222864645202595,ef3b3dd2e004,-84
1222864743543282,ef3b3dd2a019,-93
1222864829848968,ef3b3dd2e001,-79
1222864855463345,ef3b3dd2e004,-89
1222865039245864,ef3b3dd2e001,-87
1222865062114928,ef3b3dd2e004,-85
1222865113737381,ef3b3dd2a014,-97
1222865145911551,ef3b3dd2a019,-97
1222865238516352,ef3b3dd2e001,-79
1222865348567613,ef3b3dd2a012,-97
1222865441976008,ef3b3dd2e001,-86
1222865464304448,ef3b3dd2e004,-85
1222865509765129,ef3b3dd2a014,-92
1222865555431123,ef3b3dd2a012,-92
1222865643487070,ef3b3dd2e001,-83
1222865668807280,ef3b3dd2e004,-90
1222865711538691,ef3b3dd2a014,-90
1222865799100471,ef3b3dd2a018,-92
1222865855447455,ef3b3dd2e001,-84
1222865878606156,ef3b3dd2e004,-81
1222865919109805,ef3b3dd2a014,-96
1222866057233986,ef3b3dd2e001,-80
1222866171804726,ef3b3dd2a019,-92
1222866212188689,ef3b3dd2a018,-92
1222866229291243,ef3b3dd2a015,-101
1222866284905102,ef3b3dd2e004,-85
1222866375288184,ef3b3dd2a019,-91
1222866481252257,ef3b3dd2e001,-82
1222866492678248,ef3b3dd2e004,-85
1222866540214659,ef3b3dd2a014,-98
1222866618651177,ef3b3dd2a018,-94
1222866687753059,ef3b3dd2e001,-81
1222866704250352,ef3b3dd2e004,-86
1222866748385982,ef3b3dd2a014,-97
1222866778337078,ef3b3dd2a012,-98
1222866900541414,ef3b3dd2e001,-89
1222866908516987,ef3b3dd2e004,-84
1222866975872046,ef3b3dd2a019,-94
1222867021446738,ef3b3dd2a018,-90
1222867109459351,ef3b3dd2e001,-75
1222867110409924,ef3b3dd2e004,-87
1222867152539720,ef3b3dd2a014,-101
1222867177278681,ef3b3dd2a019,-85
1222867185855661,ef3b3dd2a012,-94
1222867228203946,ef3b3dd2a018,-93
1222867315519059,ef3b3dd2e004,-87
1222867321389320,ef3b3dd2e001,-84
1222867337120676,E9BDCC7D8FE6,-94
1222867527662934,ef3b3dd2e004,-92
1222867541325019,E9BDCC7D8FE6,-92
1222867560456219,ef3b3dd2a014,-102
1222867589065232,ef3b3dd2a019,-85
1222867596418879,ef3b3dd2a012,-96
1222867746458112,E9BDCC7D8FE6,-89
1222867747873321,ef3b3dd2e001,-82
1222867790912336,ef3b3dd2a019,-80
1222867796375044,ef3b3dd2a012,-97
1222867872558385,ef3b3dd2a015,-95
1222867959980790,ef3b3dd2e001,-84
1222867967572770,ef3b3dd2a014,-99
1222867991315637,ef3b3dd2a019,-79
1222868161701123,ef3b3dd2e001,-78
1222868194839355,ef3b3dd2a019,-89
1222868249782277,ef3b3dd2a018,-88
1222868353986767,ef3b3dd2e004,-88
1222868356114475,E9BDCC7D8FE6,-101
1222868371769425,ef3b3dd2e001,-76
1222868399689896,ef3b3dd2a019,-85
1222868457223027,ef3b3dd2a018,-93
1222868559370693,ef3b3dd2e004,-91
1222868586566529,ef3b3dd2a014,-102
1222868617745595,ef3b3dd2a012,-101
1222868662675704,ef3b3dd2a018,-95
1222868685786175,ef3b3dd2a009,-102
1222868762070557,E9BDCC7D8FE6,-108
1222868796024571,ef3b3dd2e001,-78
1222868808972385,ef3b3dd2a019,-90
1222868869646089,ef3b3dd2a018,-94
1222868969368078,E9BDCC7D8FE6,-102
1222868981138756,ef3b3dd2e004,-98
1222869004410321,ef3b3dd2e001,-80
1222869011132718,ef3b3dd2a019,-89
1222869215995915,ef3b3dd2e001,-76
1222869418809894,ef3b3dd2a019,-96
1222869420774685,ef3b3dd2e001,-84
1222869425104894,ef3b3dd2a012,-97
1222869634129759,ef3b3dd2e001,-82
1222869790980243,E9BDCC7D8FE6,-99
1222869813235922,ef3b3dd2e004,-96
1222869835179362,ef3b3dd2e001,-90
1222869982530575,E7B2D23D89EC,-105
1222870041248810,ef3b3dd2e001,-85
1222870224594193,ef3b3dd2e004,-99
1222870236253204,ef3b3dd2a019,-97
1222870252056279,ef3b3dd2e001,-84
1222870296867637,ef3b3dd2a018,-91
1222870438567287,ef3b3dd2a019,-100
1222870440198277,ef3b3dd2e004,-100
1222870463479893,ef3b3dd2e001,-90
1222870647069391,ef3b3dd2e004,-100
1222870676009394,ef3b3dd2e001,-88
1222870704744032,ef3b3dd2a018,-98
1222870842077692,ef3b3dd2a019,-92
1222870882634206,ef3b3dd2e001,-78
1222871056638026,ef3b3dd2a019,-90
1222871091719852,ef3b3dd2e001,-86
1222871110495323,ef3b3dd2a018,-87
1222871144313972,ef3b3dd2a015,-99
1222871257254920,ef3b3dd2a019,-91
1222871258089608,ef3b3dd2e004,-99
1222871323913417,ef3b3dd2a018,-88
1222871369187327,ef3b3dd2a009,-100
1222871434907126,E9BDCC7D8FE6,-102
1222871449194002,ef3b3dd2a014,-99
1222871472136192,ef3b3dd2a019,-88
1222871514220936,ef3b3dd2e001,-88
1222871683672880,ef3b3dd2a019,-95
1222872089721410,ef3b3dd2a019,-87
1222872143068707,ef3b3dd2a018,-96
1222872182710273,ef3b3dd2a015,-99
1222872237878039,E7B2D23D89EC,-101
1222872261050854,ef3b3dd2a014,-101
1222872352362061,ef3b3dd2e001,-96
1222872467160666,ef3b3dd2a014,-96
1222872549615310,ef3b3dd2a018,-93
1222872564253801,ef3b3dd2e001,-91
1222872640232090,E9BDCC7D8FE6,-101
1222872653297976,E7B2D23D89EC,-97
1222872665337925,ef3b3dd2a014,-86
1222872707236523,ef3b3dd2a019,-95
1222872709486836,ef3b3dd2e004,-92
1222872756157622,ef3b3dd2a018,-92
1222872799697522,ef3b3dd2a015,-102
1222872850387163,E9BDCC7D8FE6,-104
1222872856418257,E7B2D23D89EC,-99
1222872877223155,ef3b3dd2a014,-93
1222872912611596,ef3b3dd2a019,-92
1222872913737794,ef3b3dd2e004,-93
1222872975949363,ef3b3dd2e001,-89
1222873079409529,ef3b3dd2a014,-104
1222873088030624,ef3b3dd2a012,-108
1222873114370105,ef3b3dd2a019,-91
1222873116883960,ef3b3dd2e004,-91
1222873180444747,ef3b3dd2e001,-82
1222873187023342,ef3b3dd2a009,-102
1222873219216887,ef3b3dd2a015,-100
1222873262812724,E9BDCC7D8FE6,-96
1222873296428561,ef3b3dd2a012,-103
1222873327277418,ef3b3dd2e004,-96
1222873376447111,ef3b3dd2a018,-88
1222873381360288,ef3b3dd2e001,-82
1222873426141282,ef3b3dd2a015,-100
1222873526443584,ef3b3dd2a019,-89
1222873536837335,ef3b3dd2e004,-95
1222873583177027,ef3b3dd2a018,-98
1222873593765830,ef3b3dd2e001,-92
1222873668385265,E9BDCC7D8FE6,-102
1222873689296465,ef3b3dd2a014,-96
1222873728056156,ef3b3dd2a019,-86
1222873785364808,ef3b3dd2a018,-89
1222873806147466,ef3b3dd2e001,-88
1222873826358874,ef3b3dd2a015,-98
1222873874367629,E9BDCC7D8FE6,-94
1222873890691172,ef3b3dd2a014,-90
1222873891483152,E7B2D23D89EC,-101
1222873928593468,ef3b3dd2a019,-89
1222874013452070,ef3b3dd2a009,-102
1222874019428477,ef3b3dd2e001,-83
1222874035953531,ef3b3dd2a015,-100
1222874077343118,E9BDCC7D8FE6,-86
1222874091469942,ef3b3dd2a014,-96
1222874132224321,ef3b3dd2a019,-85
1222874167726408,ef3b3dd2e004,-90
1222874194404223,ef3b3dd2a018,-80
1222874231805842,ef3b3dd2e001,-87
1222874288987462,E9BDCC7D8FE6,-82
1222874336483769,ef3b3dd2a019,-86
1222874378060648,ef3b3dd2e004,-87
1222874394239452,ef3b3dd2a018,-81
1222874428319091,ef3b3dd2a009,-102
1222874437188727,ef3b3dd2e001,-84
1222874444687686,ef3b3dd2a015,-98
1222874492401701,E9BDCC7D8FE6,-86
1222874540595143,ef3b3dd2a019,-91
1222874595919420,ef3b3dd2a018,-85
1222874649286560,ef3b3dd2e001,-92
1222874697329326,ef3b3dd2a014,-93
1222874699640680,E9BDCC7D8FE6,-88
1222874707094952,E7B2D23D89EC,-102
1222874790037043,ef3b3dd2e004,-83
1222874846359966,ef3b3dd2e001,-88
1222874851739862,ef3b3dd2a009,-98
1222874902729607,E9BDCC7D8FE6,-89
1222874911964972,E7B2D23D89EC,-100
1222874917839087,ef3b3dd2a012,-98
1222874997549981,ef3b3dd2e004,-87
1222875009898888,ef3b3dd2a018,-85
1222875106607960,ef3b3dd2a014,-97
1222875259490111,ef3b3dd2e001,-87
1222875272449487,ef3b3dd2a009,-100
1222875275746102,ef3b3dd2a015,-100
1222875305630272,E9BDCC7D8FE6,-97
1222875313120429,ef3b3dd2a014,-88
1222875407626949,ef3b3dd2e004,-85
1222875416309710,ef3b3dd2e003,-101
1222875425124034,ef3b3dd2a018,-97
1222875464850913,ef3b3dd2e001,-87
1222875470201955,ef3b3dd2a009,-102
1222875519736022,ef3b3dd2a014,-91
1222875536837534,ef3b3dd2a012,-92
1222875621380459,ef3b3dd2e004,-90
1222875627117856,ef3b3dd2a018,-92
1222875676881455,ef3b3dd2e001,-86
1222875835163345,ef3b3dd2e004,-92
1222875874778922,ef3b3dd2a009,-103
1222875892510434,ef3b3dd2e001,-90
1222876048698992,ef3b3dd2e004,-83
1222876099498528,ef3b3dd2e001,-87
1222876123097749,E9BDCC7D8FE6,-104
1222876129391448,ef3b3dd2a014,-100
1222876159352388,ef3b3dd2a019,-94
1222876234705781,ef3b3dd2a018,-100
1222876261518648,ef3b3dd2e004,-85
1222876306846778,ef3b3dd2e001,-80
1222876331530061,E9BDCC7D8FE6,-104
1222876361076106,ef3b3dd2a019,-101
1222876434778197,ef3b3dd2a018,-93
1222876466215648,ef3b3dd2e004,-86
1222876519163361,ef3b3dd2e001,-86
1222876531361592,E9BDCC7D8FE6,-104
1222876541536801,ef3b3dd2a014,-90
1222876559943001,ef3b3dd2a012,-96
1222876883487825,ef3b3dd2e004,-87
1222876897048503,ef3b3dd2a015,-98
1222876946360904,ef3b3dd2e001,-84
1222876976424605,ef3b3dd2a019,-99
1222877046443831,ef3b3dd2a018,-90
1222877157653425,ef3b3dd2e001,-83
1222877293510991,ef3b3dd2e004,-85
1222877303111252,ef3b3dd2a015,-101
1222877362986414,ef3b3dd2e001,-83
1222877508625752,ef3b3dd2e004,-88
1222877565241018,ef3b3dd2e001,-82
1222877581380134,ef3b3dd2a012,-97
1222877760644735,E9BDCC7D8FE6,-101
1222877770769632,ef3b3dd2e001,-97
1222877784617706,ef3b3dd2a012,-100
1222877788651873,ef3b3dd2a019,-96
1222877972919444,ef3b3dd2e001,-80
1222878142985815,ef3b3dd2e004,-91
1222878284143537,ef3b3dd2a018,-93
1222878351180263,ef3b3dd2e004,-92
1222878384009953,ef3b3dd2e001,-89
1222878566571742,ef3b3dd2e004,-85
1222878583382369,ef3b3dd2a014,-96
1222878598106485,ef3b3dd2e001,-86
1222878774577649,ef3b3dd2e004,-82
1222878814337809,ef3b3dd2e001,-81
1222879014529652,ef3b3dd2a012,-93
1222879020730433,ef3b3dd2a019,-93
1222879021792986,ef3b3dd2e001,-81
1222879100739452,ef3b3dd2a018,-96
1222879185972637,ef3b3dd2e004,-81
1222879217513161,ef3b3dd2a012,-99
1222879391088804,ef3b3dd2e004,-83
1222879414266462,ef3b3dd2a012,-93
1222879435024225,ef3b3dd2e001,-81
1222879516799545,ef3b3dd2a018,-91
1222879600944293,ef3b3dd2e004,-86
1222879645320235,ef3b3dd2e001,-88
1222879803298324,ef3b3dd2e004,-86
1222879819817023,ef3b3dd2a012,-90
1222879855847808,ef3b3dd2e001,-76
1222879926877920,ef3b3dd2a018,-94
1222879988422613,ef3b3dd2a015,-97
1222880020316418,ef3b3dd2e004,-84
1222880027304752,ef3b3dd2a012,-89
1222880064755121,ef3b3dd2e001,-78
1222880225507481,ef3b3dd2a012,-90
1222880228246543,ef3b3dd2e004,-78
1222880230021804,E7B2D23D89EC,-104
1222880232648367,E9BDCC7D8FE6,-98
1222880434147553,ef3b3dd2a012,-88
1222880435081929,E7B2D23D89EC,-101
1222880477053599,ef3b3dd2e001,-81
1222880551754909,ef3b3dd2a018,-89
1222880638004761,ef3b3dd2e004,-86
1222880653511534,ef3b3dd2a019,-87
1222880840176969,ef3b3dd2e004,-86
1222880905611507,ef3b3dd2e001,-92
1222881021363549,ef3b3dd2a009,-102
1222881057584282,ef3b3dd2a019,-96
1222881108290902,ef3b3dd2e001,-77
1222881168001220,ef3b3dd2a018,-98
1222881224601851,ef3b3dd2a015,-103
1222881247392166,ef3b3dd2e004,-88
1222881254532843,ef3b3dd2a019,-87
1222881375506606,ef3b3dd2a018,-91
1222881462494948,ef3b3dd2a019,-90
1222881463763333,ef3b3dd2e004,-91
1222881467340833,E9BDCC7D8FE6,-102
1222881529630215,ef3b3dd2e001,-80
1222881668824656,E9BDCC7D8FE6,-101
1222881673876531,ef3b3dd2e004,-89
1222881743926330,ef3b3dd2e001,-79
1222881792574824,ef3b3dd2a018,-91
1222881855976289,ef3b3dd2a014,-92
1222881869218998,ef3b3dd2a019,-96
1222881870414884,E9BDCC7D8FE6,-105
1222881882475146,ef3b3dd2e004,-88
1222881948801611,ef3b3dd2e001,-84
1222881992045990,ef3b3dd2a018,-85
1222882052001100,ef3b3dd2a015,-102
1222882084181364,ef3b3dd2e004,-94
1222882152652985,ef3b3dd2e001,-82
1222882268037632,ef3b3dd2a014,-91
1222882280608519,ef3b3dd2a019,-86
1222882361696339,ef3b3dd2e001,-80
1222882455929838,ef3b3dd2a015,-97
1222882485688383,ef3b3dd2a019,-95
1222882493564529,E9BDCC7D8FE6,-94
1222882575643756,ef3b3dd2e001,-93
1222882603415530,ef3b3dd2a018,-95
1222882685960434,ef3b3dd2a012,-96
1222882692619341,ef3b3dd2a019,-95
1222882698578196,E9BDCC7D8FE6,-94
1222882713136895,ef3b3dd2e004,-98
1222882775501068,ef3b3dd2e001,-80
1222882897869570,ef3b3dd2a019,-98
1222882905502123,E9BDCC7D8FE6,-95
1222882985906401,ef3b3dd2e001,-81
1222883105675372,ef3b3dd2a019,-90
1222883111540685,E9BDCC7D8FE6,-94
1222883123784384,ef3b3dd2e004,-90
1222883191064651,ef3b3dd2e001,-83
1222883209960747,ef3b3dd2a018,-90
1222883281903045,ef3b3dd2a015,-98
1222883289382005,ef3b3dd2a014,-101
1222883310970184,ef3b3dd2a019,-87
1222883319865653,E9BDCC7D8FE6,-91
1222883404161443,ef3b3dd2e001,-93
1222883518046454,ef3b3dd2a019,-88
1222883529594216,ef3b3dd2e004,-95
1222883616540891,ef3b3dd2a018,-89
1222883687899961,ef3b3dd2a015,-95
1222883722359079,ef3b3dd2a019,-88
1222883730856059,E9BDCC7D8FE6,-88
1222883817670963,ef3b3dd2e001,-83
1222883819356849,ef3b3dd2a018,-97
1222883906467743,ef3b3dd2a012,-101
1222883924853370,ef3b3dd2a019,-84
1222883932260558,E9BDCC7D8FE6,-90
1222884020838588,ef3b3dd2e001,-81
1222884128448130,ef3b3dd2a019,-82
1222884135890735,E9BDCC7D8FE6,-96
1222884228843973,ef3b3dd2a018,-87
1222884232122880,ef3b3dd2e001,-92
1222884332163046,ef3b3dd2a019,-83
1222884343050182,E9BDCC7D8FE6,-97
1222884434634410,ef3b3dd2e001,-85
1222884436658942,ef3b3dd2a018,-86
1222884545356088,E9BDCC7D8FE6,-97
1222884573572497,ef3b3dd2e004,-100
1222884642608910,ef3b3dd2e001,-83
1222884741466576,ef3b3dd2a019,-82
1222884775887205,ef3b3dd2e004,-97
1222884845213253,ef3b3dd2a018,-92
1222884850423931,ef3b3dd2e001,-86
1222884910307010,ef3b3dd2a015,-98
1222884936377429,ef3b3dd2a014,-88
1222884938986179,ef3b3dd2a012,-98
1222884946424461,ef3b3dd2a019,-84
1222884982481548,ef3b3dd2e004,-86
1222885051765618,ef3b3dd2a018,-84
1222885060400046,ef3b3dd2e001,-90
1222885121682031,ef3b3dd2a015,-97
1222885134327240,ef3b3dd2a012,-96
1222885136537553,E7B2D23D89EC,-95
1222885140831824,ef3b3dd2a014,-91
1222885259010847,ef3b3dd2a018,-93
1222885270402827,ef3b3dd2e001,-79
1222885344272522,ef3b3dd2a012,-96
1222885347695335,ef3b3dd2a014,-101
1222885358949294,ef3b3dd2a019,-88
1222885394429193,ef3b3dd2e004,-100
1222885465483784,ef3b3dd2a018,-98
1222885481304671,ef3b3dd2e001,-89
1222885555263845,ef3b3dd2a012,-99
1222885566378169,ef3b3dd2a019,-96
1222885577205514,E9BDCC7D8FE6,-96
1222885604175360,ef3b3dd2e004,-92
1222885670326200,ef3b3dd2a018,-85
1222885693910994,ef3b3dd2e001,-82
1222885730198706,ef3b3dd2a015,-101
1222885771897043,ef3b3dd2a019,-84
1222885872276637,ef3b3dd2a018,-83
1222885904245442,ef3b3dd2e001,-92
1222885974877012,ef3b3dd2a019,-93
1222886119788849,ef3b3dd2e001,-81
1222886138950778,ef3b3dd2a015,-100
1222886170821875,ef3b3dd2a014,-97
1222886226543078,ef3b3dd2e004,-95
1222886281286625,ef3b3dd2a018,-86
1222886319359390,ef3b3dd2e001,-86
1222886369831947,ef3b3dd2a014,-94
1222886386102573,ef3b3dd2a019,-94
1222886484290760,ef3b3dd2a018,-85
1222886533001078,ef3b3dd2e001,-85
1222886590910667,ef3b3dd2a012,-98
1222886638875880,ef3b3dd2e004,-86
1222886691375677,ef3b3dd2a018,-99
1222886695355625,ef3b3dd2e003,-99
1222886782829800,ef3b3dd2a014,-90
1222886791478812,ef3b3dd2a019,-90
1222886799441521,ef3b3dd2a012,-92
1222886801757146,E9BDCC7D8FE6,-98
1222886886478873,ef3b3dd2a018,-88
1222886907706167,ef3b3dd2e003,-100
1222886944196431,ef3b3dd2e001,-81
1222886956299609,ef3b3dd2a015,-98
1222886987671852,ef3b3dd2a014,-97
1222887003156177,ef3b3dd2a016,-103
1222887004297739,E9BDCC7D8FE6,-101
1222887010843834,ef3b3dd2a012,-94
1222887055906546,ef3b3dd2e004,-83
1222887156251296,ef3b3dd2e001,-80
1222887162667911,ef3b3dd2a015,-101
1222887200483019,ef3b3dd2a019,-93
1222887216002135,ef3b3dd2a012,-95
1222887259050994,ef3b3dd2e004,-92
1222887366112411,ef3b3dd2e001,-84
1222887373762307,ef3b3dd2a015,-97
1222887398157570,E7B2D23D89EC,-102
1222887460834764,ef3b3dd2e004,-87
1222887496218517,ef3b3dd2a018,-95
1222887581680818,ef3b3dd2e001,-80
1222887621825197,ef3b3dd2a012,-96
1222887673611920,ef3b3dd2e004,-86
1222887693434058,ef3b3dd2a018,-91
1222887783098233,ef3b3dd2e001,-81
1222887826117717,ef3b3dd2a014,-96
1222887831223447,ef3b3dd2a012,-103
1222887887740483,ef3b3dd2e004,-90
1222887893798609,ef3b3dd2a018,-97
1222888007908933,E7B2D23D89EC,-104
1222888026552164,ef3b3dd2a014,-92
1222888031925446,ef3b3dd2a012,-103
1222888032832321,E9BDCC7D8FE6,-102
1222888092464566,ef3b3dd2e004,-88
1222888100636807,ef3b3dd2a018,-94
1222888184916138,ef3b3dd2e001,-77
1222888225271767,ef3b3dd2a019,-96
1222888234315726,ef3b3dd2a014,-101
1222888391403711,ef3b3dd2e001,-80
1222888446804966,ef3b3dd2a014,-93
1222888450789290,ef3b3dd2a012,-104
1222888451790279,E9BDCC7D8FE6,-101
1222888505522576,ef3b3dd2e004,-102
1222888591302793,ef3b3dd2e001,-78
1222888802455366,ef3b3dd2e001,-85
1222888920599701,ef3b3dd2e004,-88
1222889116151700,ef3b3dd2a018,-97
1222889323921824,ef3b3dd2a018,-91
1222889331977242,ef3b3dd2e004,-88
1222889422609647,ef3b3dd2e001,-89
1222889454499181,ef3b3dd2a014,-100
1222889544555284,ef3b3dd2e004,-89
1222889633458470,ef3b3dd2e001,-80
1222889848295939,ef3b3dd2e001,-82
1222889887967401,ef3b3dd2a012,-96
1222889931954645,ef3b3dd2a018,-89
1222889949397668,ef3b3dd2e004,-92
1222890056329241,ef3b3dd2e001,-91
1222890060903356,E7B2D23D89EC,-99
1222890067081065,ef3b3dd2a019,-102
1222890136411905,ef3b3dd2a018,-94
1222890149041750,ef3b3dd2e004,-92
1222890259950303,ef3b3dd2e001,-86
1222890271893273,ef3b3dd2a019,-100
1222890358403177,ef3b3dd2e004,-90
1222890436231935,ef3b3dd2a015,-99
1222890464978240,ef3b3dd2e001,-81
1222890470038866,ef3b3dd2a019,-98
1222890553231374,ef3b3dd2a018,-92
1222890624267579,ef3b3dd2a009,-102
1222890670538834,ef3b3dd2e001,-78
1222890676440657,ef3b3dd2a019,-93
1222890883299376,ef3b3dd2e001,-90
1222890892141512,ef3b3dd2a014,-100
1222890956569122,ef3b3dd2a018,-91
1222890965888186,ef3b3dd2e004,-90
1222891095990386,ef3b3dd2e001,-80
1222891173721071,ef3b3dd2e004,-93
1222891299980303,ef3b3dd2e001,-80
1222891387549530,ef3b3dd2e004,-100
1222891475755893,E7B2D23D89EC,-102
1222891499116468,ef3b3dd2a019,-103
1222891508405740,ef3b3dd2e001,-83
1222891576819132,ef3b3dd2a018,-96
1222891606479187,ef3b3dd2e004,-89
1222891698917009,ef3b3dd2a014,-102
1222891710581750,ef3b3dd2e001,-84
1222891725132480,E9BDCC7D8FE6,-104
1222891805449207,ef3b3dd2e004,-90
1222891840127023,ef3b3dd2a009,-104
1222891918357239,ef3b3dd2e001,-84
1222892098806893,E7B2D23D89EC,-104
1222892127334604,ef3b3dd2e001,-83
1222892217049404,ef3b3dd2e004,-88
1222892335061187,ef3b3dd2e001,-86
1222892389505307,ef3b3dd2a018,-92
1222892430784894,ef3b3dd2e004,-87
1222892540916051,ef3b3dd2e001,-82
1222892590739442,ef3b3dd2a018,-92
1222892733330237,ef3b3dd2a019,-88
1222892743608519,ef3b3dd2e001,-80
1222892798619723,ef3b3dd2a018,-94
1222892849156499,ef3b3dd2e004,-92
1222892906349108,ef3b3dd2a014,-98
1222892951778540,ef3b3dd2e001,-76
1222893005618858,ef3b3dd2a018,-89
1222893137831631,ef3b3dd2a019,-96
1222893158538769,ef3b3dd2a012,-100
1222893166599811,ef3b3dd2e001,-85
1222893206281013,ef3b3dd2a018,-86
1222893346623527,ef3b3dd2a019,-93
1222893365195300,ef3b3dd2a012,-93
1222893375012593,ef3b3dd2e001,-87
1222893415029367,ef3b3dd2a018,-85
1222893457886507,ef3b3dd2a011,-106
1222893552771673,ef3b3dd2a019,-89
1222893581135269,ef3b3dd2e001,-85
1222893619076679,ef3b3dd2a018,-86
1222893687448457,ef3b3dd2e004,-89
1222893793339249,ef3b3dd2e001,-85
1222893821413835,ef3b3dd2a018,-83
1222893888695196,ef3b3dd2e004,-92
1222893994378852,ef3b3dd2e001,-84
1222894095225268,ef3b3dd2e004,-93
1222894172773453,ef3b3dd2a019,-90
1222894204675019,ef3b3dd2e001,-88
1222894233988251,ef3b3dd2a018,-97
1222894305160289,ef3b3dd2e004,-92
1222894412204154,ef3b3dd2e001,-86
1222894514985831,ef3b3dd2e004,-93
1222894580096358,ef3b3dd2a019,-91
1222894597931360,ef3b3dd2a012,-94
1222894619959540,ef3b3dd2e001,-91
1222894726518769,ef3b3dd2e004,-92
1222894794360911,ef3b3dd2a019,-97
1222894798391068,E9BDCC7D8FE6,-101
1222894801982162,ef3b3dd2a012,-93
1222894830621540,ef3b3dd2e001,-79
1222894845644249,ef3b3dd2a018,-86
1222894935994363,ef3b3dd2e004,-90
1222895004973849,ef3b3dd2a012,-96
1222895038251352,ef3b3dd2a006,-102
1222895044470676,ef3b3dd2e001,-81
1222895052645624,ef3b3dd2a018,-87
1222895148101780,ef3b3dd2e004,-92
1222895217009234,ef3b3dd2a012,-97
1222895254696113,ef3b3dd2e001,-84
1222895406793107,E9BDCC7D8FE6,-91
1222895422710088,ef3b3dd2a019,-90
1222895466223530,ef3b3dd2e001,-88
1222895663986987,ef3b3dd2a018,-89
1222895676576728,ef3b3dd2e001,-84
1222895773236165,ef3b3dd2e004,-91
1222895819608878,E9BDCC7D8FE6,-93
1222895826484816,ef3b3dd2a019,-86
1222895845139193,ef3b3dd2a005,-103
1222895867770185,ef3b3dd2a018,-86
1222895967250142,ef3b3dd2a015,-98
1222895979515560,ef3b3dd2e004,-89
1222896025047752,E9BDCC7D8FE6,-91
1222896087436144,ef3b3dd2e001,-78
1222896185472716,ef3b3dd2e004,-94
1222896199651728,ef3b3dd2a014,-100
1222896230368346,ef3b3dd2a019,-86
1222896235426940,E9BDCC7D8FE6,-94
1222896304132416,ef3b3dd2e001,-87
1222896339293044,ef3b3dd2a009,-104
1222896434534408,ef3b3dd2a019,-91
1222896480395142,ef3b3dd2a018,-90
1222896513328374,ef3b3dd2e001,-85
1222896592859267,ef3b3dd2e004,-100
1222896634985157,ef3b3dd2a019,-86
1222896645393960,E9BDCC7D8FE6,-92
1222896716504905,ef3b3dd2e001,-86
1222896796504600,ef3b3dd2e004,-90
1222896920144821,ef3b3dd2e001,-82
1222896991724515,ef3b3dd2a015,-102
1222897004445558,ef3b3dd2e004,-91
1222897045375771,ef3b3dd2a019,-86
1222897098343224,ef3b3dd2a018,-92
1222897135927915,ef3b3dd2e001,-86
1222897202438859,ef3b3dd2a015,-97
1222897204642974,ef3b3dd2e004,-86
1222897222017299,ef3b3dd2a014,-90
1222897309522828,ef3b3dd2a018,-87
1222897342812363,ef3b3dd2e001,-83
1222897415793672,ef3b3dd2e004,-85
1222897428807996,ef3b3dd2a014,-88
1222897455561020,ef3b3dd2a019,-87
1222897509630140,ef3b3dd2a018,-90
1222897545931862,ef3b3dd2e001,-81
1222897629072183,ef3b3dd2a014,-88
1222897630790777,ef3b3dd2e004,-101
1222897659832238,ef3b3dd2a019,-84
1222897666039010,ef3b3dd2a012,-100
1222897675042708,E9BDCC7D8FE6,-90
1222897676131979,6859b8e6126b,-102
1222897756440894,ef3b3dd2e001,-82
1222897825789182,ef3b3dd2a015,-96
1222897839206371,ef3b3dd2a014,-100
1222897843187517,ef3b3dd2e004,-90
1222897859149237,ef3b3dd2a019,-82
1222897884734656,E9BDCC7D8FE6,-92
1222897910543409,ef3b3dd2a018,-87
1222897966651383,ef3b3dd2e001,-86
1222898043025766,ef3b3dd2a015,-100
1222898049422694,ef3b3dd2e004,-88
1222898066914154,ef3b3dd2a019,-81
1222898075983738,ef3b3dd2a012,-87
1222898086604833,E9BDCC7D8FE6,-89
1222898117386346,ef3b3dd2a018,-84
1222898243158598,E7B2D23D89EC,-101
1222898247062297,ef3b3dd2a014,-96
1222898275357820,ef3b3dd2a019,-90
1222898293282458,E9BDCC7D8FE6,-87
1222898322076887,ef3b3dd2a018,-86
1222898376481424,ef3b3dd2e001,-86
1222898473112944,ef3b3dd2e004,-88
1222898476967476,ef3b3dd2a019,-80
1222898496516124,E9BDCC7D8FE6,-90
1222898530731023,ef3b3dd2a005,-103
1222898651288847,ef3b3dd2a014,-89
1222898681455673,ef3b3dd2a019,-80
1222898686527965,ef3b3dd2a012,-98
1222898732251928,ef3b3dd2a018,-84
1222898787937663,ef3b3dd2e001,-87
1222898864039285,ef3b3dd2a015,-93
1222898891430225,ef3b3dd2a012,-100
1222898934000178,ef3b3dd2a018,-86
1222898994782371,ef3b3dd2e001,-90
1222899052329981,ef3b3dd2a014,-89
1222899095190298,ef3b3dd2a019,-84
1222899110452435,E9BDCC7D8FE6,-96
1222899143047230,ef3b3dd2a018,-98
1222899196665464,ef3b3dd2e001,-80
1222899210841820,ef3b3dd2a009,-103
1222899255815939,ef3b3dd2a014,-86
1222899262081200,E7B2D23D89EC,-101
1222899292388182,ef3b3dd2e004,-92
1222899412572725,ef3b3dd2e001,-80
1222899479252836,ef3b3dd2a015,-98
1222899516355027,ef3b3dd2a019,-96
1222899528737320,E9BDCC7D8FE6,-97
1222899748659061,ef3b3dd2a018,-86
1222899828947350,ef3b3dd2e001,-82
1222899834137403,ef3b3dd2e003,-109
1222899884814804,ef3b3dd2a014,-101
1222899912455483,ef3b3dd2e004,-85
1222899943768612,E9BDCC7D8FE6,-99
1222900026427943,ef3b3dd2e001,-97
1222900123820921,ef3b3dd2a019,-89
1222900126252276,ef3b3dd2e004,-92
1222900132937745,ef3b3dd2a008,-106
1222900327599639,ef3b3dd2a019,-88
1222900358510788,ef3b3dd2a018,-90
1222900450734079,ef3b3dd2e001,-81
1222900520850127,ef3b3dd2a012,-100
1222900546611953,ef3b3dd2e004,-92
1222900567598830,ef3b3dd2a018,-86
1222900700673270,ef3b3dd2a015,-96
1222900768169058,ef3b3dd2a018,-83
1222900869037766,ef3b3dd2e001,-82
1222900908574176,ef3b3dd2a015,-103
1222900963493140,ef3b3dd2e004,-87
1222900974343818,ef3b3dd2a018,-94
1222901085035236,ef3b3dd2e001,-82
1222901120372531,ef3b3dd2a014,-98
1222901126252740,ef3b3dd2a015,-98
1222901146960294,ef3b3dd2a019,-88
1222901287823068,ef3b3dd2e001,-85
1222901299638017,E7B2D23D89EC,-98
1222901329935520,ef3b3dd2a015,-92
1222901352711148,ef3b3dd2a019,-89
1222901379414275,ef3b3dd2a018,-92
1222901502484340,ef3b3dd2e001,-85
1222901519030852,ef3b3dd2a014,-92
1222901571018097,E9BDCC7D8FE6,-93
1222901590849557,ef3b3dd2e004,-87
1222901594283307,ef3b3dd2a018,-91
1222901716568371,ef3b3dd2e001,-83
1222901794729369,ef3b3dd2e004,-88
1222901923244486,ef3b3dd2e001,-81
1222901965893240,ef3b3dd2a019,-89
1222901977561835,E9BDCC7D8FE6,-95
1222902128245131,ef3b3dd2e001,-84
1222902135358986,ef3b3dd2a014,-97
1222902169569406,ef3b3dd2a019,-91
1222902182164043,E9BDCC7D8FE6,-97
1222902334994162,ef3b3dd2e001,-77
1222902370834843,ef3b3dd2a015,-97
1222902413104639,ef3b3dd2e004,-86
1222902415684118,ef3b3dd2a018,-95
1222902547638767,ef3b3dd2e001,-80
1222902584671895,ef3b3dd2a019,-94
1222902617730232,ef3b3dd2a018,-92
1222902622111014,ef3b3dd2e004,-89
1222903039575014,ef3b3dd2e004,-87
1222903172522944,ef3b3dd2e001,-84
1222903175511902,ef3b3dd2a012,-100
1222903374053953,ef3b3dd2e001,-80
1222903577583453,ef3b3dd2e001,-86
1222903786294098,ef3b3dd2e001,-83
1222903856557387,ef3b3dd2e004,-84
1222903989650994,ef3b3dd2e001,-79
1222904068174908,ef3b3dd2e004,-89
1222904198518879,ef3b3dd2e001,-81
1222904206625599,ef3b3dd2a012,-102
1222904270347636,ef3b3dd2e004,-83
1222904612996525,ef3b3dd2e001,-78
1222904697012835,ef3b3dd2e004,-86
1222904816054618,ef3b3dd2e001,-82
1222904911927596,ef3b3dd2e004,-88
1222905024094482,ef3b3dd2e001,-91
1222905053190318,ef3b3dd2a019,-84
1222905228252263,ef3b3dd2a014,-92
1222905233281066,ef3b3dd2e001,-84
1222905261732214,ef3b3dd2a019,-83
1222905267795392,ef3b3dd2a018,-92
1222905271956226,ef3b3dd2a015,-100
1222905273041278,E9BDCC7D8FE6,-92
1222905316385032,ef3b3dd2e004,-92
1222905446503066,ef3b3dd2e001,-79
1222905468367026,ef3b3dd2a018,-87
1222905474059996,ef3b3dd2a015,-100
1222905475165569,E9BDCC7D8FE6,-96
1222905517799375,ef3b3dd2e004,-91
1222905652505534,ef3b3dd2a014,-101
1222905660746889,ef3b3dd2e001,-85
1222905676230485,ef3b3dd2a019,-82
1222905677882464,E9BDCC7D8FE6,-95
1222906071008180,ef3b3dd2e001,-83
1222906075784795,ef3b3dd2a019,-94
1222906081784171,ef3b3dd2a018,-92
1222906087500161,E9BDCC7D8FE6,-102
1222906458902333,ef3b3dd2a012,-97
1222906501281348,ef3b3dd2e001,-82
1222906553247707,ef3b3dd2e004,-103
1222906692481680,ef3b3dd2a015,-104
1222906714053973,ef3b3dd2e001,-76
1222906816755546,E7B2D23D89EC,-102
1222906889293158,ef3b3dd2a019,-93
1222906917552535,ef3b3dd2e001,-89
1222906966020978,ef3b3dd2e004,-90
1222907024119994,E7B2D23D89EC,-103
1222907114328701,ef3b3dd2a018,-95
1222907118670055,ef3b3dd2e001,-76
1222907174672926,ef3b3dd2e004,-102
1222907302614657,ef3b3dd2a019,-98
1222907317840075,ef3b3dd2a018,-88
1222907321307419,ef3b3dd2e001,-91
1222907376551383,ef3b3dd2e004,-97
1222907510967282,ef3b3dd2a014,-102
1222907522320669,ef3b3dd2a018,-83
1222907528063482,ef3b3dd2e001,-78
1222907581505674,ef3b3dd2e004,-90
1222907689579435,ef3b3dd2a012,-98
1222907722501782,ef3b3dd2a018,-85
1222907732964283,ef3b3dd2e001,-87
1222907897306487,ef3b3dd2a012,-100
1222907925565813,ef3b3dd2a018,-84
1222907935544095,ef3b3dd2e001,-86
1222908123871822,ef3b3dd2a019,-88
1222908144368283,ef3b3dd2e001,-81
1222908331072624,ef3b3dd2a019,-84
1222908340846531,ef3b3dd2a018,-96
1222908352721949,ef3b3dd2e001,-90
1222908533745301,ef3b3dd2a019,-89
1222908536435145,E9BDCC7D8FE6,-96
1222908547622542,ef3b3dd2a015,-101
1222908553102907,ef3b3dd2a018,-94
1222908567117908,ef3b3dd2e001,-88
1222908737163029,ef3b3dd2a019,-88
1222908749863551,ef3b3dd2a018,-89
1222908753688187,ef3b3dd2a015,-102
1222908769899074,ef3b3dd2e001,-92
1222908946913050,ef3b3dd2a019,-90
1222908971920448,ef3b3dd2e001,-84
1222909046419102,ef3b3dd2e004,-102
1222909130223485,ef3b3dd2a012,-96
1222909155078331,ef3b3dd2a014,-108
1222909157709165,ef3b3dd2a015,-95
1222909174465364,ef3b3dd2e001,-85
1222909247543653,ef3b3dd2e004,-90
1222909336526891,ef3b3dd2a012,-101
1222909353126059,ef3b3dd2a019,-88
1222909445788777,ef3b3dd2e004,-92
1222909545873162,ef3b3dd2a018,-89
1222909552833892,ef3b3dd2a014,-97
1222909556415975,ef3b3dd2a019,-86
1222909559606028,E9BDCC7D8FE6,-83
1222909745022400,ef3b3dd2a012,-92
1222909755204224,ef3b3dd2a019,-83
1222909758378183,E9BDCC7D8FE6,-89
1222909791560374,ef3b3dd2e001,-82
1222909957104661,ef3b3dd2a019,-84
1222909962720755,ef3b3dd2a014,-104
1222909994548259,ef3b3dd2e001,-81
1222910059099984,ef3b3dd2a009,-98
1222910159001608,ef3b3dd2a012,-90
1222910162108536,ef3b3dd2a019,-83
1222910166546817,ef3b3dd2a018,-90
1222910170545828,ef3b3dd2a014,-90
1222910196878800,ef3b3dd2e001,-82
1222910277985318,ef3b3dd2e004,-94
1222910366894025,ef3b3dd2a012,-101
1222910373649546,ef3b3dd2a014,-100
1222910411976165,ef3b3dd2e001,-83
1222910560805971,ef3b3dd2a019,-90
1222910570424253,ef3b3dd2a012,-91
1222910578904202,ef3b3dd2a014,-93
1222910583975244,ef3b3dd2a018,-91
1222910588282849,ef3b3dd2a015,-90
1222910626607957,ef3b3dd2e001,-85
1222910691330151,ef3b3dd2e004,-92
1222910765345106,ef3b3dd2a019,-90
1222910768960315,ef3b3dd2a005,-104
1222910786468025,ef3b3dd2a018,-92
1222910790454223,ef3b3dd2a015,-101
1222910836461207,ef3b3dd2e001,-92
1222910862150897,ef3b3dd2e003,-101
1222910897249911,ef3b3dd2e004,-89
1222910908227204,ef3b3dd2a011,-106
1222911048495655,ef3b3dd2e001,-81
1222911112251755,ef3b3dd2e004,-84
1222911208367807,ef3b3dd2a015,-96
1222911209535671,E9BDCC7D8FE6,-96
1222911313324432,ef3b3dd2e004,-84
1222911375748605,ef3b3dd2a012,-92
1222911408117931,ef3b3dd2a014,-86
1222911412848035,ef3b3dd2a015,-97
1222911475738927,ef3b3dd2e001,-87
1222911608135034,ef3b3dd2a014,-90
1222911809823804,ef3b3dd2a014,-90
1222911823541201,E9BDCC7D8FE6,-100
1222911887634228,ef3b3dd2e001,-90
1222911980445488,E7B2D23D89EC,-96
1222912013481064,ef3b3dd2a014,-91
1222912094041749,ef3b3dd2a002,-102
1222912102467687,ef3b3dd2e001,-88
1222912137050191,ef3b3dd2e004,-90
1222912190090300,ef3b3dd2a012,-84
1222912219172543,ef3b3dd2a014,-93
1222912222597126,ef3b3dd2a015,-96
1222912300059738,ef3b3dd2e001,-85
1222912393059643,ef3b3dd2a012,-88
1222912418607511,ef3b3dd2a019,-100
1222912424348032,ef3b3dd2a014,-87
1222912428984387,ef3b3dd2a018,-97
1222912515273041,ef3b3dd2e001,-85
1222912553257159,ef3b3dd2e004,-87
1222912615595343,ef3b3dd2a019,-85
1222912624961385,ef3b3dd2a014,-85
1222912630087167,ef3b3dd2a015,-97
1222912645244825,E9BDCC7D8FE6,-99
1222912718379103,ef3b3dd2e001,-89
1222912724718218,ef3b3dd2a009,-97
1222912802045882,ef3b3dd2a012,-91
1222912815387967,ef3b3dd2a019,-78
1222912848153387,E9BDCC7D8FE6,-88
1222912920196050,ef3b3dd2e001,-86
1222912997832829,E7B2D23D89EC,-98
1222913009217882,ef3b3dd2a012,-87
1222913027910905,ef3b3dd2a019,-84
1222913030428040,ef3b3dd2a014,-88
1222913037007208,ef3b3dd2a015,-98
1222913038884343,ef3b3dd2a018,-90
1222913056049657,E9BDCC7D8FE6,-90
1222913134132321,ef3b3dd2e001,-94
1222913169103002,ef3b3dd2e004,-90
1222913240156342,ef3b3dd2a014,-94
1222913245892749,ef3b3dd2a018,-86
1222913263452647,E9BDCC7D8FE6,-87
1222913333454633,ef3b3dd2a008,-103
1222913348511041,ef3b3dd2a009,-101
1222913355070312,ef3b3dd2e001,-97
1222913436861466,ef3b3dd2a019,-81
1222913449461936,ef3b3dd2a018,-87
1222913466502250,E9BDCC7D8FE6,-87
1222913561360281,ef3b3dd2e001,-84
1222913619293255,ef3b3dd2a012,-94
1222913646077320,ef3b3dd2a019,-79
1222913655520082,ef3b3dd2a018,-90
1222913677140344,E9BDCC7D8FE6,-93
1222913773134000,ef3b3dd2e001,-82
1222913845430048,ef3b3dd2a014,-91
1222913854993383,ef3b3dd2a019,-82
1222913982345218,ef3b3dd2e001,-86
1222914211476700,ef3b3dd2e004,-88
1222914402735260,ef3b3dd2e001,-83
1222914426880940,ef3b3dd2e004,-87
1222914475297142,ef3b3dd2a018,-93
1222914480364487,ef3b3dd2a015,-95
1222914606743093,ef3b3dd2e001,-80
1222914632696481,ef3b3dd2e004,-88
1222915022458395,ef3b3dd2e001,-79
1222915053907617,ef3b3dd2a012,-90
1222915054910586,ef3b3dd2e004,-85
1222915077550848,ef3b3dd2a014,-93
1222915096293767,ef3b3dd2a018,-91
1222915235951072,ef3b3dd2e001,-89
1222915258378783,ef3b3dd2a012,-95
1222915263958367,ef3b3dd2e004,-88
1222915298812537,ef3b3dd2a018,-86
1222915308779048,ef3b3dd2a015,-101
1222915315878372,E9BDCC7D8FE6,-98
1222915478828232,ef3b3dd2a019,-89
1222915653710958,ef3b3dd2e001,-82
1222915681218565,ef3b3dd2a019,-89
1222915701814713,ef3b3dd2a018,-85
1222915722492944,E9BDCC7D8FE6,-93
1222915857349416,ef3b3dd2e001,-90
1222915927580204,E9BDCC7D8FE6,-92
1222916062330321,ef3b3dd2e001,-91
1222916274839145,ef3b3dd2e001,-86
1222916302951022,ef3b3dd2a014,-93
1222916309330398,ef3b3dd2e004,-83
1222916476956925,ef3b3dd2e001,-79
1222916509052970,ef3b3dd2a014,-88
1222916510053179,ef3b3dd2e004,-88
1222916543161151,E9BDCC7D8FE6,-95
1222916688282988,ef3b3dd2e001,-80
1222916702085177,ef3b3dd2a019,-86
1222916710150907,ef3b3dd2a014,-93
1222916721277991,ef3b3dd2a018,-88
1222916724275075,ef3b3dd2e004,-97
1222916752624036,E9BDCC7D8FE6,-97
1222916901339467,ef3b3dd2e001,-74
1222916909205770,ef3b3dd2a019,-94
1222916935622856,ef3b3dd2a018,-85
1222916936798898,ef3b3dd2e004,-85
1222917102399540,ef3b3dd2e001,-77
1222917107389748,ef3b3dd2a012,-93
1222917115791885,ef3b3dd2a014,-92
1222917130100376,ef3b3dd2a018,-85
1222917135836262,ef3b3dd2e004,-91
1222917304907685,ef3b3dd2e001,-80
1222917520781769,ef3b3dd2e001,-81
1222917524643592,ef3b3dd2a019,-92
1222917718963611,ef3b3dd2a012,-98
1222917728096060,ef3b3dd2a019,-87
1222917765692366,ef3b3dd2e004,-94
1222917770244137,ef3b3dd2a015,-101
1222917930127330,ef3b3dd2a014,-97
1222917947430093,ef3b3dd2e001,-84
1222917951496239,ef3b3dd2a018,-86
1222918137312039,ef3b3dd2a014,-98
1222918156170634,ef3b3dd2e001,-86
1222918160709749,ef3b3dd2a018,-94
1222918300082107,ef3b3dd2a013,-104
1222918341391226,ef3b3dd2a014,-100
1222918369710083,ef3b3dd2e001,-88
1222918381120188,ef3b3dd2e004,-84
1222918571946561,ef3b3dd2e001,-83
1222918585024687,ef3b3dd2e004,-85
1222918589072188,ef3b3dd2a015,-100
1222918673870217,ef3b3dd2a009,-104
1222918741947515,ef3b3dd2a012,-98
1222918781703196,ef3b3dd2e001,-86
1222918792547260,ef3b3dd2e004,-89
1222918993502697,ef3b3dd2e004,-87
1222919186667039,ef3b3dd2a018,-91
1222919192603029,ef3b3dd2e001,-90
1222919199476415,ef3b3dd2a015,-101
1222919205559072,ef3b3dd2e004,-92
1222919399713623,ef3b3dd2e001,-86
1222919566173431,ef3b3dd2a014,-102
1222919609641925,ef3b3dd2e001,-86
1222919616288488,ef3b3dd2e004,-92
1222919819803196,ef3b3dd2e001,-85
1222919822933613,ef3b3dd2e004,-88
1222920029427175,ef3b3dd2e001,-84
1222920036703790,ef3b3dd2e004,-96
1222920236506987,ef3b3dd2e001,-88
1222920246366259,ef3b3dd2e004,-100
1222920404970285,ef3b3dd2a018,-89
1222920444411591,ef3b3dd2e004,-92
1222920449883467,ef3b3dd2e001,-80
1222920652531820,ef3b3dd2e004,-99
1222920655385831,ef3b3dd2e001,-82
1222920808068346,ef3b3dd2a018,-96
1222920852615017,ef3b3dd2e004,-94
1222920863420227,ef3b3dd2e001,-78
1222921040632744,ef3b3dd2a019,-85
1222921042865088,E9BDCC7D8FE6,-94
1222921073682800,ef3b3dd2e001,-89
1222921247071046,ef3b3dd2a019,-80
1222921280883289,ef3b3dd2e001,-83
1222921481301955,ef3b3dd2e004,-103
1222921484115914,ef3b3dd2e001,-87
1222921650852545,ef3b3dd2a019,-90
1222921681736558,ef3b3dd2e004,-98
1222921685245465,ef3b3dd2e001,-79
1222921828430792,ef3b3dd2a018,-91
1222921888507725,ef3b3dd2e004,-90
1222921893614184,ef3b3dd2e001,-76
1222922031768729,ef3b3dd2a018,-92
1222922040574198,ef3b3dd2a012,-102
1222922068993576,ef3b3dd2a019,-88
1222922107512330,ef3b3dd2e001,-90
1222922311274433,ef3b3dd2e001,-84
1222922641759623,ef3b3dd2a018,-92
1222922646409779,ef3b3dd2a012,-100
1222922710719161,ef3b3dd2e004,-89
1222922723009683,ef3b3dd2e001,-86
1222922853049696,ef3b3dd2a018,-94
1222922932053766,ef3b3dd2e001,-76
1222923133932588,ef3b3dd2e001,-79
1222923266411560,ef3b3dd2a018,-92
1222923275687602,E7B2D23D89EC,-101
1222923285440833,ef3b3dd2a019,-91
1222923291277969,ef3b3dd2a014,-94
1222923339346671,ef3b3dd2e001,-81
1222923340628651,ef3b3dd2e004,-96
1222923484879290,ef3b3dd2a015,-103
1222923546205129,ef3b3dd2e001,-77
1222923553796693,ef3b3dd2e004,-95
1222923710008062,ef3b3dd2a014,-98
1222923753714473,ef3b3dd2e001,-78
1222923756422130,ef3b3dd2e004,-89
1222923797082498,ef3b3dd2a009,-104
1222923964536265,ef3b3dd2e001,-79
1222924077522787,ef3b3dd2a012,-102
1222924087431850,ef3b3dd2a018,-89
1222924163357118,ef3b3dd2e001,-86
1222924278097129,ef3b3dd2a012,-101
1222924319915311,ef3b3dd2a014,-96
1222924366778388,ef3b3dd2e001,-79
1222924371260472,ef3b3dd2e004,-95
1222924577288982,ef3b3dd2e001,-90
1222924583571899,ef3b3dd2e004,-89
1222924716485559,E9BDCC7D8FE6,-90
1222924734001967,ef3b3dd2a014,-100
1222924784654992,ef3b3dd2e001,-79
1222924891102190,ef3b3dd2a012,-103
1222924922778444,E7B2D23D89EC,-105
1222924942800685,ef3b3dd2a014,-95
1222924998925587,ef3b3dd2e004,-94
1222925000532201,ef3b3dd2e001,-85
1222925105902108,ef3b3dd2a012,-96
1222925119925807,ef3b3dd2a019,-93
1222925133557735,ef3b3dd2a018,-92
1222925199518784,ef3b3dd2e004,-96
1222925214749462,ef3b3dd2e001,-72
1222925228154516,ef3b3dd2a009,-102
1222925326907286,ef3b3dd2a019,-90
1222925329599318,E7B2D23D89EC,-98
1222925333442495,E9BDCC7D8FE6,-100
1222925428232504,ef3b3dd2e001,-75
1222925478513812,ef3b3dd2a011,-102
1222925550839340,ef3b3dd2a014,-96
1222925615377523,ef3b3dd2e004,-94
1222925635324140,ef3b3dd2e001,-77
1222925740937692,ef3b3dd2a019,-92
1222925743056755,ef3b3dd2a018,-97
1222925752217641,ef3b3dd2a014,-97
1222925845129161,ef3b3dd2e001,-80
1222925944986566,ef3b3dd2a019,-93
1222925946126046,E9BDCC7D8FE6,-96
1222925948038962,ef3b3dd2a018,-85
1222925963622922,ef3b3dd2a015,-92
1222926052589337,ef3b3dd2e001,-76
1222926144097628,ef3b3dd2a019,-90
1222926262120452,ef3b3dd2e001,-78
1222926357652076,E7B2D23D89EC,-102
1222926465600681,ef3b3dd2e001,-93
1222926551287512,ef3b3dd2a012,-97
1222926553920012,ef3b3dd2a019,-92
1222926558634700,ef3b3dd2a018,-91
1222926572749493,ef3b3dd2a014,-88
1222926650500543,ef3b3dd2e004,-90
1222926669209972,ef3b3dd2e001,-86
1222926684076848,ef3b3dd2e003,-101
1222926755758522,ef3b3dd2a019,-93
1222926764790658,ef3b3dd2a018,-96
1222926854411188,ef3b3dd2e004,-100
1222926872176242,ef3b3dd2e001,-90
1222926968279637,ef3b3dd2a012,-97
1222926972241825,ef3b3dd2a019,-91
1222926992541879,ef3b3dd2a015,-97
1222927085523920,ef3b3dd2e001,-76
1222927294870347,ef3b3dd2e001,-91
1222927378424574,ef3b3dd2a018,-89
1222927407794212,ef3b3dd2a015,-97
1222927507655472,ef3b3dd2e001,-80
1222927582364698,ef3b3dd2a018,-81
1222927587651990,E9BDCC7D8FE6,-95
1222927606414909,ef3b3dd2a014,-93
1222927709196846,ef3b3dd2e001,-82
1222927777323884,ef3b3dd2a019,-85
1222927787901021,ef3b3dd2a012,-100
1222927790292531,ef3b3dd2a018,-83
1222927883013061,ef3b3dd2e004,-93
1222927915876815,ef3b3dd2e001,-82
1222927993433072,ef3b3dd2a018,-86
1222928194870436,ef3b3dd2a019,-87
1222928198894447,ef3b3dd2a012,-93
1222928201635437,ef3b3dd2a018,-85
1222928214751428,ef3b3dd2a014,-89
1222928222301533,E7B2D23D89EC,-98
1222928301247947,ef3b3dd2e004,-85
1222928331196700,ef3b3dd2e001,-78
1222928403446134,ef3b3dd2a019,-86
1222928408214051,ef3b3dd2a012,-98
1222928409950926,ef3b3dd2a018,-97
1222928505271769,ef3b3dd2e004,-94
1222928519446198,ef3b3dd2a011,-102
1222928523129531,ef3b3dd2a009,-104
1222928533791980,ef3b3dd2e001,-89
1222928609628498,ef3b3dd2a012,-92
1222928702496633,ef3b3dd2e004,-89
1222928810863206,ef3b3dd2a012,-89
1222928816551123,ef3b3dd2a014,-87
1222928818160759,E9BDCC7D8FE6,-97
1222928950597126,ef3b3dd2e001,-82
1222929031257082,ef3b3dd2a018,-87
1222929035221562,E7B2D23D89EC,-102
1222929122801258,ef3b3dd2e004,-85
1222929161911678,ef3b3dd2e001,-82
1222929217393455,ef3b3dd2a012,-100
1222929220923976,ef3b3dd2a019,-87
1222929239189707,ef3b3dd2a018,-92
1222929327844976,ef3b3dd2e004,-89
1222929369041074,ef3b3dd2e001,-77
1222929541867185,ef3b3dd2e004,-85
1222929570115730,ef3b3dd2e001,-82
1222929640459851,ef3b3dd2a019,-88
1222929647277716,ef3b3dd2a018,-92
1222929754028092,ef3b3dd2e004,-84
1222929855787216,ef3b3dd2a018,-89
1222929860173102,E7B2D23D89EC,-104
1222929986489521,ef3b3dd2e001,-86
1222930059280778,ef3b3dd2a018,-89
1222930075020519,ef3b3dd2a015,-102
1222930201590584,ef3b3dd2e001,-90
1222930261867101,ef3b3dd2a019,-98
1222930263139705,ef3b3dd2a018,-91
1222930453134932,E9BDCC7D8FE6,-101
1222930457865297,ef3b3dd2a014,-99
1222930464890142,ef3b3dd2a019,-99
1222930472321236,ef3b3dd2a018,-99
1222930481021497,ef3b3dd2a015,-100
1222930586680414,ef3b3dd2e004,-89
1222930603327916,ef3b3dd2e001,-84
1222930660783963,ef3b3dd2a012,-97
1222930668865631,ef3b3dd2a014,-96
1222930675155371,ef3b3dd2a018,-87
1222930811550541,ef3b3dd2e001,-89
1222930877042318,ef3b3dd2a018,-88
1222931017581759,ef3b3dd2e001,-80
1222931085878068,ef3b3dd2a019,-90
1222931224799696,ef3b3dd2e001,-84
1222931278416264,ef3b3dd2a012,-98
1222931440962166,ef3b3dd2e001,-86
1222931629567653,ef3b3dd2e004,-86
1222931650790676,ef3b3dd2e001,-84
1222931697184223,ef3b3dd2a018,-89
1222931856478041,ef3b3dd2e001,-85
1222931884511533,ef3b3dd2a012,-93
1222931900050493,ef3b3dd2a018,-91
1222932053377123,ef3b3dd2e004,-87
1222932060733686,ef3b3dd2e001,-77
1222932116829317,ef3b3dd2a019,-91
1222932257417039,ef3b3dd2e004,-90
1222932272239853,ef3b3dd2e001,-80
1222932309517305,ef3b3dd2a018,-90
1222932482367790,ef3b3dd2e001,-80
1222932687805988,ef3b3dd2e001,-81
1222932710044324,ef3b3dd2a012,-95
1222932718587502,ef3b3dd2a018,-89
1222932888204081,ef3b3dd2e004,-86
1222932896753613,ef3b3dd2e001,-79
1222932924899762,ef3b3dd2a018,-88
1222933532560968,ef3b3dd2e001,-89
1222933544973834,ef3b3dd2a018,-102
1222933551110814,E7B2D23D89EC,-104
1222933756381094,E7B2D23D89EC,-101
1222933940096113,ef3b3dd2e004,-89
1222933947438197,ef3b3dd2e001,-84
1222933950819291,ef3b3dd2a019,-91
1222933954002416,ef3b3dd2a018,-96
1222933959738406,E7B2D23D89EC,-98
1222933971436272,ef3b3dd2a015,-99
1222933977872627,ef3b3dd2a014,-103
1222934141793893,E9BDCC7D8FE6,-103
1222934149795196,ef3b3dd2e001,-86
1222934153322280,ef3b3dd2e004,-87
1222934154436603,ef3b3dd2e003,-102
1222934159903010,E7B2D23D89EC,-99
1222934174637230,ef3b3dd2a015,-96
1222934182730824,ef3b3dd2a014,-94
1222934361313759,ef3b3dd2e001,-85
1222934365864332,ef3b3dd2a019,-102
1222934596769668,ef3b3dd2a014,-100
1222934772127966,ef3b3dd2e004,-86
1222934786789791,ef3b3dd2a015,-104
1222934797731979,ef3b3dd2a014,-95
1222934835901931,ef3b3dd2a009,-103
1222934966466528,ef3b3dd2a012,-89
1222934976325226,ef3b3dd2a019,-88
1222934978640800,ef3b3dd2a018,-94
1222934980444133,ef3b3dd2e001,-85
1222934983791113,ef3b3dd2e004,-91
1222934988882988,ef3b3dd2a015,-95
1222935009012938,ef3b3dd2a014,-93
1222935181058424,ef3b3dd2a019,-93
1222935182902382,E7B2D23D89EC,-102
1222935190222800,ef3b3dd2e004,-85
1222935197291551,ef3b3dd2a015,-94
1222935385007507,ef3b3dd2a019,-87
1222935388985424,ef3b3dd2a018,-94
1222935389949903,ef3b3dd2e001,-77
1222935399124331,ef3b3dd2a015,-95
1222935405510113,ef3b3dd2e004,-85
1222935419919750,ef3b3dd2a014,-92
1222935591354663,ef3b3dd2a019,-89
1222935592339923,E7B2D23D89EC,-97
1222935605075133,ef3b3dd2e001,-81
1222935619830655,ef3b3dd2a014,-94
1222935620737530,ef3b3dd2e004,-92
1222935658618107,ef3b3dd2a009,-99
1222935809864268,ef3b3dd2e001,-80
1222935828424738,ef3b3dd2e004,-81
1222936010748142,ef3b3dd2e001,-80
1222936037548978,ef3b3dd2e004,-82
1222936212005037,E7B2D23D89EC,-100
1222936218834048,ef3b3dd2e001,-87
1222936237795352,ef3b3dd2a014,-99
1222936250632697,ef3b3dd2e004,-84
1222936431863653,ef3b3dd2e001,-85
1222936454794905,ef3b3dd2e004,-86
1222936614715390,ef3b3dd2a012,-98
1222936635904194,ef3b3dd2e001,-80
1222936641053674,ef3b3dd2a014,-94
1222936659691175,ef3b3dd2e004,-85
1222936815928326,ef3b3dd2a019,-92
1222936816975826,E7B2D23D89EC,-102
1222936820779368,ef3b3dd2a012,-91
1222936844035673,ef3b3dd2e001,-90
1222936873215676,ef3b3dd2e004,-83
1222937046907620,ef3b3dd2e001,-82
1222937054411215,ef3b3dd2a014,-103
1222937076724134,ef3b3dd2e004,-88
1222937230523993,ef3b3dd2a019,-93
1222937239671598,ef3b3dd2a015,-97
1222937256740558,ef3b3dd2e001,-86
1222937294708166,ef3b3dd2a009,-102
1222937434872451,ef3b3dd2a012,-88
1222937436035784,E7B2D23D89EC,-105
1222937440353024,ef3b3dd2a002,-102
1222937465577297,ef3b3dd2a014,-90
1222937467372193,ef3b3dd2e001,-93
1222937627519241,E9BDCC7D8FE6,-103
1222937638360700,ef3b3dd2a019,-91
1222937644703982,ef3b3dd2a012,-89
1222937648948670,ef3b3dd2a015,-100
1222937668364818,ef3b3dd2a014,-87
1222937670376120,ef3b3dd2e001,-89
1222937716060604,ef3b3dd2a011,-103
1222937723917636,ef3b3dd2a008,-107
1222937746183940,ef3b3dd2a016,-101
1222937881124735,ef3b3dd2e001,-88
1222937918708957,ef3b3dd2e004,-88
1222938037828448,E9BDCC7D8FE6,-99
1222938043456990,ef3b3dd2a019,-99
1222938045486782,ef3b3dd2a018,-96
1222938073137618,ef3b3dd2a014,-92
1222938084292515,ef3b3dd2e001,-89
1222938254448834,ef3b3dd2a012,-93
1222938296008786,ef3b3dd2e001,-87
1222938329222800,ef3b3dd2e004,-85
1222938444165884,E9BDCC7D8FE6,-96
1222938455171875,ef3b3dd2a019,-78
1222938508329016,ef3b3dd2e001,-86
1222938510419901,ef3b3dd2e003,-100
1222938525309226,ef3b3dd2a009,-102
1222938530414695,ef3b3dd2e004,-90
1222938658711739,ef3b3dd2a012,-87
1222938681844085,ef3b3dd2a015,-91
1222938685930700,ef3b3dd2a014,-92
1222938735087840,ef3b3dd2e004,-93
1222938862540822,ef3b3dd2a019,-80
1222938865922072,ef3b3dd2a012,-100
1222938918015567,ef3b3dd2e001,-89
1222938941021142,ef3b3dd2e004,-85
1222939068765322,ef3b3dd2a018,-92
1222939072504593,ef3b3dd2a012,-97
1222939078325583,ef3b3dd2a015,-94
1222939093956730,ef3b3dd2a014,-98
1222939121085066,ef3b3dd2e001,-82
1222939275315498,ef3b3dd2a019,-80
1222939330345764,ef3b3dd2e001,-86
1222939358654986,ef3b3dd2e004,-90
1222939474503435,ef3b3dd2a018,-88
1222939475828227,E9BDCC7D8FE6,-92
1222939536284587,ef3b3dd2e001,-81
1222939574941518,ef3b3dd2e004,-92
1222939694019290,ef3b3dd2a015,-105
1222939755557109,ef3b3dd2e001,-86
1222939910876030,ef3b3dd2a014,-97
1222939959969473,ef3b3dd2e001,-83
1222939984002027,ef3b3dd2e004,-89
1222940172885848,ef3b3dd2e001,-83
1222940199103351,ef3b3dd2e004,-92
1222940298438413,ef3b3dd2a019,-88
1222940384305505,ef3b3dd2e001,-82
1222940503168329,ef3b3dd2a019,-85
1222940513344684,ef3b3dd2a018,-92
1222940590014379,ef3b3dd2e001,-76
1222940603887870,ef3b3dd2e004,-88
1222940717214809,ef3b3dd2a019,-86
1222940719001111,ef3b3dd2a018,-103
1222940800456223,ef3b3dd2e001,-76
1222940899930139,ef3b3dd2a012,-99
1222941009605723,ef3b3dd2e001,-77
1222941015472391,ef3b3dd2e004,-88
1222941220149807,ef3b3dd2e001,-74
1222941228626578,ef3b3dd2e004,-91
1222941432267484,ef3b3dd2e001,-81
1222941646330735,ef3b3dd2e001,-80
1222941648703756,ef3b3dd2e004,-93
1222941853849766,ef3b3dd2e001,-84
1222941856330078,ef3b3dd2e004,-94
1222941944679671,ef3b3dd2a018,-93
1222942063883745,ef3b3dd2e001,-82
1222942072612913,ef3b3dd2e004,-87
1222942267255640,ef3b3dd2e001,-81
1222942283661423,ef3b3dd2e004,-96
1222942348355492,ef3b3dd2a018,-108
1222942351923513,ef3b3dd2a015,-104
1222942378514193,ef3b3dd2a014,-104
1222942469663056,ef3b3dd2e001,-86
1222942549741710,ef3b3dd2a018,-91
1222942554493898,ef3b3dd2a015,-101
1222942561919993,ef3b3dd2a019,-101
1222942670034795,ef3b3dd2e001,-83
1222942708532924,ef3b3dd2e004,-98
1222942756838397,ef3b3dd2a018,-93
1222942824254394,ef3b3dd2a009,-105
1222942871431325,ef3b3dd2e001,-79
1222942962239043,ef3b3dd2a018,-91
1222943081588326,ef3b3dd2e001,-83
1222943115833016,ef3b3dd2e004,-93
1222943169910834,ef3b3dd2a015,-105
1222943172144064,ef3b3dd2a018,-95
1222943181111096,ef3b3dd2a019,-96
1222943288379857,ef3b3dd2e001,-90
1222943319401526,ef3b3dd2e004,-98
1222943391273200,ef3b3dd2a019,-92
1222943395152107,ef3b3dd2a014,-103
1222943490329043,ef3b3dd2e001,-80
1222943693522709,ef3b3dd2e001,-85
1222943770087873,ef3b3dd2a012,-102
1222943777734489,ef3b3dd2a018,-84
1222943793490376,ef3b3dd2a019,-91
1222943796802147,E9BDCC7D8FE6,-96
1222943906769554,ef3b3dd2e001,-82
1222943976409925,ef3b3dd2a012,-99
1222943982432842,ef3b3dd2a018,-86
1222944110464157,ef3b3dd2e001,-85
1222944144064942,ef3b3dd2e004,-90
1222944213198959,ef3b3dd2a014,-100
1222944518505656,ef3b3dd2e001,-86
1222944614112124,ef3b3dd2a019,-93
1222944719975364,ef3b3dd2e001,-80
1222944773097921,ef3b3dd2e004,-90
1222944805994591,ef3b3dd2a018,-90
1222944981277994,ef3b3dd2e004,-96
1222945009325965,ef3b3dd2a018,-98
1222945029881697,ef3b3dd2a019,-89
1222945135510301,ef3b3dd2e001,-84
1222945217141247,ef3b3dd2a018,-95
1222945339766884,ef3b3dd2e001,-80
1222945399702931,ef3b3dd2e004,-93
1222945605521389,ef3b3dd2e004,-90
1222945748264633,ef3b3dd2e001,-84
1222945817576931,ef3b3dd2e004,-92
1222945839643965,E9BDCC7D8FE6,-100
1222945844665372,ef3b3dd2a019,-96
1222945962536581,ef3b3dd2e001,-86
1222946060667060,ef3b3dd2a014,-95
1222946170944935,ef3b3dd2e001,-85
1222946233701452,ef3b3dd2e004,-87
1222946267882810,ef3b3dd2a014,-101
1222946371649278,ef3b3dd2e001,-94
1222946437964493,ef3b3dd2a018,-88
1222946439021108,ef3b3dd2e004,-90
1222946451114286,ef3b3dd2a019,-101
1222946454944599,E9BDCC7D8FE6,-93
1222946474298143,ef3b3dd2a014,-97
1222946576488622,ef3b3dd2e001,-87
1222946642084514,ef3b3dd2a018,-95
1222946646432118,ef3b3dd2e004,-90
1222946654092744,ef3b3dd2a019,-89
1222946660727276,E9BDCC7D8FE6,-90
1222946847677242,ef3b3dd2a018,-95
1222946862847608,E9BDCC7D8FE6,-86
1222946995858559,ef3b3dd2e001,-81
1222947037108355,ef3b3dd2a012,-100
1222947050685388,ef3b3dd2a015,-97
1222947057986847,ef3b3dd2a018,-89
1222947059464034,ef3b3dd2e004,-91
1222947063189764,ef3b3dd2a019,-88
1222947066988827,E9BDCC7D8FE6,-84
1222947207265247,ef3b3dd2e001,-80
1222947236279104,ef3b3dd2a012,-94
1222947263924107,ef3b3dd2a015,-91
1222947266386503,ef3b3dd2a019,-90
1222947271633222,E9BDCC7D8FE6,-84
1222947415361778,ef3b3dd2e001,-84
1222947466803189,ef3b3dd2e004,-97
1222947475218711,ef3b3dd2a018,-93
1222947480869233,E9BDCC7D8FE6,-82
1222947619171017,ef3b3dd2e001,-76
1222947669565293,ef3b3dd2a019,-87
1222947672089824,ef3b3dd2e004,-86
1222947680814148,ef3b3dd2a018,-91
1222947688564722,E9BDCC7D8FE6,-84
1222947878799012,ef3b3dd2a019,-83
1222947887649325,ef3b3dd2a018,-84
1222947892249846,E9BDCC7D8FE6,-87
1222948030565329,ef3b3dd2e001,-80
1222948083780803,ef3b3dd2a019,-89
1222948095006637,ef3b3dd2a018,-88
1222948246682746,ef3b3dd2e001,-80
1222948256185612,ef3b3dd2a012,-95
1222948287205094,ef3b3dd2a019,-89
1222948299166033,ef3b3dd2a018,-85
1222948456541882,ef3b3dd2e001,-89
1222948498280167,ef3b3dd2e004,-90
1222948536129077,ef3b3dd2a014,-92
1222948662046121,ef3b3dd2e001,-85
1222948697961177,ef3b3dd2a019,-88
1222948699430187,ef3b3dd2e004,-89
1222948711350918,ef3b3dd2a018,-94
1222948712510397,E9BDCC7D8FE6,-103
1222948744363577,ef3b3dd2a014,-92
1222948882230987,ef3b3dd2a012,-95
1222948883726612,ef3b3dd2e001,-89
1222948889722029,ef3b3dd2a015,-97
1222948899670051,ef3b3dd2a019,-86
1222948914576407,ef3b3dd2a018,-89
1222948915646511,ef3b3dd2e004,-93
1222949077850642,ef3b3dd2e001,-90
1222949090537362,ef3b3dd2a012,-93
1222949104223144,ef3b3dd2a019,-82
1222949118627000,ef3b3dd2e004,-85
1222949124443459,E9BDCC7D8FE6,-95
1222949288810246,ef3b3dd2e001,-88
1222949316123842,ef3b3dd2a019,-92
1222949357944211,ef3b3dd2a014,-90
1222949538488344,ef3b3dd2e004,-89
1222949707699038,ef3b3dd2e001,-83
1222949721664299,ef3b3dd2a019,-90
1222949744843000,E9BDCC7D8FE6,-96
1222949916221715,ef3b3dd2e001,-87
1222949928855414,ef3b3dd2a019,-88
1222949952798177,ef3b3dd2e004,-89
1222949954298073,E9BDCC7D8FE6,-102
1222949959488438,ef3b3dd2a018,-101
1222950121424391,ef3b3dd2e001,-81
1222950139868664,ef3b3dd2a019,-95
1222950174051480,ef3b3dd2a014,-92
1222950322487693,ef3b3dd2e001,-78
1222950346354049,ef3b3dd2a019,-90
1222950400897753,E7B2D23D89EC,-100
1222950523373859,ef3b3dd2e001,-88
1222950581866677,ef3b3dd2a018,-86
1222950729259035,ef3b3dd2e001,-87
1222950925842336,ef3b3dd2a015,-97
1222950967931038,ef3b3dd2a009,-96
1222950994105520,ef3b3dd2a014,-90
1222951153462359,ef3b3dd2e001,-84
1222951181750174,ef3b3dd2a019,-84
1222951186995331,ef3b3dd2e004,-92
1222951188310019,ef3b3dd2a018,-84
1222951189130175,E9BDCC7D8FE6,-103
1222951385031444,ef3b3dd2a019,-82
1222951389382070,ef3b3dd2a018,-95
1222951395481654,E9BDCC7D8FE6,-88
1222951401421758,ef3b3dd2e004,-87
1222951406883738,ef3b3dd2a014,-92
1222951419756500,E7B2D23D89EC,-96
1222951533066251,ef3b3dd2a015,-93
1222951548810888,ef3b3dd2a012,-97
1222951570965213,ef3b3dd2e001,-84
1222951596320684,ef3b3dd2a019,-88
1222951597357559,E9BDCC7D8FE6,-91
1222951601818914,ef3b3dd2e004,-92
1222951612240686,ef3b3dd2a014,-92
1222951627889229,E7B2D23D89EC,-97
1222951748268251,ef3b3dd2a012,-90
1222951783094088,ef3b3dd2e001,-85
1222951809693935,ef3b3dd2a019,-84
1222951811008935,ef3b3dd2e004,-87
1222951823339248,ef3b3dd2a014,-98
1222951830505395,ef3b3dd2a011,-99
1222951833925031,E7B2D23D89EC,-96
1222951991201609,ef3b3dd2e001,-84
1222951996304214,ef3b3dd2e003,-99
1222951999009214,E9BDCC7D8FE6,-94
1222952011884944,ef3b3dd2a019,-84
1222952020586508,ef3b3dd2e004,-90
1222952151592094,ef3b3dd2a015,-98
1222952208570433,ef3b3dd2e001,-79
1222952231065539,ef3b3dd2e004,-90
1222952357713208,ef3b3dd2a015,-94
1222952360964302,ef3b3dd2a012,-85
1222952415248943,ef3b3dd2e003,-92
1222952443784467,ef3b3dd2e004,-86
1222952630781516,ef3b3dd2a019,-92
1222952763133665,ef3b3dd2a012,-91
1222952822782317,ef3b3dd2e001,-80
1222952857462841,ef3b3dd2e004,-86
1222953031601400,ef3b3dd2e001,-92
1222953244248505,ef3b3dd2e001,-83
1222953250177672,ef3b3dd2a019,-92
1222953257697516,ef3b3dd2a014,-94
1222953458827068,ef3b3dd2a014,-100
1222953459769307,ef3b3dd2e001,-82
1222953669382505,ef3b3dd2e001,-85
1222953791807986,ef3b3dd2a015,-95
1222953877378307,ef3b3dd2e001,-78
1222953915656905,ef3b3dd2e004,-89
1222954082355411,ef3b3dd2e001,-81
1222954121657134,ef3b3dd2e004,-85
1222954244015583,E9BDCC7D8FE6,-95
1222954261717773,ef3b3dd2a018,-98
1222954270391055,ef3b3dd2a019,-90
1222954284808817,ef3b3dd2e001,-81
1222954321242518,ef3b3dd2e004,-84
1222954484946701,ef3b3dd2e001,-76
1222954536014675,ef3b3dd2e004,-88
1222954744954644,ef3b3dd2e004,-88
1222954906760389,ef3b3dd2e001,-81
1222954949267268,ef3b3dd2e004,-85
1222955116811920,ef3b3dd2e001,-84
1222955279190947,ef3b3dd2a018,-97
1222955330390692,ef3b3dd2e001,-82
1222955356508350,ef3b3dd2e004,-90
1222955495705083,ef3b3dd2a019,-98
1222955546314463,ef3b3dd2e001,-85
1222955556487850,ef3b3dd2e004,-85
1222955620239366,ef3b3dd2a012,-98
1222955682382862,E9BDCC7D8FE6,-103
1222955704628385,ef3b3dd2a019,-92
1222955717751511,ef3b3dd2a014,-96
1222955749461723,ef3b3dd2e001,-87
1222955969867995,ef3b3dd2e004,-88
1222956103689050,ef3b3dd2a018,-89
1222956108799884,ef3b3dd2a019,-97
1222956168547702,ef3b3dd2e001,-84
1222956178799839,ef3b3dd2e004,-85
1222956384454651,ef3b3dd2e001,-78
1222956510112632,ef3b3dd2a018,-95
1222956518619925,ef3b3dd2a019,-96
1222956524513831,ef3b3dd2a014,-101
1222956594525140,ef3b3dd2e001,-77
1222956600381964,ef3b3dd2e004,-87
1222956712044527,ef3b3dd2a018,-97
1222956795811410,ef3b3dd2e001,-82
1222957011916849,ef3b3dd2e001,-81
1222957126007120,ef3b3dd2a009,-102
1222957215795098,ef3b3dd2e001,-83
1222957233874527,ef3b3dd2e004,-104
1222957239871611,ef3b3dd2a012,-100
1222957329784745,ef3b3dd2a016,-107
1222957340394433,ef3b3dd2a019,-88
1222957420182931,ef3b3dd2e001,-82
1222957451942153,ef3b3dd2e004,-90
1222957510693200,E9BDCC7D8FE6,-95
1222957540949349,ef3b3dd2a019,-83
1222957630338108,ef3b3dd2e001,-84
1222957742295984,ef3b3dd2a019,-87
1222957947501473,ef3b3dd2a019,-88
1222958045071847,ef3b3dd2e001,-87
1222958359251775,ef3b3dd2a015,-104
1222958468384858,ef3b3dd2e001,-84
1222958525638197,E9BDCC7D8FE6,-104
1222958568773879,ef3b3dd2a019,-92
1222958681395296,ef3b3dd2e001,-82
1222958708159778,ef3b3dd2e004,-92
1222958886154431,ef3b3dd2e001,-87
1222958971749336,ef3b3dd2a015,-102
1222958981537670,ef3b3dd2a018,-89
1222959096884608,ef3b3dd2e001,-78
1222959127857893,ef3b3dd2e004,-91
1222959301410514,ef3b3dd2e001,-76
1222959388944846,ef3b3dd2a015,-102
1222959392016825,ef3b3dd2a019,-91
1222959396588024,ef3b3dd2a018,-91
1222959466260010,ef3b3dd2a012,-95
1222959546611007,ef3b3dd2e004,-91
1222959589152366,ef3b3dd2a019,-89
1222959592511377,ef3b3dd2a018,-97
1222959718471493,ef3b3dd2e001,-83
1222959757405195,E9BDCC7D8FE6,-97
1222959797435928,ef3b3dd2a019,-86
1222959798702387,ef3b3dd2a018,-98
1222959918759482,ef3b3dd2e001,-80
1222959956820059,ef3b3dd2e004,-90
1222959964885737,E9BDCC7D8FE6,-97
1222959972964539,ef3b3dd2a009,-110
1222960132615805,ef3b3dd2e001,-77
1222960169018882,ef3b3dd2e004,-92
1222960337708117,ef3b3dd2e001,-80
1222960386817133,ef3b3dd2a009,-100
1222960415565938,ef3b3dd2a018,-89
1222960423244845,ef3b3dd2a015,-99
1222960452333285,E7B2D23D89EC,-97
1222960543499440,ef3b3dd2e001,-82
1222960655596587,E7B2D23D89EC,-100
1222960753013628,ef3b3dd2e001,-82
1222960776563942,E9BDCC7D8FE6,-99
1222960791190038,ef3b3dd2a009,-102
1222960796876288,ef3b3dd2e004,-95
1222960820392749,ef3b3dd2a014,-90
1222960970211826,ef3b3dd2e001,-80
1222960976853233,E9BDCC7D8FE6,-99
1222961007243236,ef3b3dd2e004,-96
1222961014577299,ef3b3dd2a019,-89
1222961031793239,ef3b3dd2a018,-87
1222961180800701,ef3b3dd2e001,-81
1222961215652788,ef3b3dd2a019,-87
1222961235561019,ef3b3dd2a018,-90
1222961240336228,ef3b3dd2a015,-98
1222961394851608,ef3b3dd2e001,-80
1222961417333381,ef3b3dd2a019,-97
1222961451724218,ef3b3dd2a015,-99
1222961468085522,E7B2D23D89EC,-96
1222961589986107,E9BDCC7D8FE6,-100
1222961623622308,ef3b3dd2a019,-96
1222961637364184,ef3b3dd2e004,-93
1222961643962466,ef3b3dd2a018,-100
1222961822245349,ef3b3dd2e001,-77
1222961845363893,ef3b3dd2e004,-90
1222961856890300,ef3b3dd2a014,-90
1222961862366134,ef3b3dd2a015,-96
1222961998103856,E9BDCC7D8FE6,-102
1222962025067504,ef3b3dd2a019,-92
1222962032556047,ef3b3dd2e001,-88
1222962050675580,ef3b3dd2a018,-85
1222962054052351,ef3b3dd2a014,-94
1222962128654077,ef3b3dd2a012,-99
1222962247707422,ef3b3dd2e001,-76
1222962256266954,ef3b3dd2a014,-87
1222962258377892,ef3b3dd2a018,-92
1222962461326089,ef3b3dd2e001,-78
1222962471583226,ef3b3dd2a015,-98
1222962610605271,E9BDCC7D8FE6,-100
1222962664575589,ef3b3dd2a018,-92
1222962675361163,ef3b3dd2a014,-93
1222962676568403,ef3b3dd2e001,-76
1222962680422726,ef3b3dd2a015,-100
1222962682491424,ef3b3dd2e004,-86
1222962867214515,ef3b3dd2a018,-92
1222962884052017,ef3b3dd2e001,-95
1222962889446497,ef3b3dd2a015,-96
1222962890480872,ef3b3dd2e004,-90
1222963068089952,ef3b3dd2a018,-91
1222963298928048,ef3b3dd2e001,-100
1222963300034975,ef3b3dd2e004,-91
1222963475561972,ef3b3dd2a018,-78
1222963506716037,ef3b3dd2e001,-85
1222963512840153,ef3b3dd2e004,-88
1222963648598551,E9BDCC7D8FE6,-84
1222963661457355,ef3b3dd2a019,-85
1222963682160638,ef3b3dd2a018,-83
1222963687551524,ef3b3dd2a014,-91
1222963717432360,ef3b3dd2e001,-83
1222963724992726,ef3b3dd2e004,-86
1222963891918055,ef3b3dd2a014,-92
1222963912903786,ef3b3dd2a011,-103
1222963919718162,ef3b3dd2a015,-104
1222963922099308,ef3b3dd2e001,-84
1222963938562330,ef3b3dd2e004,-89
1222964079918230,ef3b3dd2a019,-82
1222964138852923,ef3b3dd2e001,-84
1222964145027455,ef3b3dd2e004,-87
1222964255700227,E9BDCC7D8FE6,-98
1222964259614341,ef3b3dd2e003,-97
1222964302075856,ef3b3dd2a014,-88
1222964341589923,ef3b3dd2e001,-80
1222964459461601,E9BDCC7D8FE6,-100
1222964488639989,ef3b3dd2a019,-89
1222964494529834,ef3b3dd2a018,-86
1222964502415251,ef3b3dd2a014,-91
1222964542899474,ef3b3dd2e001,-82
1222964559743226,ef3b3dd2e004,-88
1222964572469268,ef3b3dd2a012,-89
1222964760910277,ef3b3dd2e004,-87
1222964968295610,ef3b3dd2e001,-87
1222964973868788,ef3b3dd2e004,-88
1222965089483591,ef3b3dd2a019,-93
1222965154013337,E7B2D23D89EC,-99
1222965183282506,ef3b3dd2e001,-82
1222965379787214,ef3b3dd2e004,-83
1222965382763620,ef3b3dd2e001,-85
1222965592057703,ef3b3dd2e004,-84
1222965593441662,ef3b3dd2e001,-87
1222965802847151,ef3b3dd2e001,-82
1222965805890902,ef3b3dd2e004,-82
1222965932528571,ef3b3dd2a018,-89
1222966007426755,ef3b3dd2e001,-83
1222966130339684,ef3b3dd2a018,-92
1222966206732244,ef3b3dd2a012,-88
1222966217555578,ef3b3dd2e001,-83
1222966220781099,ef3b3dd2e004,-84
1222966419334244,ef3b3dd2e001,-80
1222966434144871,ef3b3dd2e004,-87
1222966502896544,E9BDCC7D8FE6,-98
1222966580439937,E7B2D23D89EC,-100
1222966645541090,ef3b3dd2e004,-81
1222966822484336,ef3b3dd2a012,-100
1222966824594753,ef3b3dd2e001,-86
1222966862715955,ef3b3dd2e004,-85
1222966959846850,ef3b3dd2a018,-89
1222967028822690,ef3b3dd2e001,-86
1222967168507860,ef3b3dd2a019,-95
1222967232505106,ef3b3dd2e001,-81
1222967277390111,ef3b3dd2e004,-89
1222967319547042,E9BDCC7D8FE6,-104
1222967442541065,ef3b3dd2e001,-89
1222967577833526,ef3b3dd2a018,-89
1222967592343423,ef3b3dd2a019,-92
1222967646764991,ef3b3dd2e001,-92
1222967650167127,ef3b3dd2a012,-96
1222967685742652,ef3b3dd2e004,-88
1222967783833182,ef3b3dd2a018,-93
1222967798245111,ef3b3dd2a019,-87
1222967851785949,ef3b3dd2e001,-92
1222968011224924,ef3b3dd2a014,-97
1222968051872688,ef3b3dd2e001,-91
1222968057689512,ef3b3dd2a012,-94
1222968093224828,ef3b3dd2e004,-87
1222968298845733,ef3b3dd2e004,-86
1222968398346889,ef3b3dd2a018,-88
1222968460477625,ef3b3dd2e001,-86
1222968604720868,ef3b3dd2a018,-92
1222968616779307,ef3b3dd2a019,-97
1222968661976551,ef3b3dd2a015,-100
1222968674362906,ef3b3dd2e001,-78
1222968806560419,ef3b3dd2a018,-92
1222968882630583,ef3b3dd2e001,-80
1222969304154688,ef3b3dd2e001,-89
1222969490645331,ef3b3dd2a012,-98
1222969728528688,ef3b3dd2e001,-80
1222969767552911,ef3b3dd2e004,-97
1222969779235048,E9BDCC7D8FE6,-93
1222969839406460,ef3b3dd2a018,-88
1222969848501461,ef3b3dd2a019,-92
1222969900513810,ef3b3dd2a015,-101
1222969939773709,ef3b3dd2e001,-81
1222970037689344,ef3b3dd2a018,-92
1222970053505648,ef3b3dd2a019,-86
1222970112162893,ef3b3dd2a012,-96
1222970148863262,ef3b3dd2e001,-88
1222970238036968,ef3b3dd2a018,-98
1222970353136094,ef3b3dd2e001,-91
1222970561588511,ef3b3dd2e001,-76
1222970776500459,ef3b3dd2e001,-81
1222970811368588,ef3b3dd2e004,-88
1222970852424530,ef3b3dd2a018,-91
1222970982246209,ef3b3dd2e001,-78
1222971022264286,ef3b3dd2e004,-82
1222971063422832,ef3b3dd2a019,-95
1222971184120083,ef3b3dd2e001,-96
1222971213509305,E9BDCC7D8FE6,-91
1222971230908682,ef3b3dd2e004,-84
1222971265560300,ef3b3dd2a018,-85
1222971273036811,ef3b3dd2a019,-94
1222971276808478,ef3b3dd2a011,-101
1222971384839895,ef3b3dd2e001,-84
1222971445313443,ef3b3dd2e004,-86
1222971473353498,ef3b3dd2a018,-91
1222971587090280,ef3b3dd2e001,-77
1222971649630182,ef3b3dd2e004,-85
1222971683267581,ef3b3dd2a019,-92
1222971831513012,E9BDCC7D8FE6,-90
1222971852800983,ef3b3dd2e004,-83
1222971966886672,ef3b3dd2a012,-98
1222972000764123,ef3b3dd2e001,-80
1222972064024650,ef3b3dd2e004,-82
1222972086149913,ef3b3dd2a018,-88
1222972092153872,ef3b3dd2a019,-90
1222972206306591,ef3b3dd2e001,-82
1222972234727532,E9BDCC7D8FE6,-95
1222972272322327,ef3b3dd2e004,-90
1222972292257954,ef3b3dd2a018,-87
1222972298641757,ef3b3dd2a019,-90
1222972409263018,ef3b3dd2e001,-83
1222972505221465,ef3b3dd2a018,-91
1222972509141570,ef3b3dd2a019,-88
1222972708234871,ef3b3dd2a018,-82
1222972711867215,ef3b3dd2a019,-92
1222972717453413,ef3b3dd2a011,-100
1222972891887701,ef3b3dd2e004,-93
1222972905989942,ef3b3dd2a018,-79
1222972909632391,ef3b3dd2a019,-100
1222973024384746,ef3b3dd2e001,-73
1222973229990079,ef3b3dd2e001,-83
1222973308140712,ef3b3dd2e004,-88
1222973326589776,ef3b3dd2a019,-87
1222973369499884,ef3b3dd2a014,-96
1222973429176297,ef3b3dd2e001,-78
1222973638079130,ef3b3dd2e001,-84
1222973660806997,E9BDCC7D8FE6,-102
1222973719540701,ef3b3dd2a018,-85
1222973724913305,ef3b3dd2e004,-88
1222973740648515,ef3b3dd2a019,-91
1222973763404715,E7B2D23D89EC,-100
1222973782807999,ef3b3dd2a015,-100
1222973786419197,ef3b3dd2a014,-97
1222973789023051,ef3b3dd2a012,-96
1222973848206338,ef3b3dd2e001,-80
1222973863040663,E9BDCC7D8FE6,-95
1222973919851398,ef3b3dd2a018,-90
1222974051703859,ef3b3dd2e001,-76
1222974066097506,E9BDCC7D8FE6,-93
1222974097746832,ef3b3dd2a009,-106
1222974135454648,ef3b3dd2e004,-88
1222974153294858,ef3b3dd2a019,-91
1222974260661432,ef3b3dd2e001,-73
1222974323061229,ef3b3dd2e003,-100
1222974339686596,ef3b3dd2a018,-90
1222974341991023,ef3b3dd2e004,-88
1222974474712547,ef3b3dd2e001,-76
1222974479762078,E9BDCC7D8FE6,-98
1222974526472448,ef3b3dd2e003,-101
1222974548947606,ef3b3dd2a018,-89
1222974554921461,ef3b3dd2a019,-92
1222974555679638,ef3b3dd2e004,-92
1222974676076108,ef3b3dd2e001,-77
1222974756625596,ef3b3dd2a018,-84
1222974765529763,ef3b3dd2a019,-97
1222974766387784,ef3b3dd2e004,-89
1222974882199150,ef3b3dd2e001,-85
1222974886523421,E9BDCC7D8FE6,-96
1222974960746345,ef3b3dd2a018,-87
1222974970847909,ef3b3dd2a019,-94
1222975096017296,ef3b3dd2e001,-79
1222975169895480,ef3b3dd2a018,-94
1222975296880285,ef3b3dd2e001,-82
1222975372554563,ef3b3dd2a018,-86
1222975396309513,ef3b3dd2e004,-87
1222975499796295,ef3b3dd2e001,-83
1222975608822035,ef3b3dd2e004,-88
1222975704881784,ef3b3dd2e001,-95
1222975779589083,ef3b3dd2a018,-94
1222975786729448,ef3b3dd2a019,-88
1222975819412003,ef3b3dd2e004,-93
1222975910708523,ef3b3dd2e001,-87
1222976027390358,ef3b3dd2a014,-98
1222976131998597,ef3b3dd2a009,-98
1222976182396206,ef3b3dd2a018,-87
1222976188114436,ef3b3dd2a019,-81
1222976234566524,ef3b3dd2e004,-84
1222976243834650,ef3b3dd2a015,-100
1222976323318200,E9BDCC7D8FE6,-101
1222976338118618,ef3b3dd2e001,-78
1222976431747064,ef3b3dd2a014,-101
1222976447367014,ef3b3dd2e004,-84
1222976453821285,ef3b3dd2a012,-95
1222976543486815,ef3b3dd2e001,-81
1222976592154216,ef3b3dd2a018,-92
1222976651977503,ef3b3dd2e004,-85
1222976658801358,ef3b3dd2a012,-98
1222976733809542,E9BDCC7D8FE6,-100
1222976809471165,ef3b3dd2a019,-84
1222976950666439,ef3b3dd2e001,-78
1222977005874205,ef3b3dd2a018,-86
1222977072569107,ef3b3dd2e004,-85
1222977159863283,ef3b3dd2e001,-79
1222977210089590,ef3b3dd2a019,-88
1222977212042090,ef3b3dd2a018,-96
1222977371678148,ef3b3dd2e001,-81
1222977416150288,ef3b3dd2a019,-83
1222977495646910,ef3b3dd2e004,-97
1222977555021864,E9BDCC7D8FE6,-92
1222977581089835,ef3b3dd2e001,-86
1222977619170360,ef3b3dd2a019,-88
1222977681186147,ef3b3dd2a012,-93
1222977684871408,ef3b3dd2a015,-94
1222977697886461,ef3b3dd2e004,-91
1222977758941468,E9BDCC7D8FE6,-90
1222977784200064,ef3b3dd2e001,-85
1222977821082047,ef3b3dd2a018,-86
1222977858957311,ef3b3dd2a014,-94
1222977898171690,ef3b3dd2e004,-87
1222977989229668,ef3b3dd2e001,-85
1222978098411866,ef3b3dd2e004,-88
1222978193563230,ef3b3dd2e001,-90
1222978222156149,ef3b3dd2a019,-88
1222978238973703,ef3b3dd2a018,-85
1222978273403029,ef3b3dd2a014,-87
1222978307081522,ef3b3dd2e004,-90
1222978398568458,ef3b3dd2e001,-86
1222978424493617,ef3b3dd2a019,-91
1222978443821015,ef3b3dd2a018,-83
1222978469591330,ef3b3dd2a014,-85
1222978506787219,ef3b3dd2e004,-86
1222978614115042,ef3b3dd2e001,-83
1222978624718168,ef3b3dd2a019,-89
1222978649215202,ef3b3dd2a018,-87
1222978671465308,ef3b3dd2a014,-86
1222978717093542,ef3b3dd2e004,-84
1222978875862933,ef3b3dd2a014,-86
1222978918716218,ef3b3dd2e004,-84
1222979033347480,ef3b3dd2a019,-87
1222979043656804,ef3b3dd2e001,-82
1222979065818316,ef3b3dd2a018,-84
1222979226015937,ef3b3dd2a009,-101
1222979253658752,ef3b3dd2e001,-88
1222979337058187,ef3b3dd2e004,-89
1222979429511426,ef3b3dd2a009,-99
1222979458589449,ef3b3dd2e001,-88
1222979477863410,ef3b3dd2a018,-90
1222979599082849,E9BDCC7D8FE6,-104
1222979636798373,ef3b3dd2a009,-99
1222979685411659,ef3b3dd2a018,-90
1222979761842500,ef3b3dd2e004,-96
1222979862256000,ef3b3dd2a019,-86
1222980071300812,ef3b3dd2a019,-88
1222980174603219,ef3b3dd2e004,-97
1222980495150386,ef3b3dd2e001,-95
1222980511605440,ef3b3dd2a014,-100
1222980595483833,ef3b3dd2e004,-93
1222980623145295,E9BDCC7D8FE6,-105
