1223410296612785,ef3b3dd2a018,-82
1223410363000188,ef3b3dd2a015,-97
1223410368347168,E7B2D23D89EC,-104
1223410407279932,ef3b3dd2a019,-88
1223410435986133,F80332EDA645,-96
1223410486982023,E9BDCC7D8FE6,-71
1223410605853754,ef3b3dd2a019,-87
1223410640722299,F80332EDA645,-88
1223410657833603,ef3b3dd2a012,-91
1223410663600270,6859b8e6126b,-81
1223410691802877,E9BDCC7D8FE6,-67
1223410698072461,ef3b3dd2e001,-100
1223410858015498,ef3b3dd2a012,-94
1223410893438001,E9BDCC7D8FE6,-67
1223410912274513,ef3b3dd2a018,-90
1223410977205718,ef3b3dd2a015,-104
1223411020860514,ef3b3dd2a019,-84
1223411094792448,E9BDCC7D8FE6,-70
1223411160722872,6859b8e6126b,-83
1223411179280373,ef3b3dd2a015,-100
1223411228767670,ef3b3dd2a019,-85
1223411263122986,ef3b3dd2a012,-92
1223411296150281,E9BDCC7D8FE6,-76
1223411427731284,ef3b3dd2a019,-86
1223411603287343,E7B2D23D89EC,-102
1223411632337606,ef3b3dd2a019,-86
1223411666377505,ef3b3dd2a012,-90
1223411667310474,6859b8e6126b,-82
1223411838361793,ef3b3dd2a019,-92
1223411897541799,ef3b3dd2a011,-103
1223411910690394,E9BDCC7D8FE6,-77
1223411935185709,ef3b3dd2a018,-83
1223412038296032,ef3b3dd2a019,-86
1223412075967286,F80332EDA645,-89
1223412080975203,ef3b3dd2a012,-91
1223412116812863,E9BDCC7D8FE6,-83
1223412144274480,ef3b3dd2a018,-83
1223412163964899,6859b8e6126b,-78
1223412243487667,ef3b3dd2a019,-87
1223412247340115,ef3b3dd2a014,-103
1223412299162204,ef3b3dd2a016,-104
1223412305160329,ef3b3dd2a011,-103
1223412325274029,E9BDCC7D8FE6,-90
1223412449122687,ef3b3dd2a019,-87
1223412452592011,ef3b3dd2a005,-104
1223412491604723,F80332EDA645,-92
1223412526665039,E9BDCC7D8FE6,-75
1223412647522290,ef3b3dd2a019,-89
1223412693956201,F80332EDA645,-98
1223412729336465,ef3b3dd2a002,-105
1223412730387038,E9BDCC7D8FE6,-73
1223412786476836,ef3b3dd2e001,-99
1223412810804859,ef3b3dd2a015,-97
1223412901759660,F80332EDA645,-99
1223412932952475,E9BDCC7D8FE6,-72
1223412990493939,ef3b3dd2a013,-96
1223413058096706,ef3b3dd2a019,-102
1223413096087491,ef3b3dd2a012,-96
1223413163021248,6859b8e6126b,-87
1223413168059217,ef3b3dd2e003,-100
1223413178964166,ef3b3dd2a018,-98
1223413208886148,ef3b3dd2e001,-104
1223413299804647,ef3b3dd2a012,-97
1223413307436940,F80332EDA645,-99
1223413344159756,E9BDCC7D8FE6,-85
1223413380322207,ef3b3dd2a018,-94
1223413548247953,E9BDCC7D8FE6,-76
1223413666743121,ef3b3dd2a019,-97
1223413667729059,6859b8e6126b,-88
1223413702780729,ef3b3dd2a005,-94
1223413752235317,E9BDCC7D8FE6,-78
1223413957998984,E9BDCC7D8FE6,-83
1223414073192120,ef3b3dd2a019,-100
1223414162790983,E9BDCC7D8FE6,-87
1223414164882702,6859b8e6126b,-100
1223414367296160,E9BDCC7D8FE6,-82
1223414576646701,E9BDCC7D8FE6,-83
1223414662590929,6859b8e6126b,-91
1223414780934013,E9BDCC7D8FE6,-81
1223414986628044,E9BDCC7D8FE6,-82
1223415192415877,E9BDCC7D8FE6,-78
1223415236628017,ef3b3dd2a013,-100
1223415347690528,ef3b3dd2a012,-102
1223415394409960,E9BDCC7D8FE6,-80
1223415496549449,ef3b3dd2a019,-98
1223415594425813,E9BDCC7D8FE6,-80
1223415665644206,6859b8e6126b,-88
1223415803110157,E9BDCC7D8FE6,-85
1223416008313719,E9BDCC7D8FE6,-83
1223416103033051,ef3b3dd2a019,-96
1223416166445610,6859b8e6126b,-84
1223416215285302,E9BDCC7D8FE6,-102
1223416429598136,E9BDCC7D8FE6,-83
1223416624341957,E9BDCC7D8FE6,-85
1223416664168211,6859b8e6126b,-87
1223416824936040,E9BDCC7D8FE6,-82
1223417030286425,E9BDCC7D8FE6,-80
1223417101637734,ef3b3dd2e003,-100
1223417165910761,6859b8e6126b,-84
1223417191677847,ef3b3dd2a012,-96
1223417233955924,E9BDCC7D8FE6,-83
1223417266338896,ef3b3dd2a018,-102
1223417319714996,ef3b3dd2a019,-98
1223417397496722,ef3b3dd2a012,-93
1223417440800789,E9BDCC7D8FE6,-81
1223417537994132,ef3b3dd2a015,-104
1223417641803257,E9BDCC7D8FE6,-82
1223417664939092,6859b8e6126b,-85
1223417727790297,ef3b3dd2a019,-91
1223417843467391,E9BDCC7D8FE6,-94
1223417874072394,ef3b3dd2a018,-96
1223417927103337,ef3b3dd2a019,-92
1223418003706262,F80332EDA645,-98
1223418021659545,ef3b3dd2a012,-100
1223418047377464,E9BDCC7D8FE6,-87
1223418152459818,ef3b3dd2e003,-97
1223418169186851,6859b8e6126b,-84
1223418208513261,F80332EDA645,-102
1223418230230815,ef3b3dd2a012,-99
1223418233214930,ef3b3dd2a002,-102
1223418251066547,E9BDCC7D8FE6,-86
1223418355562599,ef3b3dd2e003,-100
1223418432669221,ef3b3dd2a012,-105
1223418459388338,E9BDCC7D8FE6,-87
1223418664052369,6859b8e6126b,-88
1223418665190234,E9BDCC7D8FE6,-90
1223418697783049,ef3b3dd2a018,-100
1223418772565453,ef3b3dd2e003,-97
1223418870527702,E9BDCC7D8FE6,-105
1223418937307396,ef3b3dd2a019,-95
1223419080471629,E9BDCC7D8FE6,-89
1223419104596371,ef3b3dd2a018,-103
1223419162756898,6859b8e6126b,-92
1223419281091180,E9BDCC7D8FE6,-96
1223419350169364,ef3b3dd2a019,-102
1223419486290107,E9BDCC7D8FE6,-99
1223419559151156,ef3b3dd2a019,-96
1223419667410959,6859b8e6126b,-82
1223419671567417,ef3b3dd2a012,-97
1223419693464815,E9BDCC7D8FE6,-95
1223419882975980,ef3b3dd2a012,-97
1223419890910356,E9BDCC7D8FE6,-92
1223419920257442,ef3b3dd2a018,-97
1223420032772610,ef3b3dd2e003,-100
1223420124204077,ef3b3dd2a018,-94
1223420266829508,F80332EDA645,-94
1223420664303818,6859b8e6126b,-82
1223420673016840,F80332EDA645,-96
1223420910144468,E9BDCC7D8FE6,-92
1223420993474893,ef3b3dd2a019,-99
1223421091503027,F80332EDA645,-92
1223421166738712,6859b8e6126b,-79
1223421293276068,F80332EDA645,-90
1223421317545290,E9BDCC7D8FE6,-98
1223421496743537,F80332EDA645,-93
1223421509434580,ef3b3dd2a011,-100
1223421544982864,ef3b3dd2a018,-102
1223421810174557,ef3b3dd2a019,-103
1223421925414256,E9BDCC7D8FE6,-103
1223422027842444,ef3b3dd2a019,-101
1223422161797717,6859b8e6126b,-76
1223422327293932,F80332EDA645,-99
1223422330959609,E9BDCC7D8FE6,-94
1223422334924089,ef3b3dd2a011,-105
1223422538049942,E9BDCC7D8FE6,-98
1223422556561507,ef3b3dd2a018,-98
1223422613103439,ef3b3dd2a013,-100
1223422662064538,6859b8e6126b,-76
1223422716136731,ef3b3dd2a002,-103
1223422736684702,F80332EDA645,-87
1223422742485640,E9BDCC7D8FE6,-93
1223422757228506,ef3b3dd2e003,-92
1223422761240746,ef3b3dd2a018,-99
1223422827331846,ef3b3dd2a019,-98
1223422940884410,F80332EDA645,-88
1223422943825556,E9BDCC7D8FE6,-89
1223422957861495,ef3b3dd2e003,-97
1223422961611391,ef3b3dd2a018,-102
1223423134909741,ef3b3dd2a002,-102
1223423150810628,E9BDCC7D8FE6,-91
1223423160965942,6859b8e6126b,-78
1223423348315961,F80332EDA645,-92
1223423349866638,E9BDCC7D8FE6,-97
1223423428210396,ef3b3dd2a013,-98
1223423497159048,E7B2D23D89EC,-107
1223423574101608,ef3b3dd2a018,-100
1223423664376357,6859b8e6126b,-82
1223423759201835,E9BDCC7D8FE6,-90
1223423783987567,ef3b3dd2a012,-102
1223423839896166,ef3b3dd2a019,-99
1223423963811803,F80332EDA645,-83
1223423992062223,ef3b3dd2a018,-100
1223424042873061,ef3b3dd2a019,-102
1223424168424688,6859b8e6126b,-75
1223424171064011,E9BDCC7D8FE6,-92
1223424193570837,ef3b3dd2a018,-104
1223424218963287,ef3b3dd2e003,-99
1223424360775905,ef3b3dd2a002,-99
1223424370141531,F80332EDA645,-84
1223424393432211,ef3b3dd2a018,-102
1223424427842474,ef3b3dd2e003,-99
1223424445872007,ef3b3dd2a019,-97
1223424567785770,ef3b3dd2a002,-104
1223424569130718,F80332EDA645,-85
1223424601005825,ef3b3dd2a012,-98
1223424631016870,ef3b3dd2e003,-90
1223424648953069,ef3b3dd2a019,-100
1223424659425362,6859b8e6126b,-75
1223424777019593,ef3b3dd2a002,-100
1223424787780323,E9BDCC7D8FE6,-88
1223424801311991,ef3b3dd2a012,-104
1223424836586994,ef3b3dd2e003,-89
1223424854752152,ef3b3dd2a019,-101
1223424979785863,F80332EDA645,-92
1223424996787010,E9BDCC7D8FE6,-82
1223425038874306,ef3b3dd2e003,-91
1223425061706392,ef3b3dd2a019,-92
1223425163395360,6859b8e6126b,-73
1223425183223279,F80332EDA645,-82
1223425189811405,ef3b3dd2a002,-101
1223425199455885,E9BDCC7D8FE6,-81
1223425242218441,ef3b3dd2e003,-92
1223425256410578,ef3b3dd2a019,-94
1223425392133404,F80332EDA645,-84
1223425411447572,E9BDCC7D8FE6,-82
1223425413485437,ef3b3dd2a018,-102
1223425446123774,ef3b3dd2e003,-89
1223425668375931,6859b8e6126b,-75
1223425799127871,F80332EDA645,-79
1223425809114956,ef3b3dd2a002,-104
1223425812855529,ef3b3dd2a011,-94
1223425821581832,E9BDCC7D8FE6,-79
1223425942349448,E7B2D23D89EC,-102
1223426008772424,F80332EDA645,-83
1223426021961644,E9BDCC7D8FE6,-82
1223426065519148,ef3b3dd2a019,-91
1223426080319566,ef3b3dd2e003,-87
1223426161479939,6859b8e6126b,-75
1223426209595829,F80332EDA645,-84
1223426231239165,E9BDCC7D8FE6,-83
1223426282060420,ef3b3dd2e003,-92
1223426413934704,F80332EDA645,-91
1223426421379965,ef3b3dd2a002,-100
1223426427119080,ef3b3dd2a018,-101
1223426440100383,E9BDCC7D8FE6,-79
1223426620156651,F80332EDA645,-83
1223426650053008,E9BDCC7D8FE6,-81
1223426661494312,6859b8e6126b,-73
1223426685558845,ef3b3dd2e007,-87
1223427069951904,E9BDCC7D8FE6,-90
1223427116411961,ef3b3dd2e003,-93
1223427161858163,6859b8e6126b,-72
1223427226565097,F80332EDA645,-84
1223427276096717,E9BDCC7D8FE6,-76
1223427319174481,ef3b3dd2e003,-85
1223427435917618,F80332EDA645,-82
1223427441073712,ef3b3dd2a002,-101
1223427471787986,ef3b3dd2a008,-103
1223427482511581,E9BDCC7D8FE6,-81
1223427521533251,ef3b3dd2e003,-80
1223427640543992,F80332EDA645,-83
1223427662159567,ef3b3dd2a011,-98
1223427687720351,E9BDCC7D8FE6,-90
1223427733955043,ef3b3dd2e003,-82
1223427848149742,F80332EDA645,-84
1223427865607192,ef3b3dd2a012,-100
1223427901623289,ef3b3dd2a009,-105
1223427947739127,ef3b3dd2e003,-97
1223428055646742,F80332EDA645,-82
1223428069682785,ef3b3dd2a011,-94
1223428171387431,6859b8e6126b,-83
1223428264145877,ef3b3dd2a002,-99
1223428270042545,ef3b3dd2a012,-94
1223428292615880,ef3b3dd2a008,-99
1223428296781610,E9BDCC7D8FE6,-86
1223428499146578,E9BDCC7D8FE6,-82
1223428521751893,ef3b3dd2a019,-89
1223428661507688,6859b8e6126b,-81
1223428665596230,F80332EDA645,-86
1223428703725452,E9BDCC7D8FE6,-81
1223428724570871,ef3b3dd2a019,-88
1223428768054105,ef3b3dd2e003,-94
1223428871429688,F80332EDA645,-83
1223428889357554,ef3b3dd2a012,-96
1223428906791879,E9BDCC7D8FE6,-77
1223429075332417,ef3b3dd2a002,-95
1223429095907054,ef3b3dd2a012,-101
1223429111968931,E9BDCC7D8FE6,-76
1223429165383676,6859b8e6126b,-75
1223429183630917,ef3b3dd2e003,-90
1223429284401760,F80332EDA645,-81
1223429344549943,ef3b3dd2a019,-87
1223429517173398,ef3b3dd2e007,-100
1223429554536943,ef3b3dd2a019,-91
1223429597201687,ef3b3dd2e003,-96
1223429664009871,6859b8e6126b,-85
1223429695205239,F80332EDA645,-90
1223429725803783,E9BDCC7D8FE6,-90
1223429756223161,ef3b3dd2a019,-94
1223429802940770,ef3b3dd2e003,-92
1223429807471031,ef3b3dd2a005,-97
1223429896241873,F80332EDA645,-91
1223429905931822,ef3b3dd2e007,-92
1223429931167554,E9BDCC7D8FE6,-81
1223429968415631,ef3b3dd2a019,-98
1223430005877249,ef3b3dd2e003,-95
1223430043831211,ef3b3dd2e007,-100
1223430106566790,F80332EDA645,-93
1223430120351114,ef3b3dd2a012,-96
1223430135292887,E9BDCC7D8FE6,-97
1223430161090650,6859b8e6126b,-76
1223430172202213,ef3b3dd2e007,-96
1223430186573100,ef3b3dd2a013,-100
1223430303957383,ef3b3dd2e007,-98
1223430344428168,E9BDCC7D8FE6,-83
1223430388991402,ef3b3dd2a013,-99
1223430431245781,ef3b3dd2e007,-98
1223430504345371,ef3b3dd2a006,-102
1223430545029230,E9BDCC7D8FE6,-78
1223430630356478,ef3b3dd2a005,-102
1223430636902885,ef3b3dd2e003,-92
1223430716106070,F80332EDA645,-94
1223430748052323,E9BDCC7D8FE6,-82
1223430921003486,F80332EDA645,-98
1223431054201103,ef3b3dd2e003,-97
1223431157375593,E9BDCC7D8FE6,-78
1223431162223927,6859b8e6126b,-79
1223431202588097,ef3b3dd2a013,-102
1223431252701592,ef3b3dd2e003,-100
1223431355119571,E9BDCC7D8FE6,-77
1223431408795409,ef3b3dd2a019,-94
1223431562326518,E9BDCC7D8FE6,-75
1223431739739974,ef3b3dd2e007,-99
1223431850640610,ef3b3dd2a005,-99
1223431981516300,E9BDCC7D8FE6,-88
1223432016987970,ef3b3dd2a019,-98
1223432089607092,ef3b3dd2e003,-99
1223432126402564,ef3b3dd2a018,-96
1223432151364077,F80332EDA645,-97
1223432161714807,6859b8e6126b,-81
1223432186833404,E9BDCC7D8FE6,-78
1223432190298716,ef3b3dd2a012,-98
1223432223710282,ef3b3dd2a019,-100
1223432330093105,ef3b3dd2a018,-95
1223432356137743,F80332EDA645,-97
1223432385468996,E9BDCC7D8FE6,-76
1223432403594206,ef3b3dd2e007,-96
1223432425661657,ef3b3dd2a019,-95
1223432462826139,ef3b3dd2a005,-99
1223432531668021,ef3b3dd2a018,-94
1223432550456304,ef3b3dd2a002,-97
1223432558666253,F80332EDA645,-92
1223432586318183,E9BDCC7D8FE6,-75
1223432637166834,ef3b3dd2a019,-97
1223432665534389,6859b8e6126b,-84
1223432739183771,ef3b3dd2a018,-89
1223432788252734,ef3b3dd2a011,-101
1223432789541328,E9BDCC7D8FE6,-82
1223432941613895,ef3b3dd2a018,-87
1223432991220619,E9BDCC7D8FE6,-76
1223433001091818,ef3b3dd2a012,-93
1223433052742032,ef3b3dd2a019,-87
1223433162951261,6859b8e6126b,-83
1223433197367463,E9BDCC7D8FE6,-74
1223433207776422,ef3b3dd2a012,-99
1223433347278155,ef3b3dd2a018,-95
1223433399513681,E9BDCC7D8FE6,-75
1223433458728010,ef3b3dd2a019,-88
1223433554274009,ef3b3dd2a018,-91
1223433591727971,F80332EDA645,-92
1223433601324795,ef3b3dd2e007,-99
1223433606211149,E9BDCC7D8FE6,-75
1223433622034172,ef3b3dd2a012,-92
1223433631846152,ef3b3dd2a013,-100
1223433663387822,ef3b3dd2a019,-82
1223433664300895,6859b8e6126b,-83
1223433759625331,ef3b3dd2a018,-84
1223433794439189,F80332EDA645,-93
1223433809544503,E9BDCC7D8FE6,-82
1223433827217786,ef3b3dd2a012,-102
1223433871871384,ef3b3dd2a019,-90
1223433954650298,ef3b3dd2e003,-96
1223434000421501,F80332EDA645,-93
1223434014571659,E9BDCC7D8FE6,-76
1223434031458639,ef3b3dd2a012,-102
1223434079000415,ef3b3dd2a019,-84
1223434162097611,ef3b3dd2a018,-86
1223434170858080,6859b8e6126b,-87
1223434221491263,E9BDCC7D8FE6,-82
1223434277944081,ef3b3dd2a019,-88
1223434351858255,ef3b3dd2e003,-97
1223434371302736,ef3b3dd2a018,-86
1223434413214250,F80332EDA645,-97
1223434431383575,E9BDCC7D8FE6,-83
1223434444708368,ef3b3dd2a012,-102
1223434455660400,ef3b3dd2a013,-96
1223434484591133,ef3b3dd2a019,-91
1223434522776084,ef3b3dd2e007,-93
1223434562389890,ef3b3dd2e003,-101
1223434580067652,ef3b3dd2a018,-83
1223434648808961,ef3b3dd2a012,-96
1223434659885421,ef3b3dd2e007,-98
1223434664124380,6859b8e6126b,-92
1223434764593244,ef3b3dd2e003,-98
1223434787307152,ef3b3dd2a018,-87
1223434820406114,F80332EDA645,-97
1223434832705438,E9BDCC7D8FE6,-82
1223434881276485,ef3b3dd2a013,-96
1223434928141698,ef3b3dd2e007,-98
1223434965143003,ef3b3dd2e003,-102
1223434997919309,ef3b3dd2e001,-101
1223435013317279,ef3b3dd2a002,-104
1223435020619467,F80332EDA645,-91
1223435034550458,E9BDCC7D8FE6,-83
1223435063419003,ef3b3dd2e007,-98
1223435113630883,ef3b3dd2a019,-98
1223435166796565,6859b8e6126b,-85
1223435197080683,ef3b3dd2e007,-98
1223435230155530,ef3b3dd2a014,-104
1223435242751416,E9BDCC7D8FE6,-76
1223435263009543,ef3b3dd2a012,-94
1223435275161888,ef3b3dd2a009,-105
1223435336446478,ef3b3dd2e007,-94
1223435404355287,ef3b3dd2a018,-92
1223435417606694,ef3b3dd2e001,-98
1223435440553988,ef3b3dd2a011,-104
1223435442621593,F80332EDA645,-99
1223435448534770,E9BDCC7D8FE6,-79
1223435489080451,ef3b3dd2a013,-94
1223435519218371,ef3b3dd2a019,-100
1223435630676507,ef3b3dd2e001,-99
1223435646294113,F80332EDA645,-101
1223435652134999,E9BDCC7D8FE6,-81
1223435666290104,6859b8e6126b,-84
1223435698020472,ef3b3dd2a013,-95
1223435716391620,ef3b3dd2a019,-104
1223435727843756,ef3b3dd2e007,-99
1223435737712612,ef3b3dd2a005,-102
1223435801712045,ef3b3dd2e003,-97
1223435852656269,F80332EDA645,-94
1223435861318249,E9BDCC7D8FE6,-84
1223435867963145,ef3b3dd2a008,-104
1223435999470658,ef3b3dd2e007,-100
1223436008144461,ef3b3dd2e003,-98
1223436020193369,ef3b3dd2a015,-104
1223436030431182,ef3b3dd2a018,-96
1223436034288058,ef3b3dd2a002,-100
1223436058783529,F80332EDA645,-94
1223436063491446,E9BDCC7D8FE6,-78
1223436080505614,ef3b3dd2a012,-98
1223436107377596,ef3b3dd2a013,-98
1223436164667967,6859b8e6126b,-96
1223436265999800,F80332EDA645,-97
1223436272482769,E9BDCC7D8FE6,-75
1223436482749404,E9BDCC7D8FE6,-80
1223436538730920,ef3b3dd2e007,-97
1223436635309263,ef3b3dd2e003,-101
1223436691035727,E9BDCC7D8FE6,-78
1223436729842294,ef3b3dd2a013,-100
1223436733690471,ef3b3dd2a019,-97
1223436894825123,E9BDCC7D8FE6,-83
1223436937960908,ef3b3dd2a013,-98
1223436944450336,ef3b3dd2a019,-102
1223437102897852,E9BDCC7D8FE6,-80
1223437146258064,ef3b3dd2a019,-104
1223437162045878,6859b8e6126b,-85
1223437286267505,F80332EDA645,-92
1223437310975997,E9BDCC7D8FE6,-87
1223437513888986,E9BDCC7D8FE6,-90
1223437660784730,6859b8e6126b,-92
1223437682499212,ef3b3dd2e003,-104
1223437723009320,E9BDCC7D8FE6,-86
1223437926575277,E9BDCC7D8FE6,-89
1223438005514765,ef3b3dd2e007,-102
1223438101902691,F80332EDA645,-90
1223438131497173,E9BDCC7D8FE6,-84
1223438183936501,ef3b3dd2a005,-104
1223438272532812,ef3b3dd2a006,-105
1223438296892450,ef3b3dd2e003,-105
1223438302364950,F80332EDA645,-95
1223438316823754,ef3b3dd2a011,-103
1223438327307245,ef3b3dd2a012,-102
1223438540047422,E9BDCC7D8FE6,-75
1223438582506905,ef3b3dd2a019,-93
1223438668585508,6859b8e6126b,-88
1223438748889786,E9BDCC7D8FE6,-80
1223438768033018,ef3b3dd2a008,-107
1223438802755000,ef3b3dd2a005,-103
1223438963964235,ef3b3dd2a013,-94
1223439141183992,ef3b3dd2e003,-100
1223439153435191,E9BDCC7D8FE6,-92
1223439181429986,ef3b3dd2a008,-100
1223439359115681,E9BDCC7D8FE6,-82
1223439396616309,ef3b3dd2a016,-105
1223439520820593,ef3b3dd2a018,-98
1223439603806903,ef3b3dd2a016,-99
1223439611717633,ef3b3dd2a005,-103
1223439722098790,ef3b3dd2a018,-102
1223439739819989,F80332EDA645,-95
1223439776412858,E9BDCC7D8FE6,-88
1223439815068278,ef3b3dd2a005,-102
1223439924887195,ef3b3dd2a018,-99
1223439945963187,F80332EDA645,-103
1223439960931522,ef3b3dd2a012,-100
1223439988189025,E9BDCC7D8FE6,-81
1223439989263920,ef3b3dd2e001,-104
1223440166345605,ef3b3dd2a012,-94
1223440177601700,ef3b3dd2e003,-100
1223440195271337,E9BDCC7D8FE6,-84
1223440372382761,ef3b3dd2a012,-93
1223440394772867,E9BDCC7D8FE6,-84
1223440568163561,ef3b3dd2a015,-102
1223440602348721,E9BDCC7D8FE6,-80
1223440625099140,ef3b3dd2a019,-98
1223440741450662,ef3b3dd2a018,-97
1223440808812752,E9BDCC7D8FE6,-78
1223440852311715,ef3b3dd2e007,-104
1223440942028547,ef3b3dd2a018,-98
1223440985174905,ef3b3dd2a012,-97
1223441018479336,E9BDCC7D8FE6,-81
1223441043615119,ef3b3dd2a019,-96
1223441165185027,6859b8e6126b,-85
1223441198384822,ef3b3dd2e003,-98
1223441219804460,E9BDCC7D8FE6,-87
1223441250434098,ef3b3dd2a019,-101
1223441426481147,E9BDCC7D8FE6,-92
1223441631835595,E9BDCC7D8FE6,-85
1223441668241484,6859b8e6126b,-88
1223441767658421,ef3b3dd2a018,-95
1223441794018059,F80332EDA645,-86
1223441801878997,ef3b3dd2a012,-97
1223441834888844,E9BDCC7D8FE6,-89
1223442006485371,F80332EDA645,-90
1223442080351108,ef3b3dd2a019,-91
1223442254747948,ef3b3dd2e003,-96
1223442285464774,ef3b3dd2a019,-92
1223442412024526,ef3b3dd2a012,-91
1223442453833593,E9BDCC7D8FE6,-89
1223442613049651,F80332EDA645,-90
1223442658135593,E9BDCC7D8FE6,-93
1223442671889761,ef3b3dd2e003,-99
1223442795281544,ef3b3dd2a018,-89
1223442818259150,ef3b3dd2a012,-94
1223443021886566,F80332EDA645,-87
1223443166024185,6859b8e6126b,-80
1223443207200699,ef3b3dd2a018,-92
1223443282534717,E9BDCC7D8FE6,-93
1223443474178486,E9BDCC7D8FE6,-104
1223443522725939,ef3b3dd2a019,-100
1223443630341523,F80332EDA645,-104
1223443661491057,6859b8e6126b,-80
1223443692836269,ef3b3dd2e003,-103
1223443879540766,E9BDCC7D8FE6,-97
1223443939363220,ef3b3dd2a019,-103
1223444026465260,ef3b3dd2a011,-103
1223444086538443,E9BDCC7D8FE6,-94
1223444164553972,6859b8e6126b,-74
1223444337728677,ef3b3dd2e003,-102
1223444509696819,E9BDCC7D8FE6,-100
1223444641940946,ef3b3dd2a011,-101
1223444661599907,6859b8e6126b,-78
1223444712609704,E9BDCC7D8FE6,-93
1223444850512478,ef3b3dd2a011,-103
1223444915142692,E9BDCC7D8FE6,-102
1223444961707176,ef3b3dd2e003,-97
1223445169246468,6859b8e6126b,-76
1223445172873656,ef3b3dd2e003,-100
1223445374451801,ef3b3dd2e003,-100
1223445530534733,E9BDCC7D8FE6,-92
1223445664372715,6859b8e6126b,-75
1223445801147052,ef3b3dd2e003,-100
1223445822276324,ef3b3dd2a006,-104
1223445877955705,F80332EDA645,-90
1223445940471649,E9BDCC7D8FE6,-96
1223446081497913,F80332EDA645,-93
1223446179187923,6859b8e6126b,-80
1223446281762412,ef3b3dd2e007,-101
1223446349687158,E9BDCC7D8FE6,-89
1223446361299295,ef3b3dd2a013,-102
1223446410398206,ef3b3dd2e007,-96
1223446415539821,ef3b3dd2a005,-107
1223446416567269,ef3b3dd2e003,-99
1223446619013071,ef3b3dd2a019,-104
1223446662320939,6859b8e6126b,-77
1223446685137035,ef3b3dd2e007,-102
1223446694552766,ef3b3dd2a012,-104
1223446701425006,F80332EDA645,-91
1223446817645069,ef3b3dd2a019,-103
1223446908760912,F80332EDA645,-101
1223446978494356,E9BDCC7D8FE6,-92
1223447038092019,ef3b3dd2e003,-92
1223447170918334,6859b8e6126b,-79
1223447178163074,E9BDCC7D8FE6,-84
1223447219483755,ef3b3dd2e007,-94
1223447231449225,ef3b3dd2a019,-95
1223447282335220,ef3b3dd2a018,-100
1223447316516317,ef3b3dd2a011,-103
1223447385764084,E9BDCC7D8FE6,-88
1223447518565868,F80332EDA645,-88
1223447524464098,ef3b3dd2a011,-100
1223447584571552,E9BDCC7D8FE6,-86
1223447649047079,ef3b3dd2e003,-90
1223447656076403,ef3b3dd2a005,-104
1223447661519268,6859b8e6126b,-73
1223447694044844,ef3b3dd2a018,-101
1223447720964222,F80332EDA645,-91
1223447789131781,E9BDCC7D8FE6,-86
1223447845664703,ef3b3dd2a019,-93
1223447853150225,ef3b3dd2e003,-92
1223447914009085,ef3b3dd2a012,-97
1223447921464711,F80332EDA645,-87
1223447927034190,ef3b3dd2a011,-102
1223448012038626,ef3b3dd2e007,-94
1223448061150558,ef3b3dd2a019,-98
1223448064510715,ef3b3dd2e003,-89
1223448101785354,ef3b3dd2a018,-97
1223448131399315,F80332EDA645,-81
1223448144537389,ef3b3dd2e007,-90
1223448165937027,6859b8e6126b,-80
1223448196630936,E9BDCC7D8FE6,-82
1223448260491359,ef3b3dd2a019,-96
1223448283353653,ef3b3dd2e007,-93
1223448403049811,E9BDCC7D8FE6,-80
1223448430465907,ef3b3dd2e007,-90
1223448471797630,ef3b3dd2a019,-97
1223448540539564,F80332EDA645,-82
1223448565836389,ef3b3dd2e007,-95
1223448614104832,E9BDCC7D8FE6,-82
1223448662791712,6859b8e6126b,-72
1223448694760256,ef3b3dd2e003,-86
1223448705138174,ef3b3dd2e007,-98
1223448746628126,F80332EDA645,-85
1223448811454174,ef3b3dd2a013,-99
1223448812441883,E9BDCC7D8FE6,-91
1223448948964761,ef3b3dd2a011,-98
1223448954065803,F80332EDA645,-90
1223449019158466,E9BDCC7D8FE6,-88
1223449145263426,ef3b3dd2a012,-99
1223449153822698,ef3b3dd2a011,-101
1223449158308532,F80332EDA645,-82
1223449220346767,E9BDCC7D8FE6,-84
1223449285812503,ef3b3dd2a019,-92
1223449312618078,ef3b3dd2e003,-84
1223449353246155,ef3b3dd2a012,-103
1223449360143812,F80332EDA645,-78
1223449428014236,E9BDCC7D8FE6,-87
1223449500947056,ef3b3dd2a019,-93
1223449523748829,ef3b3dd2e007,-90
1223449573674250,ef3b3dd2a011,-101
1223449574718886,F80332EDA645,-89
1223449623903578,ef3b3dd2a013,-104
1223449630092537,E9BDCC7D8FE6,-83
1223449662457176,6859b8e6126b,-71
1223449716502494,ef3b3dd2e003,-96
1223449771237187,F80332EDA645,-90
1223449821553337,ef3b3dd2a008,-104
1223449834230370,E9BDCC7D8FE6,-78
1223449920852983,ef3b3dd2e003,-85
1223449921895587,ef3b3dd2e007,-89
1223450042200234,E9BDCC7D8FE6,-78
1223450059009924,ef3b3dd2e007,-83
1223450079451696,ef3b3dd2a009,-101
1223450121548107,ef3b3dd2a005,-100
1223450162645246,6859b8e6126b,-72
1223450181223530,F80332EDA645,-75
1223450199771917,ef3b3dd2e007,-87
1223450329447971,ef3b3dd2e007,-86
1223450349157713,ef3b3dd2e003,-88
1223450440259962,ef3b3dd2a013,-98
1223450450450379,E9BDCC7D8FE6,-82
1223450457688088,ef3b3dd2e007,-84
1223450507494656,ef3b3dd2a019,-90
1223450553825233,ef3b3dd2a018,-102
1223450595630862,F80332EDA645,-76
1223450649212847,ef3b3dd2a008,-102
1223450653621181,E9BDCC7D8FE6,-77
1223450662020557,6859b8e6126b,-71
1223450712999468,ef3b3dd2a019,-89
1223450721422958,ef3b3dd2e007,-81
1223450761521087,ef3b3dd2e003,-89
1223450797206247,ef3b3dd2a012,-96
1223450809331769,F80332EDA645,-80
1223450860737608,ef3b3dd2e007,-91
1223450861780160,E9BDCC7D8FE6,-74
1223450962099753,ef3b3dd2e003,-90
1223450975934077,ef3b3dd2e001,-105
1223450998796267,ef3b3dd2e007,-84
1223451001779861,F80332EDA645,-80
1223451161495190,6859b8e6126b,-72
1223451175005243,ef3b3dd2e003,-99
1223451184405244,ef3b3dd2e001,-101
1223451208932069,ef3b3dd2a012,-96
1223451273687701,E9BDCC7D8FE6,-87
1223451323770987,ef3b3dd2a019,-91
1223451354518178,ef3b3dd2a006,-102
1223451373702919,ef3b3dd2e003,-86
1223451402332297,ef3b3dd2e007,-92
1223451414937663,F80332EDA645,-85
1223451476782617,E9BDCC7D8FE6,-84
1223451532946633,ef3b3dd2a019,-92
1223451579431377,ef3b3dd2e003,-96
1223451672048105,6859b8e6126b,-77
1223451679453366,E9BDCC7D8FE6,-82
1223451799740618,ef3b3dd2e007,-88
1223451886474637,E9BDCC7D8FE6,-77
1223452004352930,ef3b3dd2e003,-91
1223452024414963,F80332EDA645,-88
1223452052906633,ef3b3dd2e007,-98
1223452057719966,ef3b3dd2a011,-102
1223452085961271,E9BDCC7D8FE6,-79
1223452092752053,ef3b3dd2a013,-100
1223452126356119,ef3b3dd2a009,-105
1223452152315445,ef3b3dd2a019,-93
1223452162055081,6859b8e6126b,-83
1223452258816757,ef3b3dd2a011,-97
1223452286853166,E9BDCC7D8FE6,-92
1223452300660251,ef3b3dd2a013,-100
1223452360328955,ef3b3dd2a019,-102
1223452403252553,ef3b3dd2e003,-95
1223452490120114,E9BDCC7D8FE6,-78
1223452574116372,ef3b3dd2e007,-103
1223452612597053,ef3b3dd2e003,-92
1223452633259086,F80332EDA645,-93
1223452646247369,ef3b3dd2a012,-101
1223452666253569,6859b8e6126b,-80
1223452692366905,E9BDCC7D8FE6,-78
1223452705285396,ef3b3dd2e007,-97
1223452720737689,ef3b3dd2a013,-98
1223452835292909,ef3b3dd2e003,-93
1223452836360200,ef3b3dd2e007,-98
1223452894262185,E9BDCC7D8FE6,-75
1223452931996616,ef3b3dd2a013,-100
1223453039472616,ef3b3dd2e003,-93
1223453054467357,ef3b3dd2a002,-98
1223453103183612,E9BDCC7D8FE6,-76
1223453161740962,6859b8e6126b,-79
1223453189100131,ef3b3dd2a019,-96
1223453230859927,ef3b3dd2e007,-101
1223453240837220,ef3b3dd2e003,-94
1223453244271178,F80332EDA645,-102
1223453265166753,ef3b3dd2a012,-100
1223453305554935,E9BDCC7D8FE6,-77
1223453341079365,ef3b3dd2a013,-106
1223453451716199,F80332EDA645,-92
1223453474538701,ef3b3dd2a012,-97
1223453507345788,E9BDCC7D8FE6,-74
1223453597501109,ef3b3dd2a019,-95
1223453652546636,ef3b3dd2e003,-100
1223453665425647,6859b8e6126b,-76
1223453675533513,ef3b3dd2a012,-91
1223453712550131,E9BDCC7D8FE6,-75
1223453771525971,ef3b3dd2e007,-93
1223453862860980,ef3b3dd2a018,-97
1223453869808584,ef3b3dd2e003,-94
1223453893417337,ef3b3dd2e001,-102
1223454042945008,ef3b3dd2e007,-93
1223454076550220,F80332EDA645,-92
1223454118770849,E9BDCC7D8FE6,-73
1223454167954864,6859b8e6126b,-78
1223454176993823,ef3b3dd2e007,-90
1223454263799457,ef3b3dd2e003,-92
1223454282983626,ef3b3dd2a012,-96
1223454319944046,E9BDCC7D8FE6,-70
1223454365504884,ef3b3dd2a013,-103
1223454401280200,ef3b3dd2a019,-97
1223454473024582,ef3b3dd2a002,-97
1223454500697762,F80332EDA645,-91
1223454523442295,E9BDCC7D8FE6,-74
1223454582845531,ef3b3dd2e007,-100
1223454666843456,6859b8e6126b,-87
1223454683847259,ef3b3dd2a018,-87
1223454685110228,ef3b3dd2e003,-100
1223454697720334,F80332EDA645,-89
1223454714020127,ef3b3dd2e007,-97
1223454730092785,E9BDCC7D8FE6,-79
1223454839592848,ef3b3dd2e007,-98
1223454886358113,ef3b3dd2a018,-85
1223454892358686,ef3b3dd2e003,-97
1223454909626709,ef3b3dd2a012,-91
1223454937924941,E9BDCC7D8FE6,-71
1223455067411048,ef3b3dd2a005,-98
1223455093836884,ef3b3dd2a018,-89
1223455095393186,ef3b3dd2e007,-97
1223455104122562,F80332EDA645,-81
1223455122023188,ef3b3dd2e001,-102
1223455142915951,E9BDCC7D8FE6,-72
1223455159867776,ef3b3dd2a008,-101
1223455168356943,6859b8e6126b,-86
1223455272780131,ef3b3dd2a005,-96
1223455306313676,F80332EDA645,-87
1223455311254197,ef3b3dd2e003,-94
1223455329587063,ef3b3dd2e001,-100
1223455343511492,E9BDCC7D8FE6,-69
1223455426902750,ef3b3dd2a019,-78
1223455509939425,ef3b3dd2a018,-78
1223455510858279,F80332EDA645,-96
1223455537332344,ef3b3dd2a012,-97
1223455629159958,ef3b3dd2a019,-79
1223455668141784,6859b8e6126b,-79
1223455676688400,ef3b3dd2a014,-101
1223455710364445,ef3b3dd2a018,-80
1223455714472466,ef3b3dd2e003,-102
1223455838404926,ef3b3dd2a019,-80
1223455920482330,ef3b3dd2a018,-83
1223455957924886,ef3b3dd2a012,-93
1223456123607976,ef3b3dd2a018,-88
1223456131470268,ef3b3dd2e003,-101
1223456164148761,6859b8e6126b,-81
1223456165420584,E9BDCC7D8FE6,-80
1223456197338504,ef3b3dd2a013,-100
1223456241997935,ef3b3dd2a019,-90
1223456309302213,ef3b3dd2a005,-102
1223456332442424,F80332EDA645,-96
1223456368632636,E9BDCC7D8FE6,-78
1223456376419043,ef3b3dd2e001,-103
1223456532565829,ef3b3dd2a018,-85
1223456575747448,ef3b3dd2a012,-91
1223456576987500,ef3b3dd2e001,-102
1223456578165000,E9BDCC7D8FE6,-82
1223456651213132,ef3b3dd2a019,-88
1223456663286988,6859b8e6126b,-99
1223456782594500,E9BDCC7D8FE6,-81
1223456853198725,ef3b3dd2a009,-102
1223456857497840,ef3b3dd2a019,-90
1223456957386340,ef3b3dd2a018,-89
1223456986910458,E9BDCC7D8FE6,-82
1223457155873808,ef3b3dd2a018,-88
1223457164377767,6859b8e6126b,-102
1223457191036780,ef3b3dd2a012,-94
1223457192011676,E9BDCC7D8FE6,-79
1223457225014335,ef3b3dd2a013,-98
1223457250325952,ef3b3dd2a008,-97
1223457296927155,ef3b3dd2a006,-99
1223457342153982,F80332EDA645,-95
1223457363658828,ef3b3dd2a018,-84
1223457383674924,ef3b3dd2e003,-101
1223457399184144,ef3b3dd2a012,-91
1223457400121801,E9BDCC7D8FE6,-88
1223457434729825,ef3b3dd2a013,-87
1223457574992391,ef3b3dd2a018,-88
1223457664738025,ef3b3dd2a008,-101
1223457669222036,6859b8e6126b,-83
1223457670477505,ef3b3dd2e007,-96
1223457676355630,ef3b3dd2a019,-90
1223457759952774,F80332EDA645,-94
1223457799060486,E9BDCC7D8FE6,-87
1223457814553352,ef3b3dd2a012,-96
1223457878878203,ef3b3dd2a019,-88
1223457986338161,ef3b3dd2a018,-83
1223457998183631,E9BDCC7D8FE6,-79
1223458194399224,ef3b3dd2a018,-80
1223458202843391,E9BDCC7D8FE6,-80
1223458254118500,ef3b3dd2a013,-97
1223458290969181,ef3b3dd2a019,-85
1223458399040598,ef3b3dd2a018,-84
1223458425008257,ef3b3dd2a012,-96
1223458449263520,ef3b3dd2a013,-103
1223458478870762,ef3b3dd2a008,-105
1223458499586754,ef3b3dd2a019,-85
1223458579378116,F80332EDA645,-100
1223458616446662,E9BDCC7D8FE6,-79
1223458631089371,ef3b3dd2e003,-99
1223458657999061,ef3b3dd2a013,-100
1223458664779427,6859b8e6126b,-88
1223458710830473,ef3b3dd2a019,-86
1223458774273136,ef3b3dd2a005,-100
1223458777349334,F80332EDA645,-96
1223458801658972,ef3b3dd2a018,-91
1223458844635434,ef3b3dd2e003,-96
1223458905638201,ef3b3dd2a019,-90
1223459024012744,E9BDCC7D8FE6,-80
1223459054492799,ef3b3dd2e003,-100
1223459112250825,ef3b3dd2a019,-90
1223459161270674,6859b8e6126b,-88
1223459179929791,F80332EDA645,-86
1223459270012508,ef3b3dd2a013,-103
1223459416755179,ef3b3dd2a018,-102
1223459427772940,E9BDCC7D8FE6,-73
1223459577818528,ef3b3dd2a002,-98
1223459593152696,F80332EDA645,-86
1223459634521294,E9BDCC7D8FE6,-74
1223459663246453,6859b8e6126b,-77
1223459674970309,ef3b3dd2e003,-102
1223459731702450,ef3b3dd2a008,-100
1223459805701103,F80332EDA645,-93
1223459836560377,E9BDCC7D8FE6,-78
1223459848537982,ef3b3dd2a012,-98
1223459998985914,ef3b3dd2a005,-102
1223460044695293,E9BDCC7D8FE6,-80
1223460050328159,ef3b3dd2a012,-95
1223460140374730,ef3b3dd2a019,-102
1223460165067649,6859b8e6126b,-89
1223460213322341,F80332EDA645,-86
1223460252843179,E9BDCC7D8FE6,-84
1223460453890699,ef3b3dd2a012,-97
1223460456387678,E9BDCC7D8FE6,-78
1223460507705496,ef3b3dd2e003,-97
1223460629052643,F80332EDA645,-88
1223460639248165,ef3b3dd2a018,-105
1223460662505042,E9BDCC7D8FE6,-82
1223460667162907,6859b8e6126b,-87
1223460834598757,F80332EDA645,-94
1223460864515167,ef3b3dd2a012,-99
1223460866689021,E9BDCC7D8FE6,-87
1223461033004506,F80332EDA645,-88
1223461068751385,ef3b3dd2a012,-96
1223461075367792,E9BDCC7D8FE6,-80
1223461135693423,ef3b3dd2e003,-95
1223461164029780,ef3b3dd2a019,-88
1223461167706864,6859b8e6126b,-88
1223461279217343,ef3b3dd2a012,-103
1223461285361302,E9BDCC7D8FE6,-84
1223461371278238,ef3b3dd2a019,-97
1223461439708453,F80332EDA645,-85
1223461454509496,ef3b3dd2a018,-100
1223461492765542,E9BDCC7D8FE6,-74
1223461559693673,ef3b3dd2e003,-96
1223461573913258,ef3b3dd2a019,-89
1223461644564099,F80332EDA645,-91
1223461665663059,6859b8e6126b,-72
1223461701359938,E9BDCC7D8FE6,-86
1223461908911156,E9BDCC7D8FE6,-79
1223461928135012,ef3b3dd2a013,-101
1223461965610537,ef3b3dd2e003,-92
1223462052428514,F80332EDA645,-82
1223462114113833,E9BDCC7D8FE6,-80
1223462133206022,ef3b3dd2a013,-102
1223462164040192,6859b8e6126b,-80
1223462257407493,F80332EDA645,-82
1223462319172343,E9BDCC7D8FE6,-78
1223462338804064,ef3b3dd2a013,-98
1223462379108495,ef3b3dd2e003,-92
1223462459306003,F80332EDA645,-87
1223462484957984,ef3b3dd2a018,-104
1223462500533819,ef3b3dd2a012,-100
1223462522568509,E9BDCC7D8FE6,-81
1223462585925547,ef3b3dd2e003,-97
1223462589316797,ef3b3dd2a019,-99
1223462715058424,ef3b3dd2a011,-97
1223462728394207,E9BDCC7D8FE6,-76
1223462795224994,ef3b3dd2a019,-97
1223462823008435,ef3b3dd2e007,-93
1223462865545366,F80332EDA645,-86
1223462930695477,E9BDCC7D8FE6,-78
1223462955435167,ef3b3dd2e007,-100
1223462995835171,ef3b3dd2a019,-96
1223463080805804,ef3b3dd2e007,-90
1223463103082265,ef3b3dd2a018,-104
1223463135824872,E9BDCC7D8FE6,-78
1223463203888837,ef3b3dd2e003,-90
1223463212432953,ef3b3dd2e007,-92
1223463281066449,F80332EDA645,-95
1223463317672494,ef3b3dd2a012,-98
1223463341696768,E9BDCC7D8FE6,-79
1223463363790728,ef3b3dd2a013,-102
1223463463828186,ef3b3dd2e007,-98
1223463488873657,F80332EDA645,-89
1223463538871683,E9BDCC7D8FE6,-82
1223463603982315,ef3b3dd2e001,-104
1223463615112524,ef3b3dd2e003,-86
1223463662283987,6859b8e6126b,-76
1223463750522902,E9BDCC7D8FE6,-82
1223463821799836,ef3b3dd2e003,-94
1223463900483438,F80332EDA645,-86
1223464036761785,ef3b3dd2e003,-97
1223464110523771,F80332EDA645,-90
1223464124598564,ef3b3dd2a012,-99
1223464162770652,E9BDCC7D8FE6,-80
1223464165379350,6859b8e6126b,-79
1223464182676383,ef3b3dd2a013,-100
1223464315948531,F80332EDA645,-96
1223464349270514,ef3b3dd2a018,-98
1223464391201351,ef3b3dd2e007,-91
1223464426976563,ef3b3dd2a019,-93
1223464507323290,ef3b3dd2a005,-101
1223464522956000,ef3b3dd2e007,-96
1223464559015847,ef3b3dd2a018,-98
1223464571484911,E9BDCC7D8FE6,-78
1223464632613146,ef3b3dd2a019,-97
1223464660717212,ef3b3dd2e003,-93
1223464661805910,ef3b3dd2e007,-97
1223464668399139,6859b8e6126b,-71
1223464725388885,F80332EDA645,-93
1223464778662796,E9BDCC7D8FE6,-90
1223464803395924,ef3b3dd2a013,-100
1223464981112452,E9BDCC7D8FE6,-84
1223465066337356,ef3b3dd2e003,-88
1223465134934811,ef3b3dd2a002,-102
1223465140970072,ef3b3dd2a012,-100
1223465144554916,F80332EDA645,-101
1223465163049866,6859b8e6126b,-71
1223465183141170,E9BDCC7D8FE6,-92
1223465344495144,ef3b3dd2a012,-101
1223465486508127,ef3b3dd2e003,-93
1223465550577665,F80332EDA645,-100
1223465592086054,E9BDCC7D8FE6,-93
1223465661390436,6859b8e6126b,-75
1223465753634560,F80332EDA645,-86
1223465826043161,ef3b3dd2a013,-103
1223465897886970,ef3b3dd2e003,-88
1223465961992550,F80332EDA645,-95
1223465973045259,ef3b3dd2e007,-94
1223466100113605,ef3b3dd2e003,-94
1223466161722309,6859b8e6126b,-84
1223466171967831,ef3b3dd2a012,-102
1223466209592626,E9BDCC7D8FE6,-85
1223466223165596,ef3b3dd2a018,-93
1223466282773884,ef3b3dd2a019,-96
1223466312919668,ef3b3dd2e003,-98
1223466375979414,F80332EDA645,-89
1223466429666138,ef3b3dd2a018,-94
1223466576987038,F80332EDA645,-90
1223466634950221,ef3b3dd2e007,-98
1223466665004078,6859b8e6126b,-74
1223466762822056,ef3b3dd2e007,-98
1223466816182739,E9BDCC7D8FE6,-105
1223466903186081,ef3b3dd2e007,-101
1223466937019990,ef3b3dd2e003,-96
1223466993300881,F80332EDA645,-99
1223467103423236,ef3b3dd2a019,-96
1223467163161471,6859b8e6126b,-71
1223467182310015,ef3b3dd2e007,-98
1223467223114498,E9BDCC7D8FE6,-87
1223467425189102,E9BDCC7D8FE6,-90
1223467471321502,ef3b3dd2a018,-94
1223467512367235,ef3b3dd2a019,-103
1223467630555216,E9BDCC7D8FE6,-90
1223467724661319,ef3b3dd2a019,-101
1223467830349038,E9BDCC7D8FE6,-100
1223467848637112,ef3b3dd2e007,-96
1223468040175673,E9BDCC7D8FE6,-99
1223468249361163,E9BDCC7D8FE6,-92
1223468308959554,ef3b3dd2a018,-99
1223468374982321,ef3b3dd2a008,-105
1223468437448890,F80332EDA645,-101
1223468513323533,ef3b3dd2a018,-100
1223468668783652,6859b8e6126b,-76
1223468972195714,ef3b3dd2a019,-104
1223469125400260,ef3b3dd2a018,-96
1223469166757192,6859b8e6126b,-81
1223469178472193,ef3b3dd2a019,-103
1223469383513620,ef3b3dd2a019,-104
1223469465122378,F80332EDA645,-97
1223469529905092,ef3b3dd2a018,-90
1223469593103432,ef3b3dd2a019,-98
1223469665297189,6859b8e6126b,-91
1223469669153960,F80332EDA645,-97
1223469847126999,ef3b3dd2a012,-102
1223469887093774,E9BDCC7D8FE6,-98
1223470196262294,ef3b3dd2a019,-98
1223470501470189,E9BDCC7D8FE6,-87
1223470874766060,ef3b3dd2a012,-98
1223470913607209,E9BDCC7D8FE6,-91
1223471010188834,ef3b3dd2a019,-99
1223471016291178,ef3b3dd2e007,-102
1223471072103267,ef3b3dd2e003,-103
1223471121651136,E9BDCC7D8FE6,-86
1223471132951658,ef3b3dd2a011,-102
1223471137069628,ef3b3dd2a013,-103
1223471214187396,ef3b3dd2a019,-96
1223471326976365,E9BDCC7D8FE6,-83
1223471347435326,ef3b3dd2a018,-96
1223471474612995,ef3b3dd2e003,-102
1223471660814419,6859b8e6126b,-85
1223471742024532,E9BDCC7D8FE6,-82
1223471828989749,ef3b3dd2a019,-96
1223471944980802,ef3b3dd2e007,-98
1223471956177105,E9BDCC7D8FE6,-81
1223472161608844,6859b8e6126b,-92
1223472305272244,ef3b3dd2a012,-104
1223472340689227,F80332EDA645,-93
1223472662293425,6859b8e6126b,-92
1223472720340514,ef3b3dd2a012,-99
1223472969759862,E9BDCC7D8FE6,-83
1223473057537579,ef3b3dd2a019,-102
1223473160610090,6859b8e6126b,-81
1223473172042591,E9BDCC7D8FE6,-87
1223473328001773,ef3b3dd2a005,-103
1223473340304326,ef3b3dd2e003,-98
1223473377208757,E9BDCC7D8FE6,-84
1223473574743464,F80332EDA645,-104
1223473578090339,E9BDCC7D8FE6,-86
1223473661291702,6859b8e6126b,-84
1223473681180402,ef3b3dd2a019,-90
1223473738310199,ef3b3dd2a012,-104
1223473885707193,ef3b3dd2a019,-100
1223473985543453,E9BDCC7D8FE6,-82
1223474048989293,ef3b3dd2e001,-102
1223474089044661,ef3b3dd2a019,-94
1223474159954981,6859b8e6126b,-87
1223474253517073,ef3b3dd2e001,-106
1223474368204793,ef3b3dd2a012,-96
1223474394515942,F80332EDA645,-101
1223474395424223,E9BDCC7D8FE6,-88
1223474409274276,ef3b3dd2a018,-99
1223474501515952,ef3b3dd2a008,-105
1223474603663931,E9BDCC7D8FE6,-90
1223474605318306,ef3b3dd2e003,-99
1223474608779140,ef3b3dd2a018,-104
1223474663498156,6859b8e6126b,-85
1223474764510301,ef3b3dd2a012,-103
1223474803784889,E9BDCC7D8FE6,-83
1223474972038655,ef3b3dd2a005,-99
1223475009784128,F80332EDA645,-94
1223475013465118,E9BDCC7D8FE6,-72
1223475028493296,ef3b3dd2a013,-101
1223475116029347,ef3b3dd2a019,-95
1223475125477160,ef3b3dd2a014,-102
1223475166426539,ef3b3dd2a012,-90
1223475178042478,ef3b3dd2a005,-96
1223475207335918,F80332EDA645,-91
1223475219885138,E9BDCC7D8FE6,-77
1223475324114263,ef3b3dd2a019,-90
1223475373215362,ef3b3dd2a012,-98
1223475422749534,ef3b3dd2a018,-86
1223475427758388,E9BDCC7D8FE6,-71
1223475428967399,ef3b3dd2e003,-96
1223475496856416,ef3b3dd2e001,-101
1223475523103450,ef3b3dd2a019,-90
1223475574052570,ef3b3dd2a012,-94
1223475585610123,ef3b3dd2a005,-102
1223475625343512,F80332EDA645,-92
1223475626562366,ef3b3dd2a018,-95
1223475632883721,E9BDCC7D8FE6,-71
1223475697751176,ef3b3dd2e001,-102
1223475721635136,ef3b3dd2a008,-106
1223475731947689,ef3b3dd2a019,-93
1223475779745403,ef3b3dd2a012,-100
1223475853392962,ef3b3dd2a013,-92
1223475940092919,ef3b3dd2a019,-99
1223475988866048,ef3b3dd2a012,-88
1223476037428345,ef3b3dd2a018,-82
1223476044046991,E9BDCC7D8FE6,-74
1223476065340327,ef3b3dd2e003,-102
1223476145986793,ef3b3dd2a019,-86
1223476166127837,6859b8e6126b,-86
1223476192865131,ef3b3dd2a012,-88
1223476213317737,ef3b3dd2a002,-105
1223476237220604,F80332EDA645,-87
1223476245672011,ef3b3dd2a018,-82
1223476256601023,E9BDCC7D8FE6,-75
1223476271389722,ef3b3dd2a013,-88
1223476274078525,ef3b3dd2e003,-93
1223476351110720,ef3b3dd2a019,-82
1223476475669118,ef3b3dd2a013,-100
1223476553568448,ef3b3dd2a019,-84
1223476562417408,ef3b3dd2a014,-104
1223476590400640,ef3b3dd2a006,-101
1223476593249338,ef3b3dd2a015,-102
1223476661064709,E9BDCC7D8FE6,-74
1223476689065181,ef3b3dd2a013,-97
1223476757167844,ef3b3dd2a019,-87
1223476802912952,ef3b3dd2a012,-92
1223476806072536,ef3b3dd2a005,-102
1223476859268531,E9BDCC7D8FE6,-77
1223476861790667,ef3b3dd2a018,-83
1223476895709889,ef3b3dd2a013,-96
1223476959385260,ef3b3dd2a019,-90
1223477061781884,E9BDCC7D8FE6,-90
1223477063403082,ef3b3dd2a018,-82
1223477092023710,ef3b3dd2e007,-93
1223477099626784,ef3b3dd2a013,-92
1223477111635587,ef3b3dd2e003,-97
1223477162329186,6859b8e6126b,-93
1223477303323158,ef3b3dd2a013,-100
1223477325950036,ef3b3dd2e003,-95
1223477627001524,ef3b3dd2a012,-98
1223477664132465,6859b8e6126b,-86
1223477678830852,F80332EDA645,-92
1223477787429144,ef3b3dd2e001,-104
1223477795695760,ef3b3dd2a014,-103
1223477879256810,E9BDCC7D8FE6,-89
1223478254510701,ef3b3dd2a005,-100
1223478294553518,E9BDCC7D8FE6,-76
1223478458036242,ef3b3dd2a005,-100
1223478493995881,F80332EDA645,-87
1223478498467653,E9BDCC7D8FE6,-73
1223478578940577,ef3b3dd2e003,-104
1223478597831777,ef3b3dd2a019,-100
1223478663097617,ef3b3dd2a005,-96
1223478663886054,6859b8e6126b,-73
1223478698742725,ef3b3dd2a018,-96
1223478704027308,E9BDCC7D8FE6,-72
1223478903099307,E9BDCC7D8FE6,-72
1223478993298275,ef3b3dd2e003,-90
1223479108096620,E9BDCC7D8FE6,-78
1223479119899121,ef3b3dd2a018,-95
1223479160560948,6859b8e6126b,-82
1223479199279910,ef3b3dd2e003,-92
1223479216413193,ef3b3dd2a019,-98
1223479319044922,E9BDCC7D8FE6,-81
1223479320865391,ef3b3dd2a018,-98
1223479415212379,ef3b3dd2e003,-88
1223479456046602,ef3b3dd2a015,-103
1223479513904316,F80332EDA645,-84
1223479519284213,E9BDCC7D8FE6,-84
1223479524133953,ef3b3dd2a018,-102
1223479664626883,6859b8e6126b,-85
1223479698866626,ef3b3dd2a002,-101
1223479724634129,E9BDCC7D8FE6,-84
1223479928565295,E9BDCC7D8FE6,-90
1223480047206765,ef3b3dd2e003,-95
1223480138258024,E9BDCC7D8FE6,-84
1223480168498548,6859b8e6126b,-80
1223480234771107,ef3b3dd2a019,-94
1223480337828409,F80332EDA645,-89
1223480431798626,ef3b3dd2a019,-96
1223480481120298,ef3b3dd2a012,-99
1223480544162231,E9BDCC7D8FE6,-85
1223480665791931,6859b8e6126b,-76
1223480669505317,ef3b3dd2e003,-96
1223480744053918,F80332EDA645,-90
1223480884570390,ef3b3dd2e003,-93
1223480891258672,ef3b3dd2a012,-100
1223480947032115,F80332EDA645,-84
1223480959143679,ef3b3dd2a018,-103
1223481049485042,ef3b3dd2a019,-94
1223481145740208,F80332EDA645,-82
1223481151792396,E9BDCC7D8FE6,-93
1223481159774011,6859b8e6126b,-75
1223481250248343,ef3b3dd2a019,-101
1223481351712937,F80332EDA645,-86
1223481355506427,E9BDCC7D8FE6,-90
1223481506637588,ef3b3dd2e003,-90
1223481563265041,E9BDCC7D8FE6,-83
1223481663575468,6859b8e6126b,-76
1223481763490478,F80332EDA645,-84
1223481771961364,E9BDCC7D8FE6,-83
1223481817582827,ef3b3dd2a011,-103
1223481930507786,ef3b3dd2e003,-100
1223481981883833,E9BDCC7D8FE6,-83
1223482161974684,6859b8e6126b,-73
1223482191641562,E9BDCC7D8FE6,-81
1223482540083576,ef3b3dd2e003,-89
1223482602400926,E9BDCC7D8FE6,-85
1223482746892295,ef3b3dd2e003,-85
1223482787170424,F80332EDA645,-89
1223482807294853,ef3b3dd2a018,-101
1223482811781155,E9BDCC7D8FE6,-86
1223482885216110,ef3b3dd2a019,-99
1223482951883096,ef3b3dd2e003,-91
1223482997189976,F80332EDA645,-97
1223483018476697,E9BDCC7D8FE6,-84
1223483089154985,ef3b3dd2a019,-98
1223483152629731,ef3b3dd2e003,-92
1223483161834575,6859b8e6126b,-74
1223483206715413,ef3b3dd2a013,-96
1223483298077818,ef3b3dd2a019,-100
1223483424424341,E9BDCC7D8FE6,-85
1223483506053933,ef3b3dd2a019,-98
1223483585200503,ef3b3dd2e003,-91
1223483618246600,F80332EDA645,-92
1223483624417069,ef3b3dd2a018,-96
1223483627747434,E9BDCC7D8FE6,-88
1223483668433793,6859b8e6126b,-74
1223483705880619,ef3b3dd2a019,-98
1223483777746303,ef3b3dd2a012,-100
1223483791283388,ef3b3dd2e003,-87
1223483838194955,E9BDCC7D8FE6,-85
1223484036575548,ef3b3dd2a018,-95
1223484047921018,E9BDCC7D8FE6,-89
1223484112654931,ef3b3dd2a019,-102
1223484159324883,6859b8e6126b,-73
1223484202919471,ef3b3dd2e003,-88
1223484228009109,F80332EDA645,-95
1223484246214475,E9BDCC7D8FE6,-85
1223484619681335,ef3b3dd2e003,-87
1223484632734462,ef3b3dd2a013,-100
1223484656618526,E9BDCC7D8FE6,-84
1223484657587589,6859b8e6126b,-76
1223484735603013,ef3b3dd2a019,-95
1223484821764689,ef3b3dd2e003,-86
1223484829320314,ef3b3dd2e007,-99
1223485004902832,ef3b3dd2a012,-101
1223485046819451,F80332EDA645,-90
1223485054270962,ef3b3dd2a018,-104
1223485159045191,6859b8e6126b,-74
1223485254090669,F80332EDA645,-93
1223485280696245,E9BDCC7D8FE6,-90
1223485431536989,ef3b3dd2a002,-100
1223485460104284,F80332EDA645,-100
1223485535961843,ef3b3dd2a019,-104
1223485656610918,ef3b3dd2e003,-96
1223485663672898,6859b8e6126b,-74
1223485677714878,ef3b3dd2a018,-100
1223485678674462,E9BDCC7D8FE6,-87
1223485762734470,ef3b3dd2a011,-104
1223485873248596,F80332EDA645,-100
1223485874923492,ef3b3dd2a018,-102
1223486028784236,ef3b3dd2a012,-107
1223486077361272,ef3b3dd2e003,-99
1223486081273356,ef3b3dd2a018,-97
1223486084381273,E9BDCC7D8FE6,-89
1223486169331333,6859b8e6126b,-78
1223486250374935,ef3b3dd2a002,-100
1223486268269052,ef3b3dd2a013,-107
1223486358911821,ef3b3dd2a019,-96
1223486487842719,ef3b3dd2a018,-100
1223486497012668,F80332EDA645,-91
1223486501089908,ef3b3dd2e003,-93
1223486663403101,6859b8e6126b,-76
1223486907299271,E9BDCC7D8FE6,-85
1223486916453127,F80332EDA645,-99
1223486922912450,ef3b3dd2e003,-102
1223487048472619,ef3b3dd2a012,-102
1223487108152937,E9BDCC7D8FE6,-88
1223487109848823,ef3b3dd2a018,-97
1223487120923303,ef3b3dd2e003,-90
1223487125243199,F80332EDA645,-96
1223487159725755,6859b8e6126b,-75
1223487176744350,ef3b3dd2a019,-98
1223487258628369,ef3b3dd2a008,-104
1223487313575562,E9BDCC7D8FE6,-91
1223487324163740,ef3b3dd2e003,-93
1223487327406292,F80332EDA645,-93
1223487398385727,ef3b3dd2e007,-100
1223487514154957,E9BDCC7D8FE6,-86
1223487585581058,ef3b3dd2a019,-96
1223487660569919,6859b8e6126b,-77
1223487728882635,F80332EDA645,-90
1223487792442849,ef3b3dd2a019,-97
1223487995507140,ef3b3dd2a019,-96
1223488137530332,F80332EDA645,-94
1223488148685124,ef3b3dd2e003,-97
1223488168337991,6859b8e6126b,-74
1223488196789817,ef3b3dd2a019,-98
1223488346061811,E9BDCC7D8FE6,-94
1223488364304052,ef3b3dd2e003,-101
1223488546081883,F80332EDA645,-86
1223488554955373,ef3b3dd2a018,-101
1223488666782520,6859b8e6126b,-78
1223488748030965,F80332EDA645,-93
1223488925916973,ef3b3dd2a013,-100
1223488965424841,E9BDCC7D8FE6,-92
1223488976429998,ef3b3dd2a018,-91
1223488985074218,ef3b3dd2e003,-100
1223489104591886,ef3b3dd2a012,-95
1223489166315486,6859b8e6126b,-90
1223489167902882,E9BDCC7D8FE6,-93
1223489215485803,ef3b3dd2a019,-97
1223489362610766,F80332EDA645,-92
1223489377445872,E9BDCC7D8FE6,-83
1223489407480302,ef3b3dd2e003,-101
1223489565713599,F80332EDA645,-90
1223489585607247,ef3b3dd2a018,-100
1223489615424697,ef3b3dd2e003,-95
1223489659204910,6859b8e6126b,-90
1223489716837676,ef3b3dd2a012,-97
1223489764455337,F80332EDA645,-89
1223489835746594,ef3b3dd2a019,-92
1223489919865249,ef3b3dd2a012,-95
1223489983143536,ef3b3dd2e007,-100
1223489992158485,E9BDCC7D8FE6,-81
1223490040925938,ef3b3dd2a019,-94
1223490161767304,6859b8e6126b,-88
1223490405923526,ef3b3dd2a018,-99
1223490590163232,F80332EDA645,-95
1223490595380837,E9BDCC7D8FE6,-84
1223490659655114,6859b8e6126b,-84
1223490755169134,ef3b3dd2a013,-102
1223490862049093,ef3b3dd2e003,-104
1223490947009049,ef3b3dd2a012,-96
1223491009904420,E9BDCC7D8FE6,-80
1223491156179903,ef3b3dd2a012,-98
1223491183613916,ef3b3dd2a005,-102
1223491215834961,E9BDCC7D8FE6,-81
1223491476316445,ef3b3dd2a019,-99
1223491477485508,ef3b3dd2e003,-97
1223491600588489,ef3b3dd2a005,-96
1223491625943544,E9BDCC7D8FE6,-81
1223491664232454,6859b8e6126b,-82
1223491679000945,ef3b3dd2e003,-99
1223491833218460,E9BDCC7D8FE6,-84
1223491992488216,ef3b3dd2a013,-96
1223492034547699,E9BDCC7D8FE6,-88
1223492084206454,ef3b3dd2a019,-91
1223492159698909,6859b8e6126b,-85
1223492445336646,E9BDCC7D8FE6,-89
1223492656411667,E9BDCC7D8FE6,-85
1223492664648908,6859b8e6126b,-90
1223492855059135,E9BDCC7D8FE6,-87
1223492882920231,ef3b3dd2a018,-98
1223492901235441,ef3b3dd2a019,-100
1223493064979885,E9BDCC7D8FE6,-83
1223493083458064,ef3b3dd2a018,-102
1223493168582551,6859b8e6126b,-95
1223493217494796,ef3b3dd2a013,-94
1223493472104665,E9BDCC7D8FE6,-78
1223493509367221,ef3b3dd2a019,-101
1223493545295454,ef3b3dd2e003,-101
1223493593610615,ef3b3dd2a012,-98
1223493650811037,F80332EDA645,-102
1223493674151300,E9BDCC7D8FE6,-80
1223493696393177,ef3b3dd2a018,-96
1223493711582606,ef3b3dd2a019,-103
1223493798330687,ef3b3dd2e001,-104
1223493848133296,F80332EDA645,-97
1223493879722466,E9BDCC7D8FE6,-78
1223494006681958,ef3b3dd2a012,-100
1223494122659574,ef3b3dd2a019,-86
1223494249040367,ef3b3dd2a013,-98
1223494262931983,F80332EDA645,-91
1223494313447770,ef3b3dd2a018,-89
1223494413059290,ef3b3dd2a012,-90
1223494480549401,ef3b3dd2a005,-100
1223494518663623,ef3b3dd2a018,-87
1223494533196229,ef3b3dd2a019,-90
1223494617246810,ef3b3dd2a014,-98
1223494674348535,F80332EDA645,-94
1223494688042182,ef3b3dd2a005,-102
1223494817194330,ef3b3dd2a012,-96
1223494819945528,ef3b3dd2a014,-104
1223494898160536,ef3b3dd2a005,-98
1223494902491474,E9BDCC7D8FE6,-74
1223494942007936,ef3b3dd2a019,-91
1223494998570078,ef3b3dd2a011,-102
1223495000684713,ef3b3dd2e003,-96
1223495018206121,ef3b3dd2a012,-95
1223495055775448,ef3b3dd2e001,-100
1223495059723573,ef3b3dd2a006,-103
1223495086429149,F80332EDA645,-97
1223495095096337,ef3b3dd2a005,-102
1223495103001755,E9BDCC7D8FE6,-83
1223495124898788,ef3b3dd2a018,-83
1223495141391446,ef3b3dd2a019,-90
1223495142449519,ef3b3dd2e007,-97
1223495210928172,ef3b3dd2e003,-98
1223495222183902,ef3b3dd2a012,-90
1223495261763854,ef3b3dd2a002,-102
1223495279087241,ef3b3dd2a013,-91
1223495285907450,ef3b3dd2a015,-101
1223495286934846,F80332EDA645,-98
1223495327718392,ef3b3dd2a018,-82
1223495474957104,ef3b3dd2a008,-97
1223495480354032,ef3b3dd2a006,-108
1223495485100699,ef3b3dd2a013,-92
1223495493173096,F80332EDA645,-100
1223495546723153,ef3b3dd2a019,-88
1223495628185401,ef3b3dd2a012,-91
1223495642948579,ef3b3dd2a014,-103
1223495687483011,ef3b3dd2a013,-103
1223495708235461,ef3b3dd2a005,-101
1223495715333430,E9BDCC7D8FE6,-87
1223495756412549,ef3b3dd2a019,-88
1223495889191260,ef3b3dd2a013,-102
1223495898318813,F80332EDA645,-100
1223495922621940,E9BDCC7D8FE6,-88
1223496039657525,ef3b3dd2a012,-87
1223496093861489,ef3b3dd2a013,-102
1223496106319250,F80332EDA645,-93
1223496131482586,E9BDCC7D8FE6,-84
1223496142504827,ef3b3dd2a018,-82
1223496308552812,ef3b3dd2a015,-102
1223496457643348,ef3b3dd2a016,-104
1223496507704603,ef3b3dd2a013,-97
1223496537741585,E9BDCC7D8FE6,-80
1223496546364294,ef3b3dd2a018,-82
1223496579412110,ef3b3dd2a019,-85
1223496658550607,6859b8e6126b,-77
1223496718454572,F80332EDA645,-94
1223496743162908,E9BDCC7D8FE6,-82
1223496908241153,ef3b3dd2a013,-102
1223496915141154,ef3b3dd2a008,-105
1223496943481573,E9BDCC7D8FE6,-81
1223496946300636,ef3b3dd2a018,-92
1223496981007358,ef3b3dd2a019,-89
1223497083584608,ef3b3dd2e003,-93
1223497120163778,ef3b3dd2a002,-98
1223497163341283,6859b8e6126b,-80
1223497186629566,ef3b3dd2a019,-84
1223497356332292,E9BDCC7D8FE6,-73
1223497363060105,ef3b3dd2a018,-90
1223497546234654,ef3b3dd2a005,-104
1223497548071269,F80332EDA645,-91
1223497556484395,E9BDCC7D8FE6,-82
1223497567648563,ef3b3dd2a018,-82
1223497598002941,ef3b3dd2a019,-83
1223497680366230,ef3b3dd2a012,-105
1223497715374723,ef3b3dd2e007,-90
1223497749595977,F80332EDA645,-89
1223497760765457,E9BDCC7D8FE6,-77
1223497811524629,ef3b3dd2a019,-92
1223497881203333,ef3b3dd2a012,-92
1223497956953081,ef3b3dd2a005,-98
1223497962935842,F80332EDA645,-88
1223497969839696,E9BDCC7D8FE6,-86
1223497979049541,ef3b3dd2a018,-87
1223498080498562,E7B2D23D89EC,-105
1223498137814609,ef3b3dd2a002,-102
1223498173187633,6859b8e6126b,-82
1223498174789509,E9BDCC7D8FE6,-72
1223498181447217,ef3b3dd2a018,-92
1223498211222273,ef3b3dd2a019,-88
1223498381691769,E9BDCC7D8FE6,-74
1223498394289739,ef3b3dd2a018,-86
1223498548241160,ef3b3dd2a013,-94
1223498596167103,ef3b3dd2a018,-89
1223498711394874,ef3b3dd2a014,-103
1223498714053416,ef3b3dd2a011,-101
1223498771935662,ef3b3dd2a006,-100
1223498800008790,E9BDCC7D8FE6,-77
1223498826362959,ef3b3dd2a019,-88
1223498907618696,ef3b3dd2a011,-102
1223498911110780,ef3b3dd2a012,-97
1223498980753183,F80332EDA645,-102
1223499004066518,E9BDCC7D8FE6,-81
1223499039466938,ef3b3dd2a019,-99
1223499115541061,ef3b3dd2a012,-93
1223499189253464,F80332EDA645,-97
1223499212397685,E9BDCC7D8FE6,-73
1223499214181800,ef3b3dd2a018,-96
1223499224059873,ef3b3dd2e001,-102
1223499325173529,ef3b3dd2a012,-88
1223499412981351,E9BDCC7D8FE6,-85
1223499418058070,ef3b3dd2a018,-90
1223499442518124,ef3b3dd2a019,-91
1223499529050529,ef3b3dd2a012,-86
1223499568497981,ef3b3dd2a013,-100
1223499569770950,ef3b3dd2e003,-101
1223499614192569,E9BDCC7D8FE6,-76
1223499795786180,F80332EDA645,-99
1223499820382277,E9BDCC7D8FE6,-82
1223499938608122,ef3b3dd2a012,-100
1223500143929184,ef3b3dd2a012,-97
1223500229260338,E9BDCC7D8FE6,-79
1223500253232007,ef3b3dd2a019,-94
1223500271006853,ef3b3dd2e001,-104
1223500300507585,ef3b3dd2e007,-99
1223500345034100,ef3b3dd2a012,-95
1223500385041812,ef3b3dd2a013,-92
1223500399655876,F80332EDA645,-101
1223500403379262,ef3b3dd2e003,-96
1223500416163013,ef3b3dd2a008,-100
1223500434400463,E9BDCC7D8FE6,-79
1223500642738609,E9BDCC7D8FE6,-81
1223500662522517,ef3b3dd2a019,-93
1223500668005799,6859b8e6126b,-87
1223500839232951,ef3b3dd2a005,-97
1223500847023785,ef3b3dd2a018,-102
1223500851517067,E9BDCC7D8FE6,-82
1223500964330984,ef3b3dd2a012,-98
1223500996653644,ef3b3dd2a002,-99
1223501075564225,ef3b3dd2a019,-95
1223501159522879,6859b8e6126b,-81
1223501204828092,ef3b3dd2a013,-96
1223501246944398,ef3b3dd2e003,-94
1223501260403618,E9BDCC7D8FE6,-84
1223501462773794,E9BDCC7D8FE6,-88
1223501636029280,F80332EDA645,-98
1223501665478971,ef3b3dd2a018,-101
1223501669720690,E9BDCC7D8FE6,-79
1223501839624926,F80332EDA645,-97
1223501892032795,ef3b3dd2a019,-96
1223501978391294,ef3b3dd2a012,-95
1223502040166873,F80332EDA645,-96
1223502081412346,E9BDCC7D8FE6,-86
1223502241659914,F80332EDA645,-97
1223502268299239,ef3b3dd2a005,-100
1223502287280022,E9BDCC7D8FE6,-84
1223502298883982,ef3b3dd2a019,-100
1223502489173063,E9BDCC7D8FE6,-85
1223502503075304,ef3b3dd2a019,-96
1223502508305826,ef3b3dd2e003,-99
1223502648549798,ef3b3dd2a015,-98
1223502649528340,F80332EDA645,-96
1223502664055216,6859b8e6126b,-89
1223502695050271,E9BDCC7D8FE6,-87
1223502897029146,E9BDCC7D8FE6,-90
1223502905057844,ef3b3dd2a018,-95
1223502920539044,ef3b3dd2a019,-93
1223503018536501,ef3b3dd2a012,-93
1223503096813176,ef3b3dd2a005,-98
1223503103824218,E9BDCC7D8FE6,-86
1223503167531412,6859b8e6126b,-89
1223503321061271,ef3b3dd2a018,-102
1223503467331077,F80332EDA645,-90
1223503513340353,E9BDCC7D8FE6,-84
1223503663262868,6859b8e6126b,-80
1223503669871306,F80332EDA645,-87
1223503736011052,ef3b3dd2a019,-99
1223503740147250,ef3b3dd2a018,-91
1223503766328816,ef3b3dd2e003,-98
1223503875202628,F80332EDA645,-86
1223504079817128,F80332EDA645,-96
1223504247136936,ef3b3dd2a012,-93
1223504327015382,E9BDCC7D8FE6,-93
1223504356411322,ef3b3dd2a019,-96
1223504365974500,ef3b3dd2a018,-88
1223504438312580,ef3b3dd2e001,-98
1223504490730971,F80332EDA645,-96
1223504569256552,ef3b3dd2a019,-97
1223504648767028,ef3b3dd2e001,-106
1223504668616405,6859b8e6126b,-91
1223504694607189,F80332EDA645,-91
1223504942831849,E9BDCC7D8FE6,-90
1223504983633937,ef3b3dd2a018,-93
1223505161334371,6859b8e6126b,-77
1223505193473958,ef3b3dd2a018,-96
1223505307210584,F80332EDA645,-101
1223505355078818,E9BDCC7D8FE6,-97
1223505659024369,6859b8e6126b,-76
1223505716643176,F80332EDA645,-94
1223505768195734,E9BDCC7D8FE6,-95
1223505814102145,ef3b3dd2a018,-98
1223505918571790,F80332EDA645,-92
1223505969827108,E9BDCC7D8FE6,-98
1223506025777947,ef3b3dd2a018,-97
1223506095912485,ef3b3dd2a013,-98
1223506122057852,F80332EDA645,-98
1223506160601867,6859b8e6126b,-76
1223506331259956,F80332EDA645,-102
1223506378286784,E9BDCC7D8FE6,-91
1223506409195329,ef3b3dd2a019,-101
1223506540091800,F80332EDA645,-90
1223506579282585,E9BDCC7D8FE6,-103
1223506660893635,6859b8e6126b,-78
1223506830591621,ef3b3dd2a019,-100
1223506838440163,ef3b3dd2a018,-96
1223507154104778,F80332EDA645,-96
1223507169749363,6859b8e6126b,-75
1223507184257698,E9BDCC7D8FE6,-102
1223507241272912,ef3b3dd2a019,-98
1223507248711662,ef3b3dd2a018,-95
1223507315215784,ef3b3dd2e003,-100
1223507337371046,ef3b3dd2a013,-102
1223507368244487,ef3b3dd2a006,-105
1223507444879547,ef3b3dd2a019,-98
1223507551864661,F80332EDA645,-95
1223507592592270,E9BDCC7D8FE6,-93
1223507648821442,ef3b3dd2a019,-95
1223507666075558,6859b8e6126b,-77
1223507740648066,ef3b3dd2e003,-101
1223507760503901,F80332EDA645,-88
1223507793068487,E9BDCC7D8FE6,-100
1223507855465317,ef3b3dd2a019,-98
1223507872697298,ef3b3dd2a018,-95
1223507907318030,ef3b3dd2a011,-100
1223507940815794,ef3b3dd2a012,-104
1223507956038139,ef3b3dd2e003,-99
1223507967537255,F80332EDA645,-90
1223507996596685,E9BDCC7D8FE6,-100
1223508025645021,ef3b3dd2e007,-94
1223508064930702,ef3b3dd2a019,-105
1223508074577943,ef3b3dd2a018,-98
1223508143573366,ef3b3dd2a013,-102
1223508167304098,6859b8e6126b,-80
1223508272258223,ef3b3dd2a019,-102
1223508277714838,ef3b3dd2a018,-103
1223508345524011,ef3b3dd2a013,-99
1223508353302710,ef3b3dd2a012,-98
1223508368096618,ef3b3dd2e003,-94
1223508375730212,F80332EDA645,-86
1223508406493392,E9BDCC7D8FE6,-99
1223508472981159,ef3b3dd2a019,-101
1223508483637463,ef3b3dd2a018,-98
1223508574782367,ef3b3dd2e003,-91
1223508577362368,F80332EDA645,-97
1223508607831798,E9BDCC7D8FE6,-84
1223508617207788,ef3b3dd2a002,-103
1223508658743053,6859b8e6126b,-76
1223508677277846,ef3b3dd2a019,-96
1223508687437639,ef3b3dd2a018,-94
1223508763104261,ef3b3dd2a012,-99
1223508777965461,ef3b3dd2e003,-89
1223508782573951,F80332EDA645,-86
1223508809764370,E9BDCC7D8FE6,-85
1223508992476211,F80332EDA645,-84
1223509099514191,ef3b3dd2a018,-96
1223509159813259,6859b8e6126b,-74
1223509176484094,ef3b3dd2a013,-103
1223509189459616,ef3b3dd2e003,-89
1223509198155502,F80332EDA645,-88
1223509229382172,E9BDCC7D8FE6,-82
1223509355991977,ef3b3dd2a011,-102
1223509374814843,ef3b3dd2a012,-99
1223509382990833,ef3b3dd2a013,-101
1223509395009168,ef3b3dd2e003,-90
1223509407738284,F80332EDA645,-88
1223509430400213,E9BDCC7D8FE6,-82
1223509506346887,ef3b3dd2a019,-92
1223509582542260,ef3b3dd2a012,-101
1223509612719085,F80332EDA645,-82
1223509631931223,E9BDCC7D8FE6,-82
1223509664580757,6859b8e6126b,-73
1223509715323627,ef3b3dd2a019,-93
1223509720785034,ef3b3dd2a018,-97
1223509821882596,ef3b3dd2a008,-105
1223509827043638,F80332EDA645,-82
1223509838493535,ef3b3dd2a002,-101
1223509923287918,ef3b3dd2a019,-96
1223509933029169,ef3b3dd2a018,-98
1223510042826628,E9BDCC7D8FE6,-80
1223510119296740,ef3b3dd2a019,-91
1223510161416692,6859b8e6126b,-74
1223510200544092,ef3b3dd2a012,-101
1223510235748314,ef3b3dd2e003,-85
1223510248755607,E9BDCC7D8FE6,-100
1223510373656713,ef3b3dd2a011,-96
1223510434812136,F80332EDA645,-85
1223510437875261,ef3b3dd2a008,-102
1223510448659950,E9BDCC7D8FE6,-81
1223510597441892,ef3b3dd2e007,-97
1223510631977364,F80332EDA645,-82
1223510657129294,E9BDCC7D8FE6,-79
1223510659867940,ef3b3dd2e003,-88
1223510661251065,6859b8e6126b,-75
1223510832552124,F80332EDA645,-75
1223510875103482,ef3b3dd2e003,-82
1223510926102654,ef3b3dd2a019,-96
1223510963330262,ef3b3dd2a018,-96
1223511042332509,F80332EDA645,-83
1223511162560177,6859b8e6126b,-72
1223511262338208,E9BDCC7D8FE6,-77
1223511333046965,ef3b3dd2a019,-97
1223511359635718,ef3b3dd2a009,-100
1223511393309888,ef3b3dd2a011,-97
1223511416103744,E7B2D23D89EC,-103
1223511435551455,ef3b3dd2a012,-98
1223511451803696,F80332EDA645,-89
1223511462376666,E9BDCC7D8FE6,-78
1223511644044496,ef3b3dd2a012,-102
1223511650524757,ef3b3dd2a013,-99
1223511658901893,6859b8e6126b,-82
1223511660721946,F80332EDA645,-81
1223511668149655,E9BDCC7D8FE6,-74
1223511699536220,ef3b3dd2e003,-92
1223511801123210,ef3b3dd2a011,-96
1223511848747694,ef3b3dd2a012,-97
1223511856185507,ef3b3dd2a013,-98
1223511869787696,F80332EDA645,-93
1223511877241967,E9BDCC7D8FE6,-84
1223511942655151,ef3b3dd2a019,-89
1223512035119379,ef3b3dd2a015,-105
1223512078446414,F80332EDA645,-94
1223512082236675,E9BDCC7D8FE6,-75
1223512108420219,ef3b3dd2e003,-91
1223512149954859,ef3b3dd2a019,-89
1223512165232204,6859b8e6126b,-75
1223512181893612,ef3b3dd2a018,-98
1223512207597000,ef3b3dd2a011,-94
1223512260320599,ef3b3dd2a012,-97
1223512282895029,F80332EDA645,-80
1223512290910186,E9BDCC7D8FE6,-78
1223512349874150,ef3b3dd2a019,-90
1223512386725768,ef3b3dd2a018,-97
1223512467236714,C69294C41E47,-102
1223512498122654,E9BDCC7D8FE6,-76
1223512523103646,ef3b3dd2e003,-88
1223512555834379,ef3b3dd2a019,-101
1223512657185014,6859b8e6126b,-79
1223512690235955,F80332EDA645,-86
1223512701641424,E9BDCC7D8FE6,-84
1223512735806792,ef3b3dd2e003,-88
1223512799461486,ef3b3dd2a018,-100
1223512895864204,F80332EDA645,-82
1223512910418008,E9BDCC7D8FE6,-76
1223513096476151,F80332EDA645,-84
1223513121182664,E9BDCC7D8FE6,-76
1223513158395376,6859b8e6126b,-78
1223513176148190,ef3b3dd2e007,-93
1223513301321536,F80332EDA645,-87
1223513324900757,E9BDCC7D8FE6,-85
1223513364423990,ef3b3dd2e003,-97
1223513405516859,ef3b3dd2a018,-98
1223513503229629,F80332EDA645,-90
1223513529744371,E9BDCC7D8FE6,-80
1223513580527502,ef3b3dd2a019,-89
1223513581677814,ef3b3dd2e007,-100
1223513606809379,ef3b3dd2a018,-95
1223513660720218,6859b8e6126b,-74
1223513702850014,ef3b3dd2a013,-96
1223513733170069,ef3b3dd2a002,-103
1223513737351528,E9BDCC7D8FE6,-77
1223513787824397,ef3b3dd2a019,-88
1223513849940653,ef3b3dd2a011,-102
1223513938530298,E9BDCC7D8FE6,-83
1223514124665524,F80332EDA645,-96
1223514140627870,E9BDCC7D8FE6,-77
1223514159843028,6859b8e6126b,-76
1223514177465530,ef3b3dd2a005,-98
1223514329292264,F80332EDA645,-94
1223514352829558,ef3b3dd2a002,-95
1223514354408985,E9BDCC7D8FE6,-77
1223514529642336,F80332EDA645,-90
1223514553674213,E9BDCC7D8FE6,-78
1223514559124734,ef3b3dd2a002,-97
1223514631240158,ef3b3dd2a018,-93
1223514667575474,6859b8e6126b,-84
1223514759136994,E9BDCC7D8FE6,-76
1223514940407116,F80332EDA645,-92
1223514962057222,E9BDCC7D8FE6,-72
1223515160301461,6859b8e6126b,-77
1223515172490316,ef3b3dd2e007,-100
1223515176981254,ef3b3dd2a002,-92
1223515250840220,ef3b3dd2a018,-90
1223515335399291,ef3b3dd2a012,-91
1223515372530857,E9BDCC7D8FE6,-91
1223515388822473,ef3b3dd2a002,-98
1223515437746437,ef3b3dd2e007,-98
1223515577665096,E9BDCC7D8FE6,-78
1223515628073799,ef3b3dd2a005,-96
1223515664276928,6859b8e6126b,-76
1223515692123545,ef3b3dd2a011,-97
1223515750867978,F80332EDA645,-89
1223515787586211,E9BDCC7D8FE6,-75
1223515827868767,ef3b3dd2a019,-86
1223515859750489,ef3b3dd2a018,-84
1223515960691905,F80332EDA645,-87
1223515989249929,ef3b3dd2e007,-89
1223515995791232,E9BDCC7D8FE6,-74
1223515999648368,ef3b3dd2a002,-100
1223516040143997,ef3b3dd2a019,-80
1223516068000562,ef3b3dd2a018,-83
1223516080163428,ef3b3dd2e003,-99
1223516117099421,ef3b3dd2e007,-90
1223516130301974,ef3b3dd2a015,-106
1223516152045101,ef3b3dd2a012,-91
1223516165638644,ef3b3dd2a013,-100
1223516166452238,F80332EDA645,-91
1223516167289061,6859b8e6126b,-78
1223516197192450,E9BDCC7D8FE6,-69
1223516291410220,ef3b3dd2e003,-95
1223516403245595,E9BDCC7D8FE6,-70
1223516582051342,ef3b3dd2a013,-100
1223516632927597,ef3b3dd2a014,-100
1223516643959109,ef3b3dd2e007,-95
1223516664216975,6859b8e6126b,-80
1223516783700894,F80332EDA645,-88
1223516785032352,ef3b3dd2e007,-92
1223516819686262,E9BDCC7D8FE6,-80
1223516844462462,ef3b3dd2a019,-84
1223516911330906,ef3b3dd2e007,-91
1223517017829250,E9BDCC7D8FE6,-86
1223517056491285,ef3b3dd2a019,-83
1223517089885247,ef3b3dd2a018,-80
1223517130282543,ef3b3dd2e003,-105
1223517163288900,6859b8e6126b,-84
1223517202070310,ef3b3dd2a013,-90
1223517265916462,ef3b3dd2a019,-97
1223517331468865,ef3b3dd2e003,-98
1223517337629022,ef3b3dd2e001,-102
1223517374052671,ef3b3dd2a012,-94
1223517420893040,E9BDCC7D8FE6,-82
1223517459202992,ef3b3dd2a019,-87
1223517471530337,ef3b3dd2e007,-92
1223517474306848,ef3b3dd2a005,-107
1223517501797267,ef3b3dd2a018,-92
1223517545205865,ef3b3dd2e003,-101
1223517599042694,ef3b3dd2e007,-92
1223517629750509,E9BDCC7D8FE6,-76
1223517659163741,ef3b3dd2a019,-95
1223517665726138,6859b8e6126b,-89
1223517746173125,ef3b3dd2e003,-102
1223517784782243,ef3b3dd2a012,-95
1223517837498759,E9BDCC7D8FE6,-77
1223518020418152,ef3b3dd2a013,-101
1223518021664038,F80332EDA645,-94
1223518045671592,E9BDCC7D8FE6,-77
1223518161010718,ef3b3dd2e003,-97
1223518194252024,ef3b3dd2a012,-90
1223518223847131,ef3b3dd2a013,-98
1223518226277079,F80332EDA645,-95
1223518244460622,E9BDCC7D8FE6,-73
1223518398288034,ef3b3dd2e007,-101
1223518433147881,ef3b3dd2a013,-97
1223518438125225,F80332EDA645,-90
1223518448983768,E9BDCC7D8FE6,-77
1223518611116284,ef3b3dd2a012,-100
1223518651641757,E9BDCC7D8FE6,-76
1223518709164471,ef3b3dd2a006,-105
1223518848731985,ef3b3dd2a013,-98
1223518855026204,E9BDCC7D8FE6,-84
1223518999207677,ef3b3dd2e003,-105
1223519064993829,E9BDCC7D8FE6,-82
1223519150479567,ef3b3dd2a018,-96
1223519165088579,6859b8e6126b,-84
1223519271710985,E9BDCC7D8FE6,-82
1223519295556717,ef3b3dd2a019,-102
1223519479408766,E9BDCC7D8FE6,-88
1223519488658507,ef3b3dd2a008,-101
1223519631625761,ef3b3dd2e003,-98
1223519666218108,6859b8e6126b,-91
1223519681019776,ef3b3dd2a013,-91
1223519690251183,E9BDCC7D8FE6,-82
1223519882232348,ef3b3dd2a013,-92
1223520059612834,ef3b3dd2e003,-97
1223520095718723,ef3b3dd2a013,-90
1223520099620495,E9BDCC7D8FE6,-88
1223520111000652,ef3b3dd2a019,-93
1223520295416504,ef3b3dd2a013,-94
1223520451524176,ef3b3dd2a012,-97
1223520518111734,ef3b3dd2a019,-92
1223520555450696,ef3b3dd2a005,-98
1223520661482478,6859b8e6126b,-105
1223520685421230,F80332EDA645,-104
1223520713084670,E9BDCC7D8FE6,-89
1223520721648161,ef3b3dd2a019,-95
1223520770403426,ef3b3dd2e007,-98
1223520905534012,ef3b3dd2a013,-104
1223520918303910,E9BDCC7D8FE6,-81
1223520957119070,ef3b3dd2a005,-98
1223521121121378,E9BDCC7D8FE6,-82
1223521125202472,ef3b3dd2a002,-102
1223521173289352,ef3b3dd2e007,-99
1223521299103635,F80332EDA645,-98
1223521304355927,ef3b3dd2e007,-98
1223521317872595,ef3b3dd2a013,-100
1223521328742336,E9BDCC7D8FE6,-89
1223521666703567,6859b8e6126b,-90
1223521698176071,ef3b3dd2a016,-104
1223521699394248,ef3b3dd2e007,-97
1223521720472948,F80332EDA645,-101
1223521737033470,E9BDCC7D8FE6,-82
1223521835716397,ef3b3dd2e007,-105
1223521920487291,ef3b3dd2e003,-96
1223521941426720,E9BDCC7D8FE6,-86
1223522105621892,ef3b3dd2a012,-96
1223522124294707,F80332EDA645,-96
1223522130827468,ef3b3dd2e001,-106
1223522139231167,ef3b3dd2a013,-100
1223522145397157,E9BDCC7D8FE6,-88
1223522176108254,ef3b3dd2a019,-99
1223522317409674,ef3b3dd2a012,-99
1223522323660820,F80332EDA645,-97
1223522346485354,ef3b3dd2a013,-99
1223522371467075,ef3b3dd2a019,-105
1223522456986355,ef3b3dd2a018,-98
1223522521521205,ef3b3dd2a012,-98
1223522551048760,E9BDCC7D8FE6,-86
1223522660805385,ef3b3dd2a018,-99
1223522665914188,6859b8e6126b,-84
1223522723319766,ef3b3dd2a012,-90
1223522758603260,E9BDCC7D8FE6,-87
1223522778067584,ef3b3dd2a019,-95
1223522929680360,ef3b3dd2a012,-95
1223522938465934,F80332EDA645,-91
1223522940665049,ef3b3dd2e003,-104
1223522962434999,E9BDCC7D8FE6,-90
1223523129119286,ef3b3dd2a012,-89
1223523142564340,F80332EDA645,-97
1223523162516894,ef3b3dd2a013,-102
1223523163620592,6859b8e6126b,-96
1223523169135644,E9BDCC7D8FE6,-88
1223523378077280,E9BDCC7D8FE6,-86
1223523394138687,ef3b3dd2a019,-97
1223523499964479,ef3b3dd2a018,-91
1223523532347607,ef3b3dd2a012,-98
1223523569724070,ef3b3dd2e003,-105
1223523601900427,ef3b3dd2a019,-101
1223523704029083,ef3b3dd2a018,-94
1223523735618669,ef3b3dd2a012,-98
1223523747627733,F80332EDA645,-100
1223523769262423,ef3b3dd2a013,-104
1223523790416383,E9BDCC7D8FE6,-91
1223523909864208,ef3b3dd2a018,-93
1223523936641450,ef3b3dd2a012,-106
1223523950996712,F80332EDA645,-94
1223523977307912,ef3b3dd2a013,-103
1223523999467289,E9BDCC7D8FE6,-87
1223524008459009,ef3b3dd2a019,-99
1223524130392094,ef3b3dd2a018,-98
1223524156096003,F80332EDA645,-92
1223524162087045,6859b8e6126b,-80
1223524188079600,ef3b3dd2a013,-105
1223524215718509,ef3b3dd2a019,-99
1223524336689667,ef3b3dd2a012,-101
1223524364753055,F80332EDA645,-88
1223524401639413,ef3b3dd2e003,-104
1223524547891407,ef3b3dd2a012,-100
1223524594353859,ef3b3dd2a013,-102
1223524607391777,ef3b3dd2e003,-92
1223524622902456,ef3b3dd2a019,-100
1223524666840064,6859b8e6126b,-94
1223524808036120,ef3b3dd2e007,-101
1223524814108516,E9BDCC7D8FE6,-101
1223524963133427,ef3b3dd2a012,-102
1223525020112287,E9BDCC7D8FE6,-88
1223525032909997,ef3b3dd2e003,-94
1223525125107297,ef3b3dd2a011,-102
1223525157343811,ef3b3dd2a018,-93
1223525161081259,6859b8e6126b,-80
1223525362773988,ef3b3dd2a018,-100
1223525393931543,F80332EDA645,-98
1223525421341910,E9BDCC7D8FE6,-84
1223525439436808,ef3b3dd2a005,-102
1223525445822694,ef3b3dd2e003,-93
1223525665302560,6859b8e6126b,-73
1223525774533300,ef3b3dd2a018,-92
1223525826796326,E9BDCC7D8FE6,-96
1223526159314744,6859b8e6126b,-81
1223526190851362,ef3b3dd2a018,-94
1223526217001469,F80332EDA645,-98
1223526225119490,E9BDCC7D8FE6,-90
1223526417498207,F80332EDA645,-90
1223526476623109,ef3b3dd2e003,-85
1223526606523747,ef3b3dd2a018,-95
1223526621070051,F80332EDA645,-88
1223526633236510,E9BDCC7D8FE6,-94
1223526681416619,ef3b3dd2e003,-92
1223526825508144,F80332EDA645,-89
1223527164403855,6859b8e6126b,-77
1223527238351102,F80332EDA645,-87
1223527242118706,E9BDCC7D8FE6,-90
1223527301487254,ef3b3dd2e003,-87
1223527443920185,F80332EDA645,-94
1223527445338414,E9BDCC7D8FE6,-85
1223527513896494,ef3b3dd2e003,-92
1223527649851664,E9BDCC7D8FE6,-87
1223527666652290,6859b8e6126b,-83
1223527690979636,ef3b3dd2a019,-94
1223527812151471,ef3b3dd2a012,-101
1223527851932309,E9BDCC7D8FE6,-86
1223527926443879,ef3b3dd2e003,-90
1223528021103680,ef3b3dd2a012,-101
1223528053020141,F80332EDA645,-83
1223528060107954,E9BDCC7D8FE6,-87
1223528137152545,ef3b3dd2e003,-86
1223528162533590,6859b8e6126b,-72
1223528263072141,E9BDCC7D8FE6,-88
1223528662101608,6859b8e6126b,-74
1223528667982130,F80332EDA645,-86
1223528680248224,E9BDCC7D8FE6,-88
1223528754287919,ef3b3dd2e003,-83
1223528830526312,ef3b3dd2a012,-98
1223528872050692,F80332EDA645,-90
1223528886491526,E9BDCC7D8FE6,-87
1223528968202784,ef3b3dd2e003,-84
1223529077003733,F80332EDA645,-88
1223529162535981,6859b8e6126b,-76
1223529180438014,ef3b3dd2e003,-89
1223529280790316,F80332EDA645,-95
1223529289214483,E9BDCC7D8FE6,-90
1223529601370556,ef3b3dd2e003,-89
1223529672256292,6859b8e6126b,-71
1223529703028274,E9BDCC7D8FE6,-88
1223529899630533,F80332EDA645,-87
1223529906041159,E9BDCC7D8FE6,-98
1223530012485336,ef3b3dd2e003,-89
1223530106457012,F80332EDA645,-88
1223530107955294,E9BDCC7D8FE6,-84
1223530149802850,ef3b3dd2a019,-98
1223530159321705,6859b8e6126b,-71
1223530541435806,ef3b3dd2a018,-96
1223530556776693,ef3b3dd2a019,-97
1223530640359149,ef3b3dd2e003,-89
1223530660528734,6859b8e6126b,-76
1223530713183896,E9BDCC7D8FE6,-95
1223530716080563,F80332EDA645,-84
1223531067767317,ef3b3dd2a011,-98
1223531125681645,E9BDCC7D8FE6,-90
1223531158036284,6859b8e6126b,-76
1223531174597900,ef3b3dd2a018,-102
1223531351315418,ef3b3dd2a002,-104
1223531368794951,ef3b3dd2a005,-103
1223531376848545,ef3b3dd2a019,-98
1223531493380171,ef3b3dd2a012,-102
1223531520498924,F80332EDA645,-84
1223531540171582,E9BDCC7D8FE6,-86
1223531556975490,ef3b3dd2a002,-105
1223531664713991,6859b8e6126b,-81
1223531722178944,F80332EDA645,-89
1223531741934988,E9BDCC7D8FE6,-96
1223531968100687,ef3b3dd2a002,-103
1223531987163137,ef3b3dd2a018,-100
1223532096645440,ef3b3dd2e003,-91
1223532148937737,E9BDCC7D8FE6,-87
1223532167403780,6859b8e6126b,-78
1223532187896595,ef3b3dd2a008,-100
1223532193608679,ef3b3dd2a019,-91
1223532339782131,F80332EDA645,-100
1223532399163491,ef3b3dd2a019,-98
1223532404088439,ef3b3dd2a005,-102
1223532406810262,ef3b3dd2a018,-96
1223532545832307,F80332EDA645,-102
1223532555513194,E9BDCC7D8FE6,-89
1223532617351690,ef3b3dd2a008,-101
1223532622288148,ef3b3dd2a019,-103
1223532673995966,6859b8e6126b,-78
1223532699722167,ef3b3dd2a011,-103
1223532750000870,F80332EDA645,-98
1223532759778318,E9BDCC7D8FE6,-100
1223532970555735,E9BDCC7D8FE6,-80
